,diamond,diamond,diamond,diamond,diamond,diamond,diamond,diamond,diamond,diamond,diamond,diamond,diamond,diamond,diamond,diamond,diamond,diamond,diamond,diamond,diamond,diamond,diamond,diamond,diamond,diamond,diamond,diamond,diamond,diamond,diamond,diamond,direct_neighbor,direct_neighbor,direct_neighbor,direct_neighbor,direct_neighbor,direct_neighbor,direct_neighbor,direct_neighbor,direct_neighbor,direct_neighbor,direct_neighbor,direct_neighbor,direct_neighbor,direct_neighbor,direct_neighbor,direct_neighbor,direct_neighbor,direct_neighbor,direct_neighbor,direct_neighbor,direct_neighbor,direct_neighbor,direct_neighbor,direct_neighbor,direct_neighbor,direct_neighbor,direct_neighbor,direct_neighbor,direct_neighbor,direct_neighbor,direct_neighbor,direct_neighbor,gcn,gcn,gcn,gcn,gcn,gcn,gcn,gcn,gcn,gcn,gcn,gcn,gcn,gcn,gcn,gcn,gcn,gcn,gcn,gcn,gcn,gcn,gcn,gcn,gcn,gcn,gcn,gcn,gcn,gcn,gcn,gcn,lci,lci,lci,lci,lci,lci,lci,lci,lci,lci,lci,lci,lci,lci,lci,lci,lci,lci,lci,lci,lci,lci,lci,lci,lci,lci,lci,lci,lci,lci,lci,lci,node2vec,node2vec,node2vec,node2vec,node2vec,node2vec,node2vec,node2vec,node2vec,node2vec,node2vec,node2vec,node2vec,node2vec,node2vec,node2vec,node2vec,node2vec,node2vec,node2vec,node2vec,node2vec,node2vec,node2vec,node2vec,node2vec,node2vec,node2vec,node2vec,node2vec,node2vec,node2vec,random_walk,random_walk,random_walk,random_walk,random_walk,random_walk,random_walk,random_walk,random_walk,random_walk,random_walk,random_walk,random_walk,random_walk,random_walk,random_walk,random_walk,random_walk,random_walk,random_walk,random_walk,random_walk,random_walk,random_walk,random_walk,random_walk,random_walk,random_walk,random_walk,random_walk,random_walk,random_walk
,AUROC,AUROC,AUROC,AUROC,AUROC,AUROC,AUROC,AUROC,Mean Average Precision,Mean Average Precision,Mean Average Precision,Mean Average Precision,Mean Average Precision,Mean Average Precision,Mean Average Precision,Mean Average Precision,Recall-at-100,Recall-at-100,Recall-at-100,Recall-at-100,Recall-at-100,Recall-at-100,Recall-at-100,Recall-at-100,Recall-at-25,Recall-at-25,Recall-at-25,Recall-at-25,Recall-at-25,Recall-at-25,Recall-at-25,Recall-at-25,AUROC,AUROC,AUROC,AUROC,AUROC,AUROC,AUROC,AUROC,Mean Average Precision,Mean Average Precision,Mean Average Precision,Mean Average Precision,Mean Average Precision,Mean Average Precision,Mean Average Precision,Mean Average Precision,Recall-at-100,Recall-at-100,Recall-at-100,Recall-at-100,Recall-at-100,Recall-at-100,Recall-at-100,Recall-at-100,Recall-at-25,Recall-at-25,Recall-at-25,Recall-at-25,Recall-at-25,Recall-at-25,Recall-at-25,Recall-at-25,AUROC,AUROC,AUROC,AUROC,AUROC,AUROC,AUROC,AUROC,Mean Average Precision,Mean Average Precision,Mean Average Precision,Mean Average Precision,Mean Average Precision,Mean Average Precision,Mean Average Precision,Mean Average Precision,Recall-at-100,Recall-at-100,Recall-at-100,Recall-at-100,Recall-at-100,Recall-at-100,Recall-at-100,Recall-at-100,Recall-at-25,Recall-at-25,Recall-at-25,Recall-at-25,Recall-at-25,Recall-at-25,Recall-at-25,Recall-at-25,AUROC,AUROC,AUROC,AUROC,AUROC,AUROC,AUROC,AUROC,Mean Average Precision,Mean Average Precision,Mean Average Precision,Mean Average Precision,Mean Average Precision,Mean Average Precision,Mean Average Precision,Mean Average Precision,Recall-at-100,Recall-at-100,Recall-at-100,Recall-at-100,Recall-at-100,Recall-at-100,Recall-at-100,Recall-at-100,Recall-at-25,Recall-at-25,Recall-at-25,Recall-at-25,Recall-at-25,Recall-at-25,Recall-at-25,Recall-at-25,AUROC,AUROC,AUROC,AUROC,AUROC,AUROC,AUROC,AUROC,Mean Average Precision,Mean Average Precision,Mean Average Precision,Mean Average Precision,Mean Average Precision,Mean Average Precision,Mean Average Precision,Mean Average Precision,Recall-at-100,Recall-at-100,Recall-at-100,Recall-at-100,Recall-at-100,Recall-at-100,Recall-at-100,Recall-at-100,Recall-at-25,Recall-at-25,Recall-at-25,Recall-at-25,Recall-at-25,Recall-at-25,Recall-at-25,Recall-at-25,AUROC,AUROC,AUROC,AUROC,AUROC,AUROC,AUROC,AUROC,Mean Average Precision,Mean Average Precision,Mean Average Precision,Mean Average Precision,Mean Average Precision,Mean Average Precision,Mean Average Precision,Mean Average Precision,Recall-at-100,Recall-at-100,Recall-at-100,Recall-at-100,Recall-at-100,Recall-at-100,Recall-at-100,Recall-at-100,Recall-at-25,Recall-at-25,Recall-at-25,Recall-at-25,Recall-at-25,Recall-at-25,Recall-at-25,Recall-at-25
,count,mean,std,min,25%,50%,75%,max,count,mean,std,min,25%,50%,75%,max,count,mean,std,min,25%,50%,75%,max,count,mean,std,min,25%,50%,75%,max,count,mean,std,min,25%,50%,75%,max,count,mean,std,min,25%,50%,75%,max,count,mean,std,min,25%,50%,75%,max,count,mean,std,min,25%,50%,75%,max,count,mean,std,min,25%,50%,75%,max,count,mean,std,min,25%,50%,75%,max,count,mean,std,min,25%,50%,75%,max,count,mean,std,min,25%,50%,75%,max,count,mean,std,min,25%,50%,75%,max,count,mean,std,min,25%,50%,75%,max,count,mean,std,min,25%,50%,75%,max,count,mean,std,min,25%,50%,75%,max,count,mean,std,min,25%,50%,75%,max,count,mean,std,min,25%,50%,75%,max,count,mean,std,min,25%,50%,75%,max,count,mean,std,min,25%,50%,75%,max,count,mean,std,min,25%,50%,75%,max,count,mean,std,min,25%,50%,75%,max,count,mean,std,min,25%,50%,75%,max,count,mean,std,min,25%,50%,75%,max
"('data', 'class')",,,,,,,,,,,,,,,,,,,,,,,,,,,,,,,,,,,,,,,,,,,,,,,,,,,,,,,,,,,,,,,,,,,,,,,,,,,,,,,,,,,,,,,,,,,,,,,,,,,,,,,,,,,,,,,,,,,,,,,,,,,,,,,,,,,,,,,,,,,,,,,,,,,,,,,,,,,,,,,,,,,,,,,,,,,,,,,,,,,,,,,,,,,,,,,,
acquired metabolic ,14.0,0.5282819182097551,0.028201084395801816,0.49303653497980604,0.5119185508454583,0.522285729938256,0.5434668201150429,0.5749628490506444,14.0,0.009142255630546768,0.016570646065040363,4.640801930573604e-05,0.0004932668585891534,0.001964368160345258,0.005367960119969515,0.055631717486918295,14.0,0.042479504622361774,0.049585177832542765,0.0,0.0,0.023392857142857146,0.08124999999999999,0.14222222222222225,14.0,0.024954212454212456,0.03508636983731775,0.0,0.0,0.010096153846153847,0.03125,0.115,14.0,0.6513233081244174,0.06927385686946527,0.5545436609256765,0.5822653243776049,0.661554832477343,0.6922247586807815,0.7533044410270747,14.0,0.002194596854717465,0.0015375796338515837,0.00045716101118157003,0.0012743801981642306,0.0020015403307762428,0.0025260065428424766,0.006105080583941165,14.0,0.03191544566544567,0.053875254082582986,0.0,0.0,0.012019230769230772,0.043750000000000004,0.2,14.0,0.0007936507936507935,0.002969569354582493,0.0,0.0,0.0,0.0,0.01111111111111111,14.0,0.60913567461484,0.09898158128894605,0.4832018012162852,0.5421166419939235,0.5882581382914834,0.6991625336292102,0.7783310901749664,14.0,0.007389194854474382,0.010980207851240261,0.0007606241919308646,0.002058778466526121,0.004974375208776886,0.007362966058969146,0.0441925117902035,14.0,0.08575968079539509,0.07792450016261199,0.0,0.03279807692307692,0.05261904761904762,0.14583333333333331,0.2333333333333333,14.0,0.022073260073260076,0.029464654559653577,0.0,0.0,0.007846153846153845,0.03125,0.09,14.0,0.7839668313074034,0.07252918361995445,0.5830219117032635,0.7658889712153936,0.7974390965683802,0.827526517920972,0.8860872359536641,14.0,0.012429031318788713,0.013920003691893652,0.0004906438300478964,0.004302197580282541,0.006786331928418094,0.01581843404068781,0.05007696105991832,14.0,0.09431584685156115,0.07542481673508337,0.0,0.050115384615384624,0.0826388888888889,0.13083333333333336,0.23,14.0,0.03954731379731379,0.04639814500784778,0.0,0.003125,0.026692307692307696,0.060416666666666674,0.16499999999999998,14.0,0.6930372928004076,0.0991614399046663,0.4969035792210205,0.6493892302357711,0.7074203830731668,0.7703507467950457,0.8238185480321647,14.0,0.0033338706321991984,0.002965840246682525,0.00026965051035749067,0.0011455695150188892,0.002493378862360514,0.004576273081396693,0.010655114588661193,14.0,0.04081052677481249,0.03851291342614054,0.0,0.015625,0.029166666666666667,0.05532692307692308,0.12,14.0,0.009095368916797488,0.011465920595509948,0.0,0.0,0.003846153846153847,0.013482142857142856,0.03333333333333333,14.0,0.7748741748062552,0.07116446002154662,0.6301262708323662,0.7576038722786396,0.7853560445531329,0.8217413198839821,0.8710678980832599,14.0,0.00851816611867741,0.006368508746471699,0.0009103765445274617,0.005072048372103875,0.007403756071843681,0.010168806017314248,0.020802067087923447,14.0,0.09362720216291645,0.08347881370651332,0.0,0.03853846153846154,0.06775793650793652,0.12083333333333335,0.3,14.0,0.04189037153322868,0.054006485039263474,0.0,0.005384615384615385,0.022976190476190476,0.056249999999999994,0.2
benign neoplasm,10.0,0.5629461823434712,0.043793614383321154,0.5055354239256677,0.5430371856372178,0.54361100990562,0.5881892891653773,0.6442172924305007,10.0,0.014440426802715525,0.019859306587178487,0.00031178223813775965,0.0013881753711535764,0.005133822113622193,0.01782147547436314,0.05055046786744675,10.0,0.10261904761904764,0.07557997804564845,0.0,0.037500000000000006,0.1,0.17738095238095242,0.2,10.0,0.06,0.06488356142513971,0.0,0.004166666666666667,0.04166666666666667,0.1,0.2,10.0,0.7218255748884435,0.09616412538742056,0.5851510651134728,0.6513615422272943,0.7305509881562857,0.7761411482358027,0.8992203090917529,10.0,0.0017031631868584622,0.001816029810168248,0.0004902010778205274,0.0006433316291889489,0.0009818596588993327,0.0016073886053449755,0.006353284867887829,10.0,0.04,0.08432740427115679,0.0,0.0,0.0,0.0,0.2,10.0,0.005,0.015811388300841896,0.0,0.0,0.0,0.0,0.05,10.0,0.6897038672622366,0.14266382752348206,0.4663245561076798,0.6039145346967334,0.6942403479326347,0.7759907236791075,0.9499280642316796,10.0,0.03101976798591205,0.043193132163475915,0.0012367595387833027,0.0062740068876744525,0.013884634174190238,0.022966647479398215,0.12142958224726133,10.0,0.17761904761904762,0.12954364927417844,0.03333333333333333,0.1,0.12142857142857143,0.27499999999999997,0.4,10.0,0.07059523809523809,0.060531288694861934,0.0,0.027083333333333334,0.0738095238095238,0.1,0.2,10.0,0.8525401886313799,0.07642362102881504,0.7436905369657029,0.8120517321711458,0.8456027369754061,0.9185990455850888,0.9693043115050821,10.0,0.04464311762546046,0.07203036887817278,0.0029254381965062052,0.00766625903408002,0.016786564769650708,0.03129160790679565,0.2346174602525449,10.0,0.26154761904761903,0.1442830622104214,0.1,0.13303571428571428,0.25,0.38333333333333336,0.5,10.0,0.12226190476190475,0.12663400392414917,0.0,0.007738095238095239,0.07083333333333333,0.2375,0.3,10.0,0.7395141346611697,0.05748133585033149,0.620032840722496,0.7162386909274294,0.732449993038474,0.7799475331035703,0.8208789933135214,10.0,0.004185193576648904,0.004813098278888203,0.0004593857694940908,0.001728000678938991,0.0027530640844574024,0.004553781168297616,0.017235981964946242,10.0,0.08119047619047619,0.06446135128918501,0.0,0.033928571428571426,0.08333333333333333,0.11249999999999999,0.2,10.0,0.02226190476190476,0.03246240339477004,0.0,0.0,0.007142857142857142,0.03125,0.1,10.0,0.8562128210638734,0.06975030769594086,0.7532051877661633,0.8053812913719147,0.8456699024658856,0.8924940214980144,0.9720610757878128,10.0,0.020431424766872028,0.032573218997741,0.0009185075200552393,0.002368658729446929,0.008294614103741415,0.019132777951286817,0.10653059751589766,10.0,0.18761904761904763,0.15791377358907246,0.0,0.054166666666666675,0.12976190476190474,0.33749999999999997,0.4,10.0,0.07559523809523809,0.08783611612281385,0.0,0.00625,0.04047619047619048,0.1,0.25
cancer,60.0,0.5796783645785606,0.05500068749958952,0.493031035123583,0.5433058673489239,0.5689688412156755,0.6119046377853504,0.7456455132073722,60.0,0.014619644689905445,0.026282810369360005,5.105075966009834e-05,0.0025388382598739295,0.006831668473172653,0.012950947652645997,0.16185816259569036,60.0,0.10733028594730719,0.09193969221233282,0.0,0.03645833333333333,0.09388888888888888,0.15,0.4,60.0,0.05287001394980118,0.067082313883497,0.0,0.0,0.03333333333333333,0.06666666666666668,0.35,60.0,0.7095568792687211,0.0778695066281739,0.5681527036435368,0.6629489282749931,0.7026289853553174,0.7481346924579039,0.9486552028218694,60.0,0.0015820015054513414,0.0012775863990150253,0.00019440173152051598,0.0007917053667605425,0.0012865061830791844,0.0016943191534547848,0.007597043326624589,60.0,0.01975,0.0435377350021206,0.0,0.0,0.0,0.00625,0.15,60.0,0.0008333333333333334,0.006454972243679032,0.0,0.0,0.0,0.0,0.05,60.0,0.6883870651413357,0.124588555218292,0.3659393714312241,0.6028438280034111,0.6810678926021623,0.7825244427824349,0.9303397382344752,60.0,0.022375025546003305,0.0292846306712298,0.00013452363272008574,0.004390614070403212,0.01280293012404338,0.0220546536131797,0.13924878098358912,60.0,0.13919715120380013,0.10258652914379797,0.0,0.07696428571428572,0.1273989898989899,0.18749999999999994,0.4,60.0,0.06676863045347088,0.0750770068001864,0.0,0.0,0.04553571428571429,0.1,0.3,60.0,0.8356956118232565,0.06862395189332848,0.6263870841325825,0.8017400641580619,0.8431099560314477,0.8741231776327117,0.9759189640768591,60.0,0.02193622895421332,0.02900178837829837,0.000454778674779601,0.005900558660359769,0.012273244891020128,0.02498836476552607,0.1403557918886469,60.0,0.17400590804979105,0.1340092625702835,0.0,0.08676739926739925,0.15,0.2041666666666667,0.6,60.0,0.07922242050699496,0.09240009950104446,0.0,0.00625,0.04863636363636364,0.1,0.4,60.0,0.7397660638080488,0.08736132653665303,0.5075284120207083,0.684986587870362,0.7375893184670139,0.8084180196778121,0.9175113710201429,60.0,0.007367204284389954,0.014242061727307563,0.00013995760267646523,0.0012773509980818166,0.002833266880029131,0.0063892631859734025,0.0694157517961809,60.0,0.05319374980811151,0.06844796031230989,0.0,0.0,0.03333333333333333,0.07708333333333332,0.4,60.0,0.02436483054967098,0.05202904010842707,0.0,0.0,0.0,0.031547619047619054,0.35,60.0,0.8320254248264993,0.06657460061604949,0.6243167708268877,0.7978497022351076,0.8332821271197577,0.8725646112587557,0.9874431448992852,60.0,0.014921704692055488,0.0199444324041095,0.0008874780742899012,0.004271409928944014,0.006348135182075718,0.011861466113990743,0.10056706301372756,60.0,0.13233574714292798,0.12953451195535653,0.0,0.054017857142857145,0.09833333333333333,0.2,0.6,60.0,0.05424844693328736,0.0842146424548083,0.0,0.0,0.02305555555555556,0.05133928571428572,0.4
cardiovascular system ,46.0,0.547397926867643,0.05874868772411035,0.4930294158650496,0.502665546426655,0.5289684058547415,0.5675750600984831,0.7191433809877461,46.0,0.014725599916951807,0.024004453022660365,4.640801930573604e-05,0.00043665977333108075,0.0024100801635382517,0.015815996848657775,0.07526100589431464,46.0,0.07600801092323714,0.09868354140442735,0.0,0.0,0.03333333333333333,0.11145833333333334,0.3833333333333333,46.0,0.05563671356962212,0.08773934130460868,0.0,0.0,0.012438423645320195,0.08333333333333333,0.31666666666666665,46.0,0.6630919844343837,0.08364382279399019,0.4877796342708624,0.605658963780009,0.663236221553795,0.7097072748992334,0.8804517387065323,46.0,0.002188663860796273,0.0020153332564975825,4.640801930573604e-05,0.000972488703137836,0.0015945217644061157,0.0026031044079200118,0.009628271305781264,46.0,0.0434083850931677,0.08155885242481896,0.0,0.0,0.0,0.05,0.3,46.0,0.0028985507246376816,0.011278925954736627,0.0,0.0,0.0,0.0,0.05,46.0,0.6220263345274366,0.11908941684659426,0.3794784606814595,0.5461342173833958,0.6211649770312558,0.7127511950619575,0.882373833511305,46.0,0.016977840223999924,0.02793548553882452,0.00011925038141618897,0.002339463985125435,0.006459174880533819,0.0187038916290563,0.12968915200074765,46.0,0.13429659740412453,0.14810109794643092,0.0,0.036250000000000004,0.08833333333333333,0.15,0.65,46.0,0.04483625356916652,0.06001549445440995,0.0,0.0,0.02,0.05,0.2,46.0,0.8165032385514033,0.08169321481047812,0.5159472755963984,0.8026615288502638,0.8302593382880565,0.8638265148398494,0.9208364300755604,46.0,0.023537363744367993,0.033931024068756276,0.0002150603499836003,0.0044924869662732025,0.0083587224638028,0.023206570265644925,0.14600272262483155,46.0,0.15348567137999627,0.12423714560723895,0.0,0.06477272727272727,0.11502805145046523,0.2,0.4833333333333333,46.0,0.07431682983947292,0.08932053337611501,0.0,0.0,0.03802339901477833,0.11249999999999999,0.3,46.0,0.7449046268629796,0.08362032681462246,0.5538615056158915,0.6950921241936233,0.7522519684546546,0.7985507048745656,0.9164545398241051,46.0,0.009713829260714122,0.01566000389726872,0.0002503866261521365,0.0014378905778630335,0.003348586526124313,0.008424377623288935,0.06528950152296907,46.0,0.08825753519344225,0.11180949300097219,0.0,0.0020833333333333333,0.045751231527093594,0.12083333333333333,0.45,46.0,0.03137722805264035,0.054119287433492036,0.0,0.0,0.0,0.03125,0.2,46.0,0.8118482168109528,0.06373574933733289,0.6277870602432006,0.7789290163202587,0.8104024596947936,0.8505377967005078,0.9140366759517178,46.0,0.009566103657156075,0.015500836526637285,0.0003777469883607485,0.0025518385814624917,0.004624626277327993,0.009093313658222394,0.08211193146402454,46.0,0.12290847302984619,0.12811000285321741,0.0,0.04493055555555556,0.07525252525252527,0.2,0.55,46.0,0.04152960602713668,0.0701977727652708,0.0,0.0,0.0029411764705882357,0.05,0.3
cognitive disorder,10.0,0.5268024889610792,0.026744326944616176,0.4930355650478225,0.5163638863442461,0.5236199020173,0.5372771657700536,0.5858303151312532,10.0,0.006949026082497407,0.008675530103023806,5.569393093524347e-05,0.0008666944396705055,0.005234833387591263,0.009459529866478892,0.02894797745071805,10.0,0.044537301466978534,0.05426165488396457,0.0,0.005726481958762886,0.037351190476190475,0.052000000000000005,0.18333333333333326,10.0,0.02651780045351474,0.041423684286801474,0.0,0.0,0.011394557823129252,0.03420833333333333,0.13333333333333333,10.0,0.6602185638316032,0.07577552289816523,0.4924065908563472,0.6179760035618941,0.6851498325870162,0.7114459789849571,0.7460041316559118,10.0,0.0024749119365735767,0.0023764374499327156,5.569393093524347e-05,0.0008997819637747025,0.0019110641268856345,0.002889554472419529,0.008052579988668256,10.0,0.016176303854875285,0.03322563438349818,0.0,0.0,0.0010416666666666667,0.005197704081632652,0.1,10.0,0.0002040816326530612,0.0006453627877894651,0.0,0.0,0.0,0.0,0.002040816326530612,10.0,0.6303619749662894,0.08151402830449997,0.4198811403101496,0.627883224219938,0.63632332369603,0.6715916089330024,0.7063692493384709,10.0,0.01828400451617274,0.0305737035712329,0.0002672934928287994,0.0018011010747659957,0.008963020561626726,0.017659196376933042,0.10160651065445972,10.0,0.05827904256204199,0.053380406141221026,0.0,0.030452641752577322,0.04965986394557823,0.06557843137254901,0.18333333333333326,10.0,0.02992202702386797,0.051843031980031255,0.0,0.0,0.009638888888888888,0.015691405428150642,0.15,10.0,0.790644207994732,0.07462899051154773,0.6341680204223717,0.753967473439604,0.8039134003997093,0.8269560686870585,0.9111926094424586,10.0,0.012378632006115418,0.006519197989815613,0.0018085350848957397,0.009214487316531877,0.012070808430428973,0.014998803946416627,0.022766145076838502,10.0,0.129349644376651,0.09660932406642272,0.05,0.059637188208616784,0.08658333333333335,0.18541666666666667,0.35,10.0,0.06990992706360895,0.079345600702407,0.0,0.016166666666666666,0.03436426116838488,0.09583333333333334,0.25,10.0,0.744246335504003,0.09535128614292987,0.5079557061937041,0.7128400383215593,0.7621124850477226,0.8021254467360313,0.841687943920895,10.0,0.01849373036604916,0.019630067699316113,0.00025275673945369704,0.005230753265557952,0.010372781323503659,0.023039281317643098,0.05318347245485668,10.0,0.07666840045296469,0.062481568934153714,0.0,0.04500472508591065,0.05,0.11397058823529413,0.2,10.0,0.03785643424036282,0.034491355440827404,0.0,0.011718749999999998,0.033205782312925175,0.05,0.1,10.0,0.7853615126745883,0.0600204215506811,0.6700046414481318,0.7463833037675554,0.7946161289704141,0.8277412284774902,0.8666078640731628,10.0,0.011620445282349092,0.005182442476756138,0.0006398842029918168,0.009374582653028261,0.012865663782818408,0.013734898355598138,0.01964881458022792,10.0,0.08850434637772633,0.0735988737612969,0.0,0.03540051020408164,0.05,0.15,0.2,10.0,0.049641411564625856,0.047919444699338884,0.0,0.014239583333333332,0.03333333333333333,0.08750000000000001,0.13333333333333333
endocrine system ,24.0,0.5544361932943843,0.07700468839478543,0.4930339478939302,0.5183493101608869,0.5433828531599418,0.5684494901003541,0.8731604846571654,24.0,0.03983741060485036,0.10145827022978532,5.105075966009834e-05,0.0008903559926217659,0.0075896206169239816,0.028042842948675897,0.4954143589684916,24.0,0.10282407407407407,0.15246612188189002,0.0,0.0125,0.08472222222222223,0.11624999999999999,0.75,24.0,0.08030092592592593,0.15468684095467683,0.0,0.0,0.03361111111111111,0.1,0.75,24.0,0.652397095690293,0.10582351276459281,0.4837853527144382,0.5857009421702404,0.6328475284288698,0.6861689516573413,0.9726324218931344,24.0,0.006961987430847329,0.012743104011645887,0.00011144389502420296,0.00089888881617711,0.0017270932525059936,0.003441851385338185,0.052844298588641724,24.0,0.09751999158249158,0.18206719455251255,0.0,0.0,0.03787878787878787,0.1,0.85,24.0,0.03951388888888889,0.09744499150166756,0.0,0.0,0.0,0.01125,0.4,24.0,0.621126918687741,0.1444776799176873,0.3148728007056311,0.5141423153916931,0.6116887991410079,0.703183683104448,0.9705375794995591,24.0,0.023599603987442565,0.05044074989315063,0.00010195295106340898,0.0018236431589702012,0.0036453355958881214,0.006750357580674382,0.2030263563848176,24.0,0.1209922138047138,0.1779732062668186,0.0,0.015,0.095,0.13125,0.85,24.0,0.04551767676767677,0.08522347866439092,0.0,0.0,0.0,0.05,0.3,24.0,0.7983987298335151,0.0967700639987008,0.6296423100134627,0.7245715622121237,0.7949103693117426,0.8775588020047961,0.976723457592498,24.0,0.03163444498352277,0.05969677657451856,0.00017850349633053892,0.0034613172119066053,0.00774523489581804,0.026038316490107665,0.2649126206105107,24.0,0.19118055555555555,0.20254210462651423,0.0,0.07125,0.15833333333333333,0.25,0.95,24.0,0.11570601851851851,0.1606830682983729,0.0,0.0,0.05833333333333334,0.175,0.75,24.0,0.7130947801826398,0.12540171468818526,0.4973661004362758,0.6449236151609506,0.7072010139605203,0.7959462273514458,0.9815468176964858,24.0,0.02599004958821166,0.11100216997376999,0.00019764425580385083,0.0010335802330343838,0.00248070597250981,0.004306274395617839,0.5467986749377083,24.0,0.09947916666666667,0.16567199793495116,0.0,0.015,0.05,0.11250000000000002,0.8,24.0,0.03738425925925926,0.14296196499217811,0.0,0.0,0.0,0.0,0.7,24.0,0.7960111034377939,0.09263955461306725,0.5752751079537539,0.7422579865316721,0.7749510344171313,0.8637215088268324,0.9787219720532938,24.0,0.031430079007226774,0.09511467026769675,0.0004015301258639008,0.0034001174087869078,0.0055121345807140724,0.015260402066941561,0.4726729936273572,24.0,0.17423295454545454,0.20515132821750756,0.0,0.05,0.1,0.1875,0.85,24.0,0.08285879629629629,0.13732465712471084,0.0,0.0,0.05,0.08229166666666665,0.6
gastrointestinal system ,35.0,0.5515903511683202,0.06398585124877658,0.4930336243730261,0.4930384740335082,0.5265034683512944,0.5936184287626334,0.6949765541575748,35.0,0.020790436581747312,0.039090948962920945,4.640801930573604e-05,0.00010447353189934575,0.0018948375675538359,0.021973089302523043,0.14898505730966022,35.0,0.09028573807145235,0.11505876357025649,0.0,0.0,0.03333333333333333,0.1318181818181818,0.36666666666666653,35.0,0.06452961324389896,0.10164149121482323,0.0,0.0,0.0,0.1,0.35,35.0,0.6618547591075146,0.09658079982525458,0.4870161514898357,0.6011065129455555,0.661820418775245,0.7206958220553354,0.8217953479734434,35.0,0.0037671227136521213,0.004778010420509831,4.640801930573604e-05,0.0009380205788236914,0.0021167612853045747,0.0038247763507654087,0.02072498478200483,35.0,0.08005555555555556,0.09324429206608234,0.0,0.0,0.05,0.14166666666666666,0.3083333333333333,35.0,0.018666666666666668,0.04569149174956595,0.0,0.0,0.0,0.0,0.2,35.0,0.6112780747830769,0.1470902496414893,0.2402362606758262,0.528335894518155,0.5962916511829555,0.6739022975168254,0.9438808672640328,35.0,0.02417354416985242,0.0484044304990665,6.952973459104013e-05,0.001619876930787568,0.0065020528036646204,0.017514630762878305,0.2175182523883635,35.0,0.15538126159554733,0.15862299860814097,0.0,0.05,0.1,0.21666666666666667,0.5,35.0,0.07277866577866578,0.10222809812934604,0.0,0.0,0.017424242424242425,0.1,0.3333333333333333,35.0,0.7870324534337411,0.09957538284558168,0.5203856685385435,0.7365668496064657,0.7922760830199193,0.855636923600011,0.9562421653744372,35.0,0.032470118939945926,0.04912373183070198,0.0001457526703066555,0.0018513023705341077,0.009225901234474523,0.040176463810038865,0.18950930603800176,35.0,0.18641740006025717,0.18722118317508044,0.0,0.014285714285714284,0.1037878787878788,0.33333333333333326,0.6,35.0,0.10823402787688503,0.14454949395420547,0.0,0.0,0.048076923076923066,0.16875,0.45,35.0,0.7204562190225321,0.13592510038071287,0.2458294652803565,0.6552727562575605,0.7481550243676027,0.8044589371241211,0.902536551404038,35.0,0.010597248812698622,0.01928144214774897,9.499921686075727e-05,0.001232117467234751,0.002169293721539966,0.005650473321763925,0.0901216005586922,35.0,0.0771624803767661,0.10245073579419364,0.0,0.0,0.05,0.1,0.45,35.0,0.03160866910866911,0.0694035253950292,0.0,0.0,0.0,0.037500000000000006,0.35,35.0,0.7853923953500912,0.09198780552863339,0.5992433385943738,0.7219562569058702,0.8070997539804112,0.8570187026197118,0.9434560564557316,35.0,0.021708366247497904,0.03729679255945462,0.00017949493127982348,0.002193995439180996,0.005727885435474119,0.02488376016036559,0.1686300309625884,35.0,0.1505533038390181,0.1564220221636936,0.0,0.02954545454545455,0.1,0.20833333333333331,0.5,35.0,0.07391592534449677,0.10153909309454365,0.0,0.0,0.016025641025641024,0.125,0.35
hematopoietic system ,21.0,0.5803686747235037,0.08250435877188268,0.4930287679509225,0.5265486862681346,0.5683351128028967,0.5942842550030181,0.8223945035049441,21.0,0.03142683074796262,0.05537800802517285,7.427092644376604e-05,0.0011647164949045142,0.00890487276387193,0.037116354201462434,0.2420598231412131,21.0,0.14357142857142857,0.15125244324407322,0.0,0.04,0.1,0.2,0.65,21.0,0.08626984126984129,0.14846240148968579,0.0,0.0,0.03333333333333333,0.1,0.65,21.0,0.7138282664720118,0.10369633948902127,0.489468554188907,0.6539386054579809,0.7079943233740689,0.7913351929335193,0.8929120241411328,21.0,0.007671297657868682,0.011536534868871228,5.569393093524347e-05,0.0017274248166001909,0.0028808788833835502,0.0076933564631117045,0.04413108953281898,21.0,0.12555555555555556,0.19176977902721834,0.0,0.0,0.03333333333333333,0.18333333333333326,0.7,21.0,0.036111111111111115,0.10108210817247824,0.0,0.0,0.0,0.025,0.45,21.0,0.6737922921983182,0.12554229923987703,0.4884556397267277,0.619094770785855,0.6559506115497754,0.789513291482601,0.8932764623955431,21.0,0.019495459718909584,0.026307475748713657,0.0004880543651512613,0.004724778686100051,0.009431892150470224,0.022139440453833988,0.11644282997617675,21.0,0.22912698412698407,0.2060573133914844,0.0,0.06666666666666668,0.2,0.35,0.7,21.0,0.0734920634920635,0.09121693428595978,0.0,0.0,0.05,0.1,0.4,21.0,0.8362443791748676,0.07616141018029651,0.6838272836984776,0.8125356224638354,0.8282304870687656,0.8707836219302726,0.965818245125348,21.0,0.053084678214867495,0.06594537108668531,0.0011356481894752865,0.0147915426726558,0.037347635703163656,0.058319047123304935,0.2980291263655069,21.0,0.2951587301587302,0.20767422723122062,0.0,0.15,0.26666666666666666,0.35,0.75,21.0,0.19857142857142857,0.159111496297308,0.0,0.06666666666666668,0.18,0.3,0.55,21.0,0.7929174374494834,0.08397234019873313,0.6812128666914222,0.7230341125621602,0.7737299817241273,0.8459356575832133,0.9648607242339832,21.0,0.014743911268816459,0.02381182898750003,0.0008620114679944854,0.0021262279494282986,0.0034484786040211344,0.013789380461063852,0.09540818711493193,21.0,0.13301587301587303,0.18258834927509826,0.0,0.016666666666666666,0.06666666666666668,0.15,0.7,21.0,0.058888888888888886,0.09925882738988413,0.0,0.0,0.0,0.05,0.3,21.0,0.8403381349880296,0.06817208454343905,0.7132658744894169,0.7887402038224453,0.843334726284998,0.891325843739845,0.9600923605309571,21.0,0.02074424014429496,0.026390945409871164,0.00039010011342503005,0.004557167128812632,0.016633369476469585,0.02488212590084548,0.1273341291791586,21.0,0.21619047619047616,0.18400116459258775,0.0,0.05833333333333333,0.175,0.3,0.75,21.0,0.08634920634920636,0.09565362722927136,0.0,0.025,0.06000000000000001,0.1,0.4
immune system ,17.0,0.5394951506400719,0.05477810326905835,0.4930355650478225,0.4930381509328877,0.5179057348502438,0.5682944098802117,0.6446866295264624,17.0,0.01389735981397612,0.02828707511593703,4.640155909238551e-05,6.962603088540491e-05,0.0010367388399519538,0.005316728289790012,0.1029783028860328,17.0,0.07267634326457856,0.09240540659279022,0.0,0.0,0.016666666666666666,0.10454545454545454,0.3,17.0,0.04184491978609626,0.05590653057530908,0.0,0.0,0.016666666666666666,0.05,0.2,17.0,0.6424171797503154,0.11842647090653022,0.4740171733580877,0.5599800359397399,0.6360192243950945,0.7120381115959521,0.8648159324079663,17.0,0.0038748976909387333,0.0044747079642109945,5.105075966009834e-05,0.0010037433431637638,0.002227788406804021,0.0047927254442870935,0.017032485613514014,17.0,0.08246753246753247,0.09920149207577175,0.0,0.0,0.05952380952380953,0.1,0.3,17.0,0.023529411764705882,0.05337850415553393,0.0,0.0,0.0,0.0,0.2,17.0,0.6446462614559025,0.13230374024816058,0.3958783940589464,0.5447673878725972,0.7046490209736087,0.7508452104739807,0.8132776230269266,17.0,0.00917377410605448,0.01160857381918093,0.00020448119626951158,0.0015375929633532695,0.0019339851391106196,0.0131720290961846,0.038650053505449374,17.0,0.09708428826075885,0.10411252929634987,0.0,0.0,0.05,0.1595238095238095,0.3,17.0,0.04607206518971225,0.06957485492423834,0.0,0.0,0.0,0.05,0.2,17.0,0.7967012356836135,0.09600978876951582,0.6429392236976507,0.7041042005105593,0.7874802674343021,0.864374274436963,0.959883478018662,17.0,0.02965888611541641,0.03416412008005128,0.0005169209078378968,0.0036287414174237314,0.01084494997905073,0.05900880343999896,0.10696324655235834,17.0,0.19988540870893812,0.18917600506439883,0.0,0.1,0.15,0.25,0.7,17.0,0.1154952890247008,0.16186080863802976,0.0,0.0,0.05,0.15,0.55,17.0,0.7551565790024116,0.11148793464620371,0.5365543488350506,0.6792804739968668,0.7534037613187834,0.8510005571547963,0.9550960735171262,17.0,0.012275913799733393,0.01730554172997563,0.00027610665895633213,0.002661211377544209,0.004742688569655078,0.010731865146584372,0.05735178575646215,17.0,0.14630124777183598,0.10937144672052111,0.0,0.0537878787878788,0.14285714285714285,0.2,0.35,17.0,0.046638655462184875,0.05403935079094581,0.0,0.0,0.016666666666666666,0.1,0.15,17.0,0.8294679368320469,0.07702368010504883,0.6978498197473583,0.7743232576496262,0.8146474185051409,0.8930540970459088,0.9547258715937048,17.0,0.014367501102610758,0.023036628288967853,0.0004258669834251426,0.0012296989757277367,0.008590021681414869,0.015008421172514996,0.09601853308349352,17.0,0.16829640947288005,0.18018086405333678,0.0,0.014285714285714284,0.13484848484848486,0.2857142857142857,0.7,17.0,0.0866883116883117,0.10719916859446049,0.0,0.0,0.05,0.14285714285714285,0.4
inherited metabolic disorder,10.0,0.6054619986447187,0.10577501777264908,0.4930355650478225,0.5181832395938892,0.5645285905187781,0.7082049278804912,0.7708610040403103,10.0,0.03091076535774054,0.03271986753442723,6.0337533191168777e-05,0.0007167454244123842,0.0246839823343217,0.0535635343319208,0.07684804906441177,10.0,0.20250000000000004,0.1905178939134972,0.0,0.04583333333333334,0.125,0.3812500000000001,0.4666666666666666,10.0,0.15,0.17391639824998364,0.0,0.0,0.08333333333333333,0.25,0.45,10.0,0.706372506641589,0.12802751148530106,0.4939333457111029,0.6224274764031884,0.7241551949194445,0.7888948447319677,0.9226613415068344,10.0,0.027016760669218355,0.03940701464266195,6.0337533191168777e-05,0.002338428499703542,0.007399421073447969,0.03777112035407128,0.12380753750483516,10.0,0.2828333333333333,0.3015741110315082,0.0,0.013333333333333332,0.2,0.5125000000000001,0.85,10.0,0.10750000000000001,0.1568620727790603,0.0,0.0,0.020833333333333336,0.2,0.4,10.0,0.7039554590505909,0.17505507357180555,0.4477395098403267,0.6101274922817994,0.6929868477981472,0.8463249454706336,0.9631333302373102,10.0,0.05373181040292827,0.057967043243217824,0.0007243406688753757,0.008784476966104536,0.03071559811068819,0.0850619289502545,0.15603998159015955,10.0,0.3225,0.2985057953818371,0.0,0.10416666666666667,0.2,0.5187499999999999,0.8833333333333332,10.0,0.215,0.20663380861852576,0.0,0.06875,0.125,0.36875,0.5666666666666667,10.0,0.8435053416363838,0.10589430022923206,0.6321037236512211,0.8231436238753047,0.8690186045504256,0.9117185753432125,0.967626851121118,10.0,0.03710428690482258,0.06201097235629921,0.0010362084330214124,0.0029825945935459267,0.02006262767398682,0.037131466455091765,0.20747511044253394,10.0,0.31416666666666665,0.31333653465661687,0.0,0.01666666666666667,0.2958333333333333,0.5375,0.8833333333333332,10.0,0.1525,0.18467731283658861,0.0,0.004166666666666667,0.09166666666666666,0.21875,0.55,10.0,0.8101803411570201,0.11107708100856864,0.6183118209675922,0.7941110400345133,0.8180483793401802,0.866567161820186,0.9805190482824812,10.0,0.028966092374768316,0.03250945136966814,0.00026346269620947875,0.0026765080341207433,0.020995187320356427,0.038710533214806254,0.09557272059192692,10.0,0.3016666666666667,0.32379405892108737,0.0,0.08333333333333333,0.1,0.5125000000000001,0.9166666666666666,10.0,0.13666666666666666,0.18754423346552895,0.0,0.0,0.03333333333333333,0.2125,0.5,10.0,0.8430882934515594,0.0881334536366611,0.6824206054415451,0.811066504272745,0.8412031723578394,0.8805628794130986,0.9700060350030176,10.0,0.038290381064706655,0.04795750054705406,0.000528200806763661,0.010192160895854905,0.023422001014978145,0.03175968543272643,0.1470649146927832,10.0,0.2808333333333333,0.288623007989212,0.0,0.05,0.14999999999999997,0.4937500000000001,0.85,10.0,0.1341666666666667,0.15498157994889844,0.0,0.037500000000000006,0.09166666666666667,0.17500000000000002,0.5
integumentary system ,20.0,0.5562957059071552,0.061106443927494626,0.49303297724105893,0.5040469827732471,0.543346230226927,0.5973508235287304,0.6704664655372475,20.0,0.0297724387658092,0.06167852862579265,6.0337533191168777e-05,0.0005499001409306395,0.0032694860269195285,0.02558687177167608,0.2583658217469128,20.0,0.10376190476190476,0.1207946646029491,0.0,0.0,0.07166666666666668,0.13833333333333334,0.35,20.0,0.06911111111111111,0.10403278335695652,0.0,0.0,0.016666666666666666,0.08000000000000002,0.35,20.0,0.6774053190373875,0.09044050104572997,0.4886743408837727,0.6023523394837046,0.694187748625444,0.7557690280372725,0.7962771322333256,20.0,0.004864436889158381,0.006300291133692587,6.0337533191168777e-05,0.001218414187434509,0.0016260932449654922,0.005648563631562929,0.022969310779663712,20.0,0.08324999999999999,0.11636751886885491,0.0,0.0,0.03111111111111111,0.15416666666666665,0.45,20.0,0.030416666666666668,0.05806800560423788,0.0,0.0,0.0,0.0125,0.15833333333333333,20.0,0.6016566476751001,0.13870274123552467,0.2675837820274787,0.5133028711806971,0.5973081332908902,0.6872666106280072,0.8653984918164784,20.0,0.01580854054243917,0.02679705122902618,8.165892057654362e-05,0.0010397471465836824,0.0034676458343214454,0.016364158183705322,0.11179867392964987,20.0,0.1180575396825397,0.1371755434046639,0.0,0.0,0.054047619047619046,0.22333333333333333,0.4,20.0,0.05356746031746031,0.08748526843445563,0.0,0.0,0.013888888888888888,0.06666666666666668,0.3,20.0,0.8038507263312917,0.0986038646422143,0.5421718343854438,0.7318674813257603,0.8219505478010788,0.8737949133288453,0.9373044971457744,20.0,0.04728262950260562,0.06618144892123641,0.00014099613971178986,0.0071736910739119905,0.0203657664488794,0.057535783348329705,0.2689899174668007,20.0,0.2249563492063492,0.14813902070258686,0.0,0.13472222222222222,0.21944444444444444,0.3091666666666667,0.55,20.0,0.12552777777777774,0.12985828170292263,0.0,0.037500000000000006,0.10500000000000001,0.18749999999999994,0.55,20.0,0.7203257321715796,0.1233118899804944,0.3900389899740066,0.6894255909264866,0.7227091556381084,0.7843985828954172,0.901427245300534,20.0,0.012060134189142728,0.02344415402773294,9.742689146789504e-05,0.001530175585168969,0.00407673456644862,0.008419609076196596,0.09700505205177663,20.0,0.10248412698412698,0.14080841612483247,0.0,0.0,0.05,0.1375,0.55,20.0,0.06357539682539684,0.12330432528630392,0.0,0.0,0.02111111111111111,0.1,0.55,20.0,0.7987696799594121,0.1024971168728192,0.4892765967322689,0.7608097779734903,0.82532813437626,0.8717745934227238,0.9181742237898548,20.0,0.02564716505985757,0.056877271708877276,0.00015482439732132964,0.004426616724807253,0.011691268479154707,0.019874424678623617,0.2629310999240007,20.0,0.18707142857142858,0.1344566470175385,0.0,0.08035714285714285,0.15833333333333333,0.25416666666666665,0.45,20.0,0.09716666666666667,0.1059449419946182,0.0,0.02777777777777778,0.05,0.1395833333333333,0.4
monogenic ,17.0,0.5732939252979558,0.09336322731070484,0.4930352416771139,0.5055432913510247,0.5432005940777871,0.5944075741402515,0.7706331523000511,17.0,0.04516167336355218,0.07095321192197777,4.640801930573604e-05,0.00025649951333116624,0.0013519785106082046,0.0731068871245991,0.24915821494900456,17.0,0.1337254901960784,0.18349191002807627,0.0,0.0,0.04,0.2,0.5,17.0,0.10196078431372547,0.15398439145074905,0.0,0.0,0.0,0.15,0.4833333333333333,17.0,0.7234106663159494,0.12721216297696852,0.5792142393019586,0.6251207000603501,0.6669906353116142,0.8485682461595582,0.9742213247922759,17.0,0.028519255601469305,0.07175171457889624,0.00033198020298143836,0.0016395183338486535,0.002909750286543205,0.004946614639259451,0.2273684197602891,17.0,0.14199346405228758,0.2193782476478268,0.0,0.0,0.025,0.2,0.7,17.0,0.08333333333333334,0.19956550024713407,0.0,0.0,0.0,0.05,0.6166666666666666,17.0,0.6836934408801612,0.1659965744455003,0.44188173041217976,0.5521436538550913,0.6833147684024877,0.8177941517753539,0.9900965510838788,17.0,0.04386818356846417,0.08220103271499445,0.00022756805558226266,0.0029601557046504104,0.00523948061244784,0.03591334249454318,0.29708131241155794,17.0,0.1938888888888889,0.20077838498340206,0.0,0.05,0.1111111111111111,0.25,0.65,17.0,0.12764705882352942,0.16880200723646274,0.0,0.0,0.05,0.2,0.5,17.0,0.8240836982137146,0.11224891838667156,0.6213138720007425,0.7663857547476436,0.8150132305835383,0.9168574551904792,0.9966160701852111,17.0,0.06840922696311608,0.10061707534420701,0.0006776690918555108,0.003914431564865455,0.01823453890633257,0.0752817567914479,0.3825649738577776,17.0,0.3360457516339869,0.260381803766608,0.0,0.15,0.35,0.5,0.95,17.0,0.21098039215686273,0.21615569461322431,0.0,0.0,0.1,0.4,0.6,17.0,0.7744310220302362,0.12046940275377817,0.5774531191979205,0.7660984262525008,0.774136730715678,0.8344189609545476,0.9626679358593362,17.0,0.05027097850755125,0.09338650179360007,0.00018803799668315344,0.001631942073437934,0.008781423372239635,0.027635217924656258,0.36105518921629504,17.0,0.18480392156862743,0.22966300973211964,0.0,0.05,0.1,0.2,0.7,17.0,0.11290849673202615,0.17317985653299064,0.0,0.0,0.05,0.1111111111111111,0.5,17.0,0.846287142412996,0.09616812995572448,0.6809645376903082,0.7784414740555092,0.8485214242607121,0.9410566590351258,0.9964211112658404,17.0,0.061637946256564824,0.0872902110397297,0.00125162341494364,0.004782872654107792,0.027558388417854258,0.059343672659448524,0.285512395663748,17.0,0.26970588235294113,0.29144171997809587,0.0,0.075,0.1,0.5,0.95,17.0,0.17911764705882352,0.21401430836046112,0.0,0.02,0.1,0.3333333333333333,0.6
musculoskeletal system ,27.0,0.5474944359725922,0.10637189910239149,0.4930206588498046,0.49303798936758103,0.5107291675261771,0.5326647429126725,0.9481806367771279,27.0,0.02518392580291475,0.07675840476827699,5.105075966009834e-05,7.42711420542065e-05,0.0008714359802164064,0.00548656318181674,0.38194838863064745,27.0,0.09510513240088404,0.19540945823763076,0.0,0.0,0.017647058823529408,0.06166666666666666,0.8,27.0,0.07544381332780026,0.16705343620691973,0.0,0.0,0.0,0.04642857142857143,0.6,27.0,0.6410827953747736,0.1003623172749421,0.4925845982453697,0.5869485637135048,0.605415485430125,0.6916891990265537,0.9486377981992016,27.0,0.006071170205749809,0.014459242412505487,4.639510067736847e-05,0.0010935480698825882,0.0019530953338935727,0.004414550842464823,0.07101057507816495,27.0,0.086048604627036,0.1786451500357614,0.0,0.0,0.025,0.1,0.9,27.0,0.035626102292768955,0.1181033641477151,0.0,0.0,0.0,0.0,0.6,27.0,0.6279036048856869,0.12930902284820975,0.4477975304874172,0.5618755082636737,0.6041773033186354,0.6694748539590415,0.9371739534020236,27.0,0.012286546366086335,0.02237492997687556,0.000277684971759319,0.002437082505384958,0.0047812973861696955,0.011530203815484651,0.11390156013667264,27.0,0.16997688132492053,0.24024995362725066,0.0,0.04020833333333333,0.1,0.1875,0.9,27.0,0.04825479349989154,0.07864063013073057,0.0,0.0,0.011764705882352941,0.05,0.35,27.0,0.779086556655524,0.10820872009727696,0.4324483638895336,0.7329239944351758,0.7730463383939095,0.8385554865679955,0.9936275874872368,27.0,0.02481784468870692,0.047807236346862084,0.0005456877032375605,0.0023359087404711334,0.004662273423067886,0.01400697044225025,0.1883340708972966,27.0,0.17642292438861065,0.21136193341443826,0.0,0.05,0.09301470588235294,0.21875,0.8,27.0,0.08660274547529451,0.17719692848985938,0.0,0.0,0.0,0.07166666666666667,0.65,27.0,0.6998076793459823,0.11301440766471874,0.5376560686934324,0.6218938606368283,0.7022931661636097,0.740560620454026,0.9834191961384946,27.0,0.010198981565367306,0.029356956685014812,0.00016815706731074175,0.0005018789411119726,0.0016548486729558655,0.0072181060092696165,0.15231072892972314,27.0,0.10028954342679833,0.22653971206914056,0.0,0.0,0.016666666666666666,0.06985294117647059,0.9,27.0,0.039812134730435385,0.10233123339286754,0.0,0.0,0.0,0.02426470588235294,0.5,27.0,0.7761249652096498,0.07861172305523635,0.6486468294494475,0.7296914543780538,0.7676274018379281,0.8178366861809382,0.9863222871994802,27.0,0.02786119180364925,0.09661732893091524,0.00043405225521867176,0.001993620647945435,0.003534742722295337,0.013133373467175169,0.5070188974987306,27.0,0.1371529369323487,0.21662578179237849,0.0,0.005,0.05625,0.125,0.9,27.0,0.06527557319223987,0.15700013910907493,0.0,0.0,0.00625,0.0625,0.8
nervous system ,93.0,0.5449959735359493,0.06008685389553435,0.4930339478939302,0.4930400890868597,0.5266929865304226,0.5605549101610905,0.8202548391588914,93.0,0.016973090060146908,0.03827326187164356,4.639725328260567e-05,0.00011144389502420296,0.0026429452088590037,0.017705478644123675,0.30003712770772706,93.0,0.0750916823910686,0.10184553614024194,0.0,0.0,0.04722222222222222,0.1,0.45,93.0,0.048631707305944585,0.08438761696963003,0.0,0.0,0.007240259740259739,0.05178571428571428,0.45,93.0,0.643831201700391,0.086107970658258,0.4861198811403102,0.5841775384186824,0.6588603068265628,0.6973313214950785,0.8803917924893534,93.0,0.0033088943431772125,0.004008501007965697,4.639725328260567e-05,0.000899698746664718,0.0018353976281935199,0.003971657537739449,0.018319474066688664,93.0,0.0713263305221854,0.10431997283409043,0.0,0.0,0.025,0.1,0.55,93.0,0.008822975600229686,0.023457340292412667,0.0,0.0,0.0,0.0,0.1,93.0,0.5912165149262524,0.10434035556518369,0.2637005059648145,0.5235584288964205,0.5886325639715785,0.6589163923250865,0.9171478301229984,93.0,0.019323106139737957,0.03690825441661881,0.00012491480524175596,0.001581363343365523,0.00598599317629109,0.016962518911480356,0.2349990243988539,93.0,0.12376244408937934,0.12707296906728047,0.0,0.02575757575757576,0.1,0.16666666666666666,0.7,93.0,0.0508996880457014,0.08085494009406163,0.0,0.0,0.0125,0.05984848484848485,0.45,93.0,0.7792960839691149,0.09109989445949947,0.4669439840901558,0.7394082551768967,0.8055759419118127,0.8341672099087353,0.926855591143295,93.0,0.02549588000850813,0.0408788166939336,0.0001978629783876317,0.0032733504482642213,0.012720156841588984,0.026323018589572304,0.20973244042200426,93.0,0.17093753692324512,0.1503446773165077,0.0,0.05833333333333333,0.15,0.2333333333333333,0.7,93.0,0.08359341773685426,0.10433238294333647,0.0,0.0,0.04722222222222222,0.10833333333333332,0.6,93.0,0.6842485025830585,0.1168026252749207,0.3558505453701555,0.6082717837356089,0.6831761795456928,0.7568009277733441,0.9573713039038202,93.0,0.007182230797550436,0.013082554513863698,8.659268894699812e-05,0.0009718102392466027,0.002904623993817135,0.007515073122595785,0.08460422663631338,93.0,0.07271804011784078,0.11019077308930189,0.0,0.0,0.03666666666666667,0.1,0.7,93.0,0.026953000627753545,0.06449853477172082,0.0,0.0,0.0,0.025,0.5,93.0,0.7791058374403667,0.07698247482065576,0.5627634388636154,0.7433053325288904,0.7890295025037595,0.8266914938048169,0.9376356949283778,93.0,0.010144318050719248,0.010719706948953517,0.00021631148084455225,0.002753858402841596,0.006595406238528912,0.013578608227015182,0.05292020248445802,93.0,0.13179198948082796,0.11952392029367252,0.0,0.05,0.1,0.2,0.5,93.0,0.04071938119101777,0.060777224153989305,0.0,0.0,0.025,0.05,0.4
reproductive system ,8.0,0.52762765471816,0.025324986928447934,0.4930326536299875,0.5088064480622511,0.5267083344586384,0.5433665370894358,0.5720919166085406,8.0,0.015884877130907138,0.016737994557182716,0.00013003987450605956,0.004044315632576172,0.008387022921307018,0.028167186684857414,0.04457914561130183,8.0,0.049702380952380956,0.039564307994961585,0.0,0.025,0.05,0.07023809523809525,0.11666666666666667,8.0,0.03416666666666667,0.023687784005919827,0.0,0.025,0.03666666666666667,0.05,0.06666666666666668,8.0,0.65725733389981,0.06272617932619602,0.5449184820474707,0.6369056563169422,0.6581600176406774,0.685842175480846,0.7370188328295745,8.0,0.003045855512811932,0.003828337223787169,0.00034688994917923696,0.001349589735985487,0.0016605623393864673,0.002582867295530473,0.012176169807687437,8.0,0.03937499999999999,0.06385709181134992,0.0,0.0,0.0033333333333333327,0.052083333333333336,0.15,8.0,0.0140625,0.03499840557592793,0.0,0.0,0.0,0.003125,0.1,8.0,0.5745818705324219,0.11070359431249342,0.4298000201803816,0.5117185126306387,0.5541874347507405,0.6213224467771156,0.7932973727040223,8.0,0.005437312207993006,0.005282514460597973,0.00048488161556727537,0.001655998996229042,0.002761579411378627,0.009473359561749384,0.013680323937980918,8.0,0.05201388888888889,0.04315340068747435,0.0,0.02152777777777778,0.04166666666666667,0.08214285714285713,0.12047619047619047,8.0,0.014543650793650793,0.018814127760174406,0.0,0.0,0.005555555555555555,0.025,0.04523809523809523,8.0,0.7410512164380187,0.10729323352168618,0.5113109883478019,0.7076208823329642,0.7888695631087175,0.7995455931213385,0.8365716500038751,8.0,0.007900375216248052,0.008299653159495213,0.0003915833117742064,0.00427333389583833,0.005970838771666748,0.008478768262251461,0.0269308948990696,8.0,0.07550099206349206,0.057103298450934786,0.0,0.04500000000000001,0.07926587301587301,0.10160714285714284,0.16666666666666666,8.0,0.03226190476190476,0.043000892706623765,0.0,0.010714285714285713,0.0225,0.02886904761904762,0.13333333333333333,8.0,0.6885988804284837,0.08550274927399294,0.5579450973106044,0.6563949074114046,0.6873493063409767,0.7239507284798439,0.8297733860342558,8.0,0.002858906922259317,0.00231385812286066,0.00047087783704709133,0.0010489074336981056,0.001874669247573007,0.004823762669952976,0.0061428743847676244,8.0,0.02541666666666667,0.028986707072602442,0.0,0.0,0.016666666666666666,0.04726190476190477,0.06666666666666668,8.0,0.01529761904761905,0.024276292023070058,0.0,0.0,0.0,0.0275,0.06666666666666668,8.0,0.7495365622856573,0.07794323678108629,0.6207466164947815,0.7045654957106496,0.7614242512869895,0.7820083357117573,0.8756293885142991,8.0,0.014041501251438136,0.021194723600427907,0.001080738807270877,0.0051842651632980075,0.00624253549785694,0.011438715828486924,0.06561766757386092,8.0,0.09179067460317461,0.0673358977940165,0.04861111111111111,0.058928571428571414,0.06666666666666668,0.08452380952380953,0.25,8.0,0.04480654761904762,0.0482577882814639,0.0,0.015,0.03708333333333333,0.05238095238095238,0.15
respiratory system ,21.0,0.5313842594028559,0.0378525415610255,0.4930368582304336,0.5054828740065993,0.51815006498329,0.5433342636524329,0.6365987958147599,21.0,0.012636726743486712,0.03402809443769501,4.6405865701424656e-05,0.0002651109623221145,0.0018142955138923304,0.003548235768216677,0.11629177066360186,21.0,0.05403331561226299,0.07674400539838978,0.0,0.0,0.025,0.06666666666666668,0.2833333333333333,21.0,0.033761930077719556,0.07229798618184921,0.0,0.0,0.0,0.025,0.2833333333333333,21.0,0.6451865025084264,0.09450914370113465,0.4885392006684306,0.5979081632653062,0.6684569677838642,0.7075767514918152,0.7737596809169764,21.0,0.0024256972165318047,0.0036407761455806613,4.6405865701424656e-05,0.0005584988560995159,0.001057936810377492,0.0028934721622198662,0.01522495940728116,21.0,0.0451984126984127,0.09321864410334237,0.0,0.0,0.0,0.03333333333333333,0.3,21.0,0.015873015873015876,0.047864447045853256,0.0,0.0,0.0,0.0,0.2,21.0,0.6317924764146527,0.10296188975348776,0.4231895716024174,0.5540571906044007,0.6466979597527536,0.6884022652369679,0.8326966813645857,21.0,0.018306560419253538,0.018985658415702274,0.0001712278889212807,0.004404045789355472,0.012623410126027121,0.021105734121371938,0.06628738924500696,21.0,0.11214361661730084,0.09830355359886127,0.0,0.025,0.1,0.15,0.3333333333333333,21.0,0.06551910078225869,0.07996904003562197,0.0,0.0,0.05,0.1,0.3,21.0,0.7682042706209528,0.10807723575866206,0.491815987373503,0.7162232188502115,0.7902141330111074,0.8383226824044326,0.8965117898254734,21.0,0.022776407730074236,0.037415366192383434,0.00025932578473741543,0.002976542549898583,0.009073429286147136,0.01992681762338761,0.15083854287151527,21.0,0.12769537480063797,0.11439713334219835,0.0,0.021111111111111112,0.12397660818713448,0.19166666666666665,0.4333333333333333,21.0,0.06478196754512544,0.08734578157947509,0.0,0.0,0.04444444444444444,0.075,0.3333333333333333,21.0,0.705337273383393,0.10617018162238488,0.4032889239624919,0.6918053167263094,0.7297172003532091,0.7726850777442562,0.8358232651796778,21.0,0.007455828743714868,0.01420595847434549,0.00031145590626091964,0.001062472168276311,0.0028388756726953307,0.005029399605077821,0.05807588830290169,21.0,0.06610971874129769,0.07536954953976824,0.0,0.0,0.045,0.1,0.2833333333333333,21.0,0.021679197994987468,0.03650676257315116,0.0,0.0,0.0,0.025,0.1111111111111111,21.0,0.7804604105104754,0.08635712621024291,0.5343092883999443,0.7381123065483106,0.7734587660975578,0.8520738363258598,0.8935669528893015,21.0,0.009383705045112028,0.015820729743071308,0.0003636947746526957,0.0017570056850386715,0.004410549486735553,0.010476568718508768,0.07316167869862708,21.0,0.0965508468140047,0.09790682074309308,0.0,0.01,0.07105263157894738,0.15,0.3333333333333333,21.0,0.03548511430090377,0.054058976510931035,0.0,0.0,0.01909090909090909,0.0375,0.2
urinary system ,18.0,0.5407671007992377,0.06987653930358326,0.4930362116991643,0.4930384740335082,0.5247693856947167,0.5543176053422685,0.7962871861512043,18.0,0.01713284374439045,0.031633651779551526,4.640801930573604e-05,5.453507778505405e-05,0.0019364719377278903,0.017842662761583215,0.10820903939819848,18.0,0.07459956709956711,0.11525978921657253,0.0,0.0,0.05,0.08952380952380953,0.5,18.0,0.04757094757094757,0.11670074983471963,0.0,0.0,0.0,0.05,0.5,18.0,0.680997192228469,0.10423002302264348,0.4916508098575208,0.6349835645913698,0.6932890889683019,0.7170735561903744,0.9290374617027204,18.0,0.0027238728649597223,0.0020255350821958363,4.640801930573604e-05,0.0012954799936717677,0.002278861137587366,0.004140336266771308,0.006981570859889033,18.0,0.052248677248677246,0.07433948272368324,0.0,0.0,0.0125,0.06994047619047618,0.2,18.0,0.00912698412698413,0.025672883985290443,0.0,0.0,0.0,0.0,0.1,18.0,0.634882715438935,0.1291583378768938,0.3999651923701675,0.5553964712795499,0.6196973412476345,0.7051085987951067,0.9895716341021952,18.0,0.009321781757825269,0.011886216108173399,0.0006340129244760184,0.0026147560942798246,0.005087156434663397,0.012423711852535043,0.05141941595039397,18.0,0.1367340067340067,0.12182331671033794,0.0,0.04318181818181818,0.11583333333333333,0.2,0.4,18.0,0.05365560365560366,0.10096515561225973,0.0,0.0,0.011309523809523808,0.06250000000000001,0.4,18.0,0.8321803387340274,0.10813319493925634,0.6352508469856593,0.7552449780784575,0.829674024065866,0.9342866756393002,0.98159140483594,18.0,0.03432246232463179,0.06871532250401809,0.0011247378300403195,0.005741015465454411,0.016257193512326254,0.036072607624646924,0.302334251765043,18.0,0.1919227994227994,0.1686408446226988,0.0,0.07999999999999999,0.1433333333333333,0.27499999999999997,0.6,18.0,0.10804954304954303,0.1086557477236829,0.0,0.006818181818181817,0.07666666666666666,0.15,0.3,18.0,0.7779634042211172,0.10425626702095753,0.5972728117450288,0.7017604117978451,0.7761623391685273,0.835924933556131,0.9676892374808558,18.0,0.017746860950330706,0.035287736633436456,0.0007007302956078285,0.002340013448965616,0.003921804743682039,0.018470713531821358,0.14796328123946845,18.0,0.12097522847522847,0.12954383218986049,0.0,0.03409090909090909,0.09166666666666667,0.18750000000000003,0.5,18.0,0.05910774410774411,0.10247941600707011,0.0,0.0,0.008333333333333333,0.1,0.4,18.0,0.8337475218378009,0.08506961530516857,0.7085951640599619,0.7609974028209416,0.8197019576836844,0.8920377162565399,0.9778530653919338,18.0,0.015052133240294372,0.017896723968417207,0.00031192420633020134,0.003694024052493021,0.007267979519148718,0.021398233943459483,0.059032892832278513,18.0,0.1797895622895623,0.17889123677035937,0.0,0.05363636363636363,0.16416666666666663,0.2,0.7,18.0,0.07877465127465128,0.1197018339463783,0.0,0.0020833333333333333,0.05,0.09702380952380954,0.5
