Disease ID,Disease Name,Protein Ranks,Protein Ids
GO:0000981,"DNA-binding transcription factor activity, RNA polymerase II-specific",855554=1959,856069=45,855053=2214,850958=943,854545=393,853523=1,855060=447,854042=2509,851503=26,855092=2983,856117=2629,850492=164,852541=106,852031=223,852033=1745,854087=1452,850513=833,851542=1631,850523=392,852074=254,856178=1387,852614=1526,853650=5122,854675=83,855704=391,851613=5337,852638=437,855208=384,856750=233,854706=834,852663=5496,856769=522,852171=1447,851670=223,854755=3538,851172=3560,852710=1273,853748=860,851701=816,854775=51,854280=4924,856329=1650,851724=4535,856845=3381,850701=44,856847=50,855828=210,855323=386,854307=368,852260=7,851747=2885,856358=1622,853803=66,851247=230,854835=990,852278=69,854333=1031,853828=394,854343=83,852809=21,851788=825,856397=1375,856916=690,853334=706,851799=1648,851802=21,855899=5362,853854=72,853356=7,852848=67,851840=1014,854404=1284,850822=189,852871=3883,851846=2655,853390=5102,853904=68,852377=2401,855970=90,855975=1058,851384=25,851905=3982,852935=755,856016=4,855505=4917,853974=166,856030=646,850406=766,850928=2074,855035=5354,851452=400
GO:0019904,protein domain specific binding,854433=2078,852834=1946,851076=5406,853259=2505,855470=1408,851150=1489,856437=5138,850325=5345,856856=5141,853340=186
GO:0004521,endoribonuclease activity,851200=1177,854152=644,856459=2133,855439=4167,856478=3689,850847=3867,855329=5551,851873=1731,852646=1395,852263=1375,850983=681,855081=374,855980=686,855731=342,852918=1586,854334=5533,854337=3874,853954=4447,853708=525,854221=4223,855500=4871,852560=2037,856022=2247,854883=1879,855652=3157,851939=2489,855274=3743,850795=3348,855280=4752,852465=2364,854138=3615
GO:1901505,carbohydrate derivative transmembrane transporter activity,855747=875,855078=4238,856391=3376,852647=1103,856714=2990,852250=1122,852238=1239,856783=1604,853207=1550,855641=2506,850938=1048,854364=936,854237=1410,856121=2095
GO:0008092,cytoskeletal protein binding,856195=1843,851204=3880,854662=4538,855048=5499,856715=896,850956=741,854414=4,855822=187,851727=5,854289=474,853010=4,855569=17,856724=77,853909=134,852246=3079,854549=12,855574=2306,852249=3833,855834=4096,856090=148,851996=174,850328=45,855584=82,856736=1685,854819=454,852772=3570,854439=119,854443=2100,850450=339,851372=107,850734=1626,851376=2797,852787=184,853814=3075,854200=88,854456=1235,852415=108,850367=46,854085=3670,853958=674,856263=3165,851782=148,851148=356,854223=483,854353=749,850897=10,852819=602,855765=5475,851029=1281,853719=402,856409=237,851579=118,854879=792,856802=1048,853862=1326,854504=2225,852969=93,852971=5358,851051=86,850676=189,850423=2506,854777=5,853114=440,851707=4313,851708=29,856318=551
GO:0015215,nucleotide transmembrane transporter activity,851329=992,855078=962,856391=739,855880=646,856712=1320,852491=2457,851246=658,854672=3007,856246=3201,855641=1320,852250=3000,854811=2741,856121=2311
GO:0032266,phosphatidylinositol-3-phosphate binding,854026=5545,854539=1861,853261=4807,850574=3005,853902=2789,852753=2542,853138=1483,852499=4835,850577=1040,856600=3649,854300=477,851869=305,852773=2717,853416=267,852660=1588,855988=3938,855479=762,856505=131,855739=5251,853953=1523,851906=1547,852035=2258,856004=29,851908=23,852428=5509,851789=209,852563=4757,854867=4022,853589=1383,851923=1231,854235=918,855016=1253,851445=627
GO:0003697,single-stranded DNA binding,854656=2074,851975=2661,850696=3,851470=2426,855184=4448,856083=11,850963=3558,852501=306,856085=190,854941=227,852258=871,855203=84,855459=335,850980=16,854825=2410,855466=1139,850346=1466,852013=2492,855471=410,853936=2456,851890=67,853301=7,855482=4316,853821=24,856130=524,851266=2429,851013=146,851655=61,853064=1249,853840=322,854480=2099,852822=1515,855642=2559,850395=71,851163=176,854878=918,856926=310,855264=3,855649=360,852707=5503,852580=1080,853609=529,850793=95,854123=4250,855404=1582,851306=917,856305=837,851699=59,850934=1477,853752=103,850430=144,856831=5550
GO:0046872,metal ion binding,856452=1723,850701=103,853390=589,855054=4007,853778=731,851862=4897,855968=1562,855971=1128,855462=1201,851249=648,854196=5315,852789=3029,852406=409,852791=2645,853560=2929,853047=2494,855993=1375,856128=3056,856775=2318,850632=134,855241=1428,852688=3413,851665=571,850642=183,852949=3504,852312=2404,853721=14,855641=1960,850651=1102,851551=675,856547=3780,852325=4605,852709=1170,852710=236,852842=2416,855914=2338,851437=662,852207=26,854385=3884,851955=4904,856180=2583,852598=1642,855287=1670,853366=342,856059=3759
GO:0016891,"endoribonuclease activity, producing 5'-phosphomonoesters",851200=2302,856459=4357,855439=2938,850847=3004,851873=2709,852646=1315,852263=1683,852918=748,854334=4431,853954=1397,853708=3698,855500=2178,852560=3358,854883=3025,855652=3106,855274=1522,855280=3949,852465=4838
GO:0140101,"catalytic activity, acting on a tRNA",852994=374,854024=2937,856077=2580,856596=2421,854051=3887,854056=534,855081=2212,854060=3762,851529=1757,852560=4817,856145=5154,853081=1350,850522=122,856160=389,855651=2370,853097=481,855663=2886,852606=1489,851587=2498,853640=19,851607=3867,851098=549,851618=155,851117=2285,851121=2641,853181=1138,855749=2244,854732=698,850643=2901,852198=2074,855782=2855,852202=4661,851698=2539,852223=3128,851200=3299,851743=239,852257=2363,852263=709,855338=1232,852270=3948,850749=636,854339=1881,853317=2548,856392=3090,853841=2976,856402=3745,856915=163,856412=4075,856413=4094,852832=1835,854883=231,850795=1360,851307=990,854895=3567,851326=1210,852353=1844,855943=2355,856459=2070,854414=509,855439=544,856467=2847,851861=1517,853930=447,854448=1333,855474=3137,852918=100,856000=560,852418=1268,856007=324,855500=2757,854994=36,850388=1603,856022=998,851942=289,853995=4860,853996=408,852465=4,854513=3602,851446=2980,852986=761
GO:1901682,sulfur compound transmembrane transporter activity,851713=1285,850438=4375,856349=471,850665=1021,853739=3706,852956=2399,856013=1520,855854=2568,850671=2383,855729=4439,852946=3943,856121=2222,850938=1132,852988=2567,850781=343
GO:0016614,"oxidoreductase activity, acting on CH-OH group of donors",851974=1085,855691=3562,856589=4410,854287=329,853777=4807,855057=292,852883=11,850327=850,851351=478,851354=788,851481=1885,854682=3188,852636=937,854303=3916,853792=493,855845=1632,854950=172,850342=4225,850469=2437,851239=603,851493=4487,855723=2361,851376=1269,853810=3431,853172=4357,854068=2493,855349=2852,853559=1420,855480=229,855990=671,854714=3276,856504=4130,850871=362,851380=4083,856638=611,856639=1879,851386=1547,855107=872,850759=1804,855368=46,853839=1175,854095=957,854736=961,852690=2752,851539=1076,852568=2852,855385=2210,852446=664,852450=76,855266=3520,853604=3557,851171=159,850790=3915,852456=1265,854888=410,853994=64,851433=343,852844=106,856814=688,852720=2968,854900=1763,853878=903,853624=4931,851705=1545,854651=2286,851069=1604,854014=14
GO:0016791,phosphatase activity,855042=5396,850441=5360,853023=3094,856625=5375,851513=4061,855615=1420,852544=4134,855618=158,853574=5328,854089=5525,854090=229,855630=28,852579=5460,851558=2469,855674=1272,856187=3846,852092=5361,853117=827,853122=5531,851075=3246,853644=2372,852114=45,855188=3168,851092=5248,850585=5339,855201=719,853668=4582,854693=5300,851621=1311,852648=5495,855218=5238,856759=120,851646=3897,851647=3338,851153=1197,856791=32,850650=2965,854758=5398,856807=5315,854257=5258,856823=2331,852224=2460,854276=2123,854277=5341,855303=5377,851217=1119,855320=2045,851224=595,854299=2182,854815=1411,853286=4979,856870=5525,856873=672,856882=4424,854326=422,853307=3909,854844=2097,855873=1414,853833=5407,856393=354,852310=339,854872=175,855392=3367,851299=3398,854383=5358,855923=3237,856439=5314,856440=5338,856442=987,851339=1981,856475=705,853917=5394,854946=2850,851362=5310,852389=3330,852390=2836,853927=1592,851368=5364,851878=3037,851881=1,856500=3201,854457=5355,850373=5410,852422=1258,852423=2442,855499=5482,854992=5436,851421=273
GO:0016866,intramolecular transferase activity,855424=4505,850499=1241,853732=1105,851525=3830,854088=2037,853705=4197,856652=3582,856173=3372,852817=3555,854417=2853,855889=2149,856470=2374,850550=4871,855321=2791,850872=2370,855131=482
GO:0001047,core promoter binding,851488=4601,852996=14,852006=4736,856743=153,856904=4932,854345=2206,856059=3448,851115=515,853428=1450,854964=3273,855706=5585,856891=594,852860=605
GO:0001091,RNA polymerase II general transcription initiation factor binding,851488=5131,855139=453,850760=6,851115=4742,853840=90,855505=4650,853936=1006,856437=2361,854106=20,851802=5471
GO:0005342,organic acid transmembrane transporter activity,851713=1938,854530=3287,850438=1848,852360=1120,852361=554,856855=3461,853912=1743,854297=1553,852121=2889,855451=516,854811=1505,856349=2213,855453=4752,850333=487,851616=1158,855969=78,853663=2469,853158=1638,854139=826,854061=854,852401=409,853558=3477,853175=141,855863=867,850489=24,852800=529,850368=1867,856132=3429,855622=937,856646=906,855113=69,853710=3238,853457=4175,852946=956,850645=197,852956=210,852444=3810,856567=2256,853739=258,855660=1247,856171=1319,851439=1382,850671=912,853104=1480,853617=3182,852594=1178,855282=1007,852596=848,856049=3397,851063=280,850290=2327,850678=411,851317=4278,851954=1487,854397=3173
GO:0042393,histone binding,852096=923,853900=500,850445=3920,852494=1527,853264=128,853011=24,854933=3767,854680=152,855965=590,851488=1852,853922=4711,856106=79,856490=3639,850347=534,851115=4316,853167=263,856752=3494,855475=203,852665=94,854465=5406,853186=2371,856129=835,855626=22,856654=544,853327=87,852432=2767,856143=31,852050=146,856911=3602,850638=94,854869=645,854230=7,855515=101,851163=2806,851803=5596,852457=73,853865=179,855920=1386,853364=1040,853877=117
GO:0019205,nucleobase-containing compound kinase activity,855264=5392,852065=1069,853569=5178,855746=5448,850624=4038,851812=5172,853798=263,853358=1427,855471=575,853520=5591,853844=5394,856917=642,851388=3801
GO:0016741,"transferase activity, transferring one-carbon groups",854024=21,856077=2075,853536=4802,856614=2073,856616=17,854057=1625,854060=1765,850991=61,852017=891,852538=4503,853061=4718,852045=540,855632=2537,852561=1159,852050=707,852565=5096,853593=3800,851548=311,852574=3619,852076=1031,855149=397,855663=937,852080=3000,855664=4241,855709=558,854696=4824,854186=2777,854711=404,851656=4366,854746=3778,854241=5180,855782=459,850664=662,851698=2435,856825=4825,852741=3521,851718=2680,850702=2101,853271=1,856346=3549,850715=2223,851743=2893,852257=3906,852270=1652,855855=3361,850747=102,853311=2033,850752=2,851265=384,851779=1429,853317=4997,855893=962,856922=4547,853851=4150,852318=118,852832=119,852322=2867,854376=3122,853357=5260,851326=541,851327=1123,850304=1483,852353=4280,851844=1485,855946=2083,850828=430,854414=498,854930=1511,856467=3277,852884=2279,855965=2931,853930=2414,850869=2531,853943=4836,856509=2833,850883=2519,856519=2603,852431=99,854994=463,852438=4193,855003=126,855008=1532,853995=2,853996=1524,850414=1072,851446=5064,852472=3849,852474=273
GO:0019789,SUMO transferase activity,851453=250,850693=4439,851110=227,851495=391,856536=1348,854985=3194,851882=4488,854123=3203,852018=2918,856695=857,856760=763,851099=5,854327=381
GO:0043130,ubiquitin binding,853120=682,852740=3489,852233=408,855306=819,853772=54,852497=1215,856593=1170,850577=4992,852376=1120,856862=1812,852768=1427,853667=5597,852394=3641,850349=5439,854191=1728,854066=5288,852276=2956,856886=494,852536=2722,856376=1094,855739=1222,856508=3925,854206=86,851135=2757,851392=3110,856387=2199,851140=731,852939=16,851918=50,852432=690,851410=2585,853332=2162,854876=4816,856674=364,851431=2347,850539=4861,854765=431,851960=4329
GO:0008175,tRNA methyltransferase activity,852353=196,854024=1775,856077=1008,854414=1700,856467=2475,851743=1258,852257=1725,853930=1798,854060=4607,853317=2139,854994=3189,852832=2182,855782=673,853995=3183,853996=4968,855663=1250,851698=1608,851446=2795,851326=216
GO:0015171,amino acid transmembrane transporter activity,854530=894,850438=1624,852360=1959,852361=444,856855=2950,853912=1872,852121=1970,854297=821,855451=1257,856349=2497,855453=2326,850333=4677,851616=455,854061=2713,850489=574,856132=2909,855622=743,856646=1870,855113=252,853710=834,853457=2187,852946=2590,852444=4053,856171=3219,850671=730,853104=1912,851439=1875,850290=2783,851954=2246,852596=3950,851317=2350,854139=6
GO:0031369,translation initiation factor binding,852833=4854,855302=4215,856746=5352,852042=1466,852013=2710,853301=3373,855477=93,856247=4268,851320=5052,856154=54,855357=955,851196=58,855898=5518,855838=1717,856351=5293
GO:0019901,protein kinase binding,855554=273,851363=5279,850692=5447,851561=1596,856912=601,854387=984,852406=5223,855543=4432,853371=603,856861=430
GO:0016628,"oxidoreductase activity, acting on the CH-CH group of donors, NAD or NADP as acceptor",852514=2495,853510=901,852872=4083,852335=1461,852464=2091,855441=3510,853653=1205,856664=1721,852314=4397,855518=1758
GO:0060590,ATPase regulator activity,852866=3712,850694=2582,850695=121,852230=4498,854407=4567,855440=1578,851347=4306,851988=3689,850455=5086,855196=4748,853789=1147,855968=882,856865=3484,854691=3967,852397=1335,854192=3266,850878=4025,855998=4216,855495=1714,851800=2050,850779=4372,856926=2622,855647=3534,850530=3699,855661=381,854126=4850,855790=2423,852467=4293
GO:0017137,Rab GTPase binding,852676=2307,851653=607,855258=1298,852618=50,852715=511,852428=1959,852016=2672,852753=452,854898=2103,852083=521,853076=968,856144=4260,853942=181,854552=4442,851833=1,851482=5266
GO:0051010,microtubule plus-end binding,856736=19,851782=4880,853958=127,853719=33,854443=2810,850956=2709,853010=2500,852819=4142,853909=44,853814=2871,851579=1529
GO:0070491,repressing transcription factor binding,855554=4914,854307=307,851559=5,850760=1176,852714=2309,851788=2430,854193=1667,855743=1418,853523=5175,855060=1813,855092=3398,852694=3812,855926=2080,852860=28,851613=3353,851903=1958
GO:0004519,endonuclease activity,851200=59,852225=2246,854152=3623,850826=1182,856459=2772,855439=3869,856085=540,851994=7,856478=4740,850847=3697,855329=5567,851873=1577,852646=967,852263=1139,850983=2465,855081=765,853930=478,852395=6,855980=826,856364=1475,851371=2655,852529=721,853937=615,855731=2021,852918=948,853174=5503,854198=4372,856764=109,854334=2471,854337=827,853954=579,853708=4315,854221=2136,855500=4753,852560=3064,856022=3806,852700=696,854878=815,855264=1198,853858=3770,854883=2003,855652=3581,851939=4015,853222=3877,855274=3207,850795=663,855280=4751,852465=4371,853747=3466,856569=2520,854138=4043
GO:0140030,modification-dependent protein binding,853900=57,854680=3460,855965=4294,856607=3893,851488=2147,856490=1347,850347=610,851115=1812,853167=2187,854465=1400,855626=1800,852939=946,856143=79,856911=187,854230=819,853865=42,855920=286,853877=2421
GO:0051219,phosphoprotein binding,852640=534,851136=5548,854020=10,855013=5485,852582=123,855492=5179,856924=5560,850539=5182,854290=4486,851676=5357,852607=1077
GO:0004222,metalloendopeptidase activity,851105=299,856419=1769,852041=201,853962=749,850860=1513,853581=3103,851310=2840,856240=1790,855317=2752,856536=3248,853724=2298,850301=1148
GO:0035251,UDP-glucosyltransferase activity,855874=2135,850886=684,855303=5193,852423=728,850569=4,853932=27,851055=3844,854514=3429,854872=95,850962=612,852920=409,853304=136
GO:0004659,prenyltransferase activity,853272=3357,855778=299,856036=1220,851334=4701,851468=4096,853421=4151,852722=3262,856306=867,856597=254,855127=536,854552=3885,853849=3845,852287=1781
GO:0016765,"transferase activity, transferring alkyl or aryl (other than methyl) groups",851334=4326,854022=4669,851468=1451,852113=2701,856465=4547,850322=730,856597=3480,850838=2945,851605=2181,853272=3788,854552=2747,852124=3891,855465=1545,853421=5127,854448=1714,850877=1889,852287=4429,852288=1821,853951=688,853058=4378,851010=3783,852551=2610,854856=472,852559=4617,855887=3539,855127=4336,853849=3481,853594=3349,855008=1208,855778=1874,856036=291,850666=3581,852722=2105,856306=625,856182=3444,851705=2544,851322=5178,855292=1361
GO:0008409,5'-3' exonuclease activity,854432=498,855168=3369,854213=4624,853930=3682,852461=1641,851856=1214,853747=4804,854198=1429,852702=5250
GO:0016278,lysine N-methyltransferase activity,851844=124,850702=3625,852884=203,853271=382,856346=1620,855965=279,850991=1733,856509=19,851265=646,851779=1769,856519=3361,852561=4251,852050=1398,855893=3557,853593=3226,854746=1151,853851=414,852318=2144,852574=1328,852080=2,852472=309
GO:0017025,TBP-class protein binding,854369=3449,852006=1917,853191=2825,856904=703,856201=497,851723=843,852492=4482,853807=2691,855312=366,855505=5019,853428=37,854964=1151,856023=3071,850744=120
GO:0018024,histone-lysine N-methyltransferase activity,851265=1,856519=1169,850702=15,852080=1,852561=1250,852050=1843,853271=1147,852472=205,853851=583,855965=1130
GO:0005484,SNAP receptor activity,854273=5,851203=2407,853638=3789,851219=1109,850713=2395,852892=1778,850973=3243,854813=15,856354=17,855844=3,852780=3049,852660=3679,855221=305,854201=3870,855237=26,850767=174,850782=289,853863=29,854505=128,852079=2,855031=879,854142=134
GO:0005548,phospholipid transporter activity,855393=2702,855490=180,855457=417,851207=2246,850456=4552,850890=5203,853296=3,856913=39,851667=623,851096=43,855197=1,855103=440
GO:0046933,"proton-transporting ATP synthase activity, rotational mechanism",856131=3012,852327=897,851560=1207,854893=1417,851983=22,853585=2724,852177=40,855857=378,851892=267,851922=362,851002=365,856027=2942,853853=791
GO:0000049,tRNA binding,856594=5345,852755=625,851100=3,852257=1208,856098=429,852773=4540,853029=4426,855591=2568,851877=5500,856746=1158,854448=1583,852661=3151,851509=2088,851259=3726,855360=2944,856002=107,850636=4410,854135=5020,854138=3420
GO:0061630,ubiquitin protein ligase activity,852736=15,850818=323,852611=2942,850691=1314,851847=571,851337=532,854929=5513,855318=1781,854423=72,850597=1298,851624=3607,853846=1,851928=99,851424=85,855549=1,852194=264,851554=2188,850792=1226,850539=3261,851696=175,856571=2882,854781=33
GO:0003688,DNA replication origin binding,852352=102,853504=484,854656=4278,855950=5572,853752=267,854675=194,855060=1847,852501=5215,850963=3584,854937=3282,851485=97,852258=32,855460=1,850980=280,851623=38,852673=791,856130=47,851905=92,856518=1806,855501=3266,851928=13,856924=152,851676=5339,850656=5550,851424=3604,856291=3992,854247=38,855656=22,856680=4025,850793=38,853748=1236,850808=1,853244=1505
GO:0030674,"protein binding, bridging",852864=1090,856449=354,855555=2099,850819=537,852230=2390,851975=2833,854790=3498,852362=2016,852492=81,854414=2760,854549=2182,856854=1861,855319=2389,852376=89,850840=2271,855194=1534,853530=2669,854555=332,851740=3085,855198=4926,851102=3746,851486=915,850296=1919,855461=2585,854822=1331,851366=4299,852649=448,851753=5556,850604=3684,853552=5353,853555=5202,854323=547,854453=548,855478=1995,854071=4350,854072=135,851379=965,855159=451,851261=4069,854206=5516,856767=2834,850878=3731,853313=2610,850888=22,855244=1884,851021=192,854222=4656,850639=3668,851148=1079,854995=2294,856020=1523,855640=1612,852697=4687,851929=4200,851424=4161,854113=3277,853986=1245,854243=14,856674=596,851680=2178,856422=4651,852968=5142,2746858=2421,856301=1056,853361=2729,856817=151,852724=309,851831=3997,851448=5152,851707=3801,856702=1369
GO:0031625,ubiquitin protein ligase binding,852960=2644,854433=865,852834=1168,853891=4621,854500=105,854183=336,853290=936,852173=414,856142=3603,854735=15,853712=1486,853361=385,850578=421
GO:0005543,phospholipid binding,851978=2025,854539=4693,854026=2325,850445=2563,851470=29,855570=3273,852499=4308,856600=1129,851482=1451,853539=5500,854076=1456,852035=87,851024=4761,852563=1161,853589=1474,852059=3946,854153=443,850574=4391,851086=610,855184=1567,850577=795,853138=1488,856726=3422,852136=228,851112=2133,854701=4332,855213=309,852660=1,855221=19,855739=2331,851653=211,854235=1107,851680=56,852193=224,855271=371,852200=2021,853771=517,853261=457,852753=1846,854289=2274,851731=136,856856=858,854300=7,856862=5124,855844=5479,852773=156,856366=1173,851263=1790,851789=195,854867=2024,851815=5556,853359=43,853872=4215,851320=659,853902=4607,852372=2100,855958=5043,850840=762,855449=2596,851869=5499,853409=3746,852388=1235,853416=4816,855988=2160,850358=4745,855479=57,856505=683,856507=1020,856508=471,850875=4039,851904=1775,853953=2531,851906=65,856004=2220,851908=225,852426=2622,852428=1388,851923=2330,855016=584,851445=1207,855031=651,856059=2275,856062=164
GO:0043022,ribosome binding,852483=3963,854796=4601,851993=3104,850843=1807,854301=2002,855731=5528,850996=1742,853310=2572,852417=3873,856898=3650,851521=3355,854980=945,853959=4992,855886=949,853202=901,1466460=1977,850914=197,852452=2999,856677=5281,854130=2747,850423=4274,851196=88,856573=1771
GO:0015293,symporter activity,854916=3543,854027=2884,852149=866,852599=1498,851317=1569,852537=954,853207=1051,853663=1302
GO:0015036,disulfide oxidoreductase activity,852130=487,851079=4405,850314=3927,854252=5106,854989=1528,852302=2823,856014=291,856048=184,854065=20,850444=1486,850732=467,851955=745,851672=3117,856921=1827,856506=43,852124=216,854462=221,851551=1514
GO:0003678,DNA helicase activity,854663=1,856334=754,852501=375,854941=1938,850719=184,852641=133,852258=1489,854818=793,855841=1,854309=1222,856099=402,850980=61,850982=4720,854058=215,851885=1788,851771=2598,855228=368,852158=223,852673=290,856130=53,851150=3466,855503=1739,852822=111,856918=181,853852=735,853213=978,851932=3019,856680=294,853353=22,856426=2212,855665=2696,851187=4213,853364=210,852728=178,856569=1420,850430=2732
GO:0051184,cofactor transmembrane transporter activity,856391=573,855880=317,856712=2307,851246=559,855854=1687,854672=3338,855729=3784,854811=2622,852956=3589
GO:0016747,"transferase activity, transferring acyl groups other than amino-acyl groups",852481=4206,850947=44,856079=776,854039=1732,854559=638,855591=2051,856106=1563,855084=849,855091=56,851508=3207,854079=70,851521=853,856642=487,850504=84,856654=651,856657=2724,850520=147,852059=1827,853088=2824,850529=2088,856163=444,855653=135,852070=3143,855157=3943,854646=2080,853126=1714,853638=4228,854159=3638,851087=123,853653=160,850584=2299,856745=349,854188=3118,853167=754,851634=2185,856249=2390,851643=3217,855742=1166,856261=4158,856262=5282,853191=1572,855753=3793,854230=4604,850658=1297,852707=346,854248=2569,851704=157,853243=486,856323=1257,852228=570,855845=1983,851756=3675,855342=5162,852271=2088,855344=3535,853810=3270,851762=4028,852796=2168,855361=3020,856386=4388,854346=2343,852814=109,856404=473,855390=271,850788=930,853861=3723,853354=12,851818=1603,853364=1352,854388=1163,854396=1183,853374=2867,851857=2013,854418=340,854419=1599,855444=3874,854427=2652,856490=643,856499=3596,853941=1423,854965=5465,856010=2629,853964=81,850892=1827,850383=582,856019=370,850400=4114,850415=1099,852476=4351,851454=1288
GO:0005353,fructose transmembrane transporter activity,853216=1323,855809=1395,856640=2008,850536=1105,856494=500,856496=482,853236=1562,851352=639,854009=41
GO:0022804,active transmembrane transporter activity,856071=4554,854027=89,851981=3826,851983=3007,853540=1313,855076=101,855078=894,853558=4659,852537=1255,851002=977,856131=1057,856132=3729,853585=237,856659=2481,855641=750,852066=746,851560=3267,856681=1259,852594=1491,852598=1061,852599=2807,2732686=632,853647=1058,851095=2643,851609=1013,851610=1561,853663=975,853671=856,852149=1605,855747=3720,856779=817,851659=2613,853198=3954,852177=376,853207=4690,851168=4156,853218=1896,852709=2103,855282=3791,856821=2785,850678=4493,853241=1440,854267=264,851713=752,856331=634,852250=287,854811=1469,855857=1938,855347=4099,854324=1041,856913=210,853853=3745,855395=1993,852327=2084,853351=5007,854893=508,851317=317,854916=209,852876=844,850829=97,852878=2414,851342=3580,855956=275,851862=731,854444=104,851892=1594,850885=782,852424=3957,852946=4391,851922=1184,856027=737,850403=2294,851429=3620
GO:0001135,RNA polymerase II transcription regulator recruiting activity,855139=12,852996=4220,856709=37,851559=1932,854249=5037,852377=4645,850347=4967,856178=4353,852053=2195,853974=4861,856437=315,852184=105,854841=5339,854106=1,852860=522
GO:0016667,"oxidoreductase activity, acting on a sulfur group of donors",851079=4267,853639=20,850314=794,850444=4152,853776=1782,850324=146,850588=1153,852124=60,854812=4803,852130=198,853794=269,850732=4433,854065=1590,852916=828,856506=21,856765=3105,854462=727,854989=184,852302=2584,856014=783,856152=1387,856921=541,851672=4764,850527=715,851551=840,853602=763,856296=4975,854252=2159,856048=1322,851955=2981,854909=365
GO:0043021,ribonucleoprotein complex binding,854657=4749,852483=1546,855302=3852,854796=331,851993=1297,850843=4515,854301=551,856098=1525,851499=913,851886=4271,855731=4335,850996=5483,855477=4445,854844=5363,856126=57,853310=4171,855104=3789,852417=2723,856898=3176,851521=4230,854980=2737,853702=2242,853959=69,850763=5136,855886=1055,853202=638,853970=3087,855511=1447,1466460=889,850914=3806,852452=747,856292=310,856677=2589,854130=4646,850423=29,855289=4420,851196=660,856573=3243,856575=3036
GO:0051015,actin filament binding,856802=660,854819=2153,856195=1325,851204=1073,853862=163,854504=4930,852971=123,851148=5371,854414=678,850450=2789,850676=3276,854549=1512,854777=2,856409=2464,855834=795,851707=2,852415=1921
GO:0003887,DNA-directed DNA polymerase activity,855936=13,851456=274,855459=3307,850372=4924,855621=191,854667=3568,854508=3755,853500=112,856305=1669,852245=10,853462=19,852028=52,854527=377
GO:0019208,phosphatase regulator activity,851202=151,853641=1081,852234=29,853369=5381,855565=521,855951=4961,855316=5557,855967=54,854179=5382,850979=1357,853946=2202,853698=9,851271=3267,854220=5527,852685=202,854350=1693,856781=3564,855520=686,851431=5328,853098=2617,852334=862,852340=2084,853880=5,850553=1185,854653=746,852222=206
GO:0015297,antiporter activity,852066=3585,855395=2042,856132=3951,851429=1846,855078=1013,853351=205,856331=361,850829=2672,853558=1889,855641=96,852250=959,854267=184
GO:0008270,zinc ion binding,856128=2699,856547=1741,855241=1614,852842=4079,850701=530,853390=452,852207=3033,852688=3041,854385=4769,853778=131,852949=545,855993=536
GO:0016645,"oxidoreductase activity, acting on the CH-NH group of donors",853955=2657,854852=2121,855786=4735,854411=94,852378=4471,852752=1641,856432=2757,850833=3148,856084=3379,852729=4278,855034=2193,853118=1846
GO:0005507,copper ion binding,855971=259,856452=11,852325=3537,852710=3563,855462=1369,855914=216,855054=1140,850642=4145,854196=1716,852598=3915,852791=8,852312=117,853721=4087,851862=367,855287=438,850651=2624
GO:0043047,single-stranded telomeric DNA binding,855264=364,855649=1064,852707=22,851975=10,853064=4600,850696=1358,850346=3800,851306=5246,851655=439,855471=2
GO:0016407,acetyltransferase activity,856323=498,852228=118,853126=1076,856079=4238,854418=1502,855444=3202,853653=3771,850584=500,854427=3167,854559=1434,855591=927,856745=2394,856106=388,856490=1711,854188=416,855084=197,851756=1477,852271=3483,853167=5244,851762=1487,855091=2926,856499=5497,853941=3161,854965=539,856249=287,851643=4034,855742=2648,854079=5312,851521=125,856642=5320,853191=127,850504=2319,856010=2275,852814=2831,856654=3104,850383=357,856657=847,856019=15,856404=14,854230=284,850520=3890,852059=301,853088=4819,850529=1423,850658=1571,856163=3245,855653=3493,853364=4359,854388=14,855157=867,852476=1993,853374=550
GO:0036094,small molecule binding,856195=3008,854407=3603,852244=167,852501=4424,853244=3424,853528=98,854937=3238,850589=5235,853789=3806,854688=704,853539=4507,854691=130,855203=1113,855460=5241,853928=3292,851112=281,856618=2337,856746=5246,852397=1315,851373=4801,854063=3422,852528=1644,851376=3636,853554=655,853173=1935,856507=3666,852925=4713,855998=4734,852415=185,856638=3269,853441=2054,854211=2731,851527=2043,855625=5021,855114=2497,850633=4761,855884=1356,853709=5067,850636=1867,851532=4791,853072=3461,851024=170,852567=3857,851671=3459,851289=5031,855642=1413,855135=1356,856801=3811,852323=4988,854243=3424,854126=2238,856303=472,850543=5065,852467=2636,853366=681,851320=1802,851195=1954,851196=4467,853119=4754
GO:0010314,phosphatidylinositol-5-phosphate binding,851906=3996,853539=2440,852428=2799,853872=1182,852753=4493,853138=2491,852563=4795,851024=4852,850358=5578,856507=1738
GO:0140296,general transcription initiation factor binding,855689=2054,856201=377,851723=328,852492=4040,855312=1062,851488=535,852006=906,853161=4308,851115=1018,852269=1604,853807=2381,853936=405,853428=25,854964=585,850744=1973,856891=27,853191=2504,850760=30,856904=39,853840=4114,855505=313,856023=3,854999=485,854106=4426,851802=5428,854369=1225,855139=359,853734=3606,856437=1617
GO:0003968,RNA-directed 5'-3' RNA polymerase activity,852451=279,856547=196,854791=8,852810=3612,852013=34,854157=253,854385=4058,854322=33,853301=4,851415=462,856317=52,854399=12
GO:0008144,drug binding,852244=408,851733=1976,852501=2373,853528=3627,854937=1081,850589=1271,853789=4313,852131=3185,855203=643,855460=34,855587=156,853928=400,851112=4722,854063=2587,852528=591,853173=3056,855998=4833,853441=2713,854211=839,850633=3960,855114=2166,850636=3641,851532=3691,851671=990,855642=1712,853086=1910,851170=3321,856303=5018,854901=5158,851320=4562,853244=4235,853119=606
GO:0061608,nuclear import signal receptor activity,852610=2676,852868=3118,852004=1937,855978=2301,855532=619,853133=5391,856846=2974,851061=2898,855356=3916,853596=4004
GO:0016298,lipase activity,850432=3249,854151=1381,853768=1639,852359=501,853902=2187,850707=1783,854682=2348,854943=1497,856739=4235,854187=1333,851628=1458,855860=4967,855361=1184,853964=282,856270=1437,854225=2771,855250=2098,853717=1778,855895=1018,850648=2393,854248=2664,855018=3696,854251=2182,855020=3353,852733=2712
GO:0003713,transcription coactivator activity,856455=25,850442=290,855821=2817,854158=609,854554=2875,852006=800,854841=484,852410=2556,851903=4868,855744=4496,850879=609,855620=668,856904=3530,854474=3106,852053=270,854106=1,855386=5411,851802=4801,852059=6,855656=1082,850920=3324,856437=326,853751=3982,854652=1878
GO:0000182,rDNA binding,854465=5470,852547=1069,856100=3202,852421=617,853734=3142,854277=2074,856360=1249,851688=4906,852938=2239,856655=4499,856911=2101,856316=2032,853369=5390,852955=3166,851964=4980,851262=2045
GO:0016627,"oxidoreductase activity, acting on the CH-CH group of donors",853510=2630,852872=1455,855441=4198,853653=3406,856733=1811,851614=652,853405=2927,853664=4655,852514=627,850861=1682,851117=293,851758=2251,851121=2504,855749=1153,853709=2480,853716=1349,856664=2532,852314=1548,855518=2093,852335=27,852464=2458,854895=2393,850685=1561
GO:0004540,ribonuclease activity,851200=1838,854152=5336,854921=1475,856459=2637,851212=4193,856078=2182,855439=4404,854162=3485,856478=3717,850847=5559,855329=1740,851873=1400,855331=2171,852646=1321,852263=111,9164967=588,855081=737,850983=1022,855980=484,852786=1532,855731=2443,852918=927,850748=2882,854334=1474,854337=5510,853954=4886,854213=3404,853193=3973,853708=3920,854221=4290,855500=3573,852560=377,853843=96,856022=3524,852702=4341,854883=4572,855652=1108,851939=546,853222=188,855274=4441,850795=4328,855788=3724,850797=1119,855280=2933,852465=863,854138=906
GO:0008028,monocarboxylic acid transmembrane transporter activity,852800=470,850368=3300,853158=1147,855660=3230,853617=2426,851317=3484,850678=791,856567=2942,854811=1126,852956=4024,853663=1092
GO:0015179,L-amino acid transmembrane transporter activity,854530=3699,852121=906,856132=2202,855622=1201,850438=336,852361=2970,856171=1618,853710=1708,851439=3490,853104=307,853457=3245,852946=3577,856855=2691,853912=906,854297=7,854139=1990,856349=1499,850333=5053
GO:0003924,GTPase activity,854918=1420,851335=4998,855558=4558,856723=4087,853244=3526,854806=1112,850966=5105,851993=3416,854938=1312,854301=4724,853535=961,854688=4467,856741=4884,853884=34,853929=3050,855210=4120,853681=4313,856753=5563,851249=3753,850996=3621,852662=54,850358=47,851000=2643,856507=1683,853056=2901,854336=2827,853959=5228,855625=205,856394=61,855883=264,855884=3482,850505=822,855631=2988,853072=2382,855634=4594,851196=1404,854359=4925,851418=1305,855012=4800,856294=4,852462=928,853870=3344,854256=10,850543=1660,850930=181,854261=1830,855541=1350,854135=1913,856056=4209,854268=3351,852477=1989,850686=135
GO:0003727,single-stranded RNA binding,854817=1728,856292=2164,855716=4317,855269=455,856775=4441,852042=3807,854379=142,852013=4919,855758=1416,856912=1512,852755=5352,853843=640,853301=20,853397=3827,854999=1,856312=4316,852955=131,851775=4066
GO:0004407,histone deacetylase activity,851520=5569,854725=4997,854086=5591,852392=182,852681=696,855305=1016,856092=676,854190=96,851889=4336,855987=659,856309=1151,855386=4900,851772=9,855710=2971
GO:0120015,sterol transfer activity,856480=437,856389=3931,856472=4035,850761=3101,854412=1998,853872=2791,855958=4344,851543=1361,851286=278,851926=2680
GO:0070011,"peptidase activity, acting on L-amino acid peptides",850945=2752,852993=1484,855682=452,853761=803,850562=4657,851722=3442,855051=3987,853242=3936,854797=2333,855182=1695,855186=1387,853267=2346,854291=3886,855317=3866,856087=8,856218=4558,856737=729,851105=1636,852259=3360,851618=3018,853285=3348,850860=4287,850605=4008,853758=1097,855343=2785,855600=1245,856240=1312,852349=1553,854650=4315,855350=987,854328=4361,850554=4177,853562=1486,855482=3208,855483=4415,851641=328,852670=3657,856895=5260,851006=3362,856513=710,853699=868,850500=3574,854780=122,856135=5079,852041=1903,853962=1937,855114=2453,855498=1534,853581=356,856649=2523,854735=653,853456=2367,854097=3931,853973=1902,856536=2698,852187=1941,853724=4922,855263=1929,856419=171,854372=1557,856423=746,852584=1165,855530=2149,856811=1055,851435=301,852589=2131,851310=2885,855535=5,852212=286,850811=458,850812=3742,850301=3622,852990=4383
GO:0004536,deoxyribonuclease activity,851456=18,852225=3272,850826=4917,851856=1631,856085=2,851994=1109,854432=20,855459=399,852262=4694,853930=14,852395=1394,856364=462,852529=387,853174=3308,854198=18,856764=18,852700=319,854878=43,855264=1440,853858=1515,852580=2281,853222=658,852461=1067,853746=235,853747=3794,851699=74,856569=17
GO:0034062,5'-3' RNA polymerase activity,856320=874,854791=10,853895=1600,854283=15,854157=2207,855571=2893,853526=575,851734=1087,851615=12,856226=275,854825=810,853293=5,852013=79,855473=624,854322=1227,853301=89,856119=3176,855737=1260,855609=185,853821=81,853442=10,852810=185,850507=4203,851404=2904,853713=3172,851415=640,852451=85,856547=208,854382=982,854385=1522,854518=668,854519=62,856317=2,854399=6
GO:0016782,"transferase activity, transferring sulfur-containing groups",856774=1417,850343=4767,851529=4978,852266=1846,853203=1331,854425=858,854459=707,854460=3177,853117=5420,856511=3940
GO:0008519,ammonium transmembrane transporter activity,850368=238,852803=957,856260=2575,850631=38,853019=1532,855854=546,853039=2344,854447=49,856370=110,851317=3609,856279=2022,855736=269,854267=2319,855580=1347
GO:0004529,exodeoxyribonuclease activity,854432=4512,852225=182,851456=4825,855459=5028,852580=2912,853222=1125,852262=7,853930=2993,852461=216,851856=3361,853746=503,851699=192
GO:0005546,"phosphatidylinositol-4,5-bisphosphate binding",851680=4784,851904=2184,855844=591,852426=1127,854701=5076,851086=1800,853359=1752,854289=1498,852563=1849,855958=2239,855031=445,856726=36,854076=1875
GO:0005199,structural constituent of cell wall,853281=23,851649=78,851107=450,853765=2016,852359=744,850891=2212,856729=1247,853692=1111,853693=380
GO:0060089,molecular transducer activity,856065=5493,854659=5424,850692=5560,856076=2914,855438=5587,856854=118,854170=5419,852763=2,853275=2918,854046=8,852897=16,856613=3276,853677=1482,856749=4549,853688=2375,852664=15,852030=3062,852032=5540,851527=4753,853718=5587,850518=2833,855898=670,856290=545,851042=5329,852457=5551,852088=5603
GO:0008276,protein methyltransferase activity,851844=496,851718=2,850702=4403,852884=1752,853271=3331,856346=1839,855965=165,854186=517,850991=1849,856509=1,851265=3107,851779=1482,856519=4720,852045=3689,852431=4472,852561=4089,852050=1704,855893=3667,853593=4133,854746=534,853851=421,851548=4361,852574=3030,852318=2176,852322=1861,855782=5217,852076=3828,852080=137,852472=9
GO:0001102,RNA polymerase II activating transcription factor binding,851840=566,851723=57,853523=4647,855060=2583,851479=4383,856091=3214,852766=435,854954=3944,854834=1023,855092=3074,856891=1239,855485=111,854465=3866,851672=1257,856921=848,851802=5414,854106=2,856924=433,855522=5566,855017=1452,852592=1118,853751=228,852860=2094
GO:0016878,acid-thiol ligase activity,854310=2740,853159=2691,852329=3842,852523=2437,856734=1616,851245=2729,854808=340,855288=929,850846=3811,854495=1474
GO:0017016,Ras GTPase binding,856195=4943,852618=34,856458=232,851086=94,852753=822,856726=3072,856727=14,854552=5268,851482=220,853537=5180,850345=2917,852782=5318,852016=3693,853942=1226,2827706=85,852415=848,851904=278,852676=1846,851653=489,851145=837,851019=5188,852428=4959,856144=1401,853076=4814,850644=628,855258=153,852961=285,851048=467,852715=4258,855275=1112,851565=3591,853359=5153,854898=3304,852083=2653,854387=3399,851061=1460,851190=5583,851833=4,853630=508
GO:0008186,RNA-dependent ATPase activity,852704=1488,855745=1881,852802=2281,854211=4657,855335=2642,853961=2553,853419=1204,853933=1997,856462=2361,853303=4937,852539=3191,855611=1912
GO:0005096,GTPase activator activity,852992=3271,854274=736,853513=2395,853770=1049,856458=1583,851985=4295,855827=2098,854037=7,854294=2717,856859=18,855835=2612,851997=2151,851358=57,853406=1559,854302=2913,851364=3711,855077=64,852136=576,851372=5152,853678=783,855988=1317,854073=24,851904=5267,850497=16,856899=3809,852563=1220,852948=1543,852437=2798,852694=3765,850517=642,854236=2452,853603=3881,851173=4278,855423=3866,855275=1410,856430=2317,854767=1619,856311=763,850431=4805
GO:0016776,"phosphotransferase activity, phosphate group as acceptor",855264=5329,852065=833,853441=5466,851812=798,853798=292,851753=957,855471=5532,853520=117,854099=5363,853844=514,856917=5561,851126=211,855260=1877,851388=1531,851580=5327,855870=1359
GO:0016410,N-acyltransferase activity,852481=580,856323=269,852228=247,853126=254,854418=3745,854427=2529,855591=4182,856106=619,856490=111,854188=2832,855084=521,851756=2142,853167=781,855344=316,851762=2829,855091=4860,856499=3868,856249=2872,851643=1453,855742=5505,854079=202,851521=5315,856386=1237,856642=15,853191=924,850504=5282,850892=3883,852814=2002,856654=199,850383=2133,856657=2772,856019=100,856404=2738,854230=2,850520=3963,852059=51,850529=180,850658=527,856163=2029,853861=1342,851818=2531,853364=2,854388=827,855157=887,853374=656
GO:0008649,rRNA methyltransferase activity,850304=81,850752=801,850883=4672,852741=4746,855782=2891,854376=2571,851656=3265,850414=301,855664=3510,852438=3764,854711=706,851548=555,855709=2506
GO:0016684,"oxidoreductase activity, acting on peroxide as acceptor",852064=95,852546=3151,851843=2238,855492=4913,854980=2128,854855=5023,854856=3630,850799=2620,853842=1165,852979=487,853940=3347,854805=2060,850322=3899,852215=1634,852124=1137
GO:0016779,nucleotidyltransferase activity,855936=3867,856320=2746,851456=216,850307=624,850310=2733,853895=2022,854791=174,852747=774,854283=3263,854157=4973,854667=1489,853116=126,854034=775,855571=1523,852245=53,853526=2101,851734=69,852890=2285,851615=3786,856226=3286,855459=3,854825=1690,852908=60,852013=382,853293=151,851504=376,855473=9,854322=331,851379=3708,853301=718,856119=409,855609=45,855737=1322,852028=2691,853821=92,851516=4022,856511=435,853442=45,850372=4285,855621=3555,853830=4961,9164870=5221,854399=2824,852937=3282,852810=90,854731=1008,850507=4919,851404=22,853713=1144,852306=258,856915=893,851028=1645,853462=2504,851415=3428,853466=3755,852317=4397,852451=4866,856547=262,851455=1324,854508=1380,854382=936,853871=13,854385=253,856305=779,854518=4160,854519=374,855417=439,853500=349,856317=400,854527=143
GO:0015616,DNA translocase activity,854912=1692,856453=342,854663=226,855049=33,852365=2159,853264=529,854680=38,856091=4146,850720=4763,855974=1533,850598=2568,856360=655,852277=285,851897=750,851645=2074,850495=517,854465=568,853192=355,855116=52,855757=100,854480=880,850384=2977,856146=2566,852947=583,851032=2232,852713=4698,852592=226,850419=3517,853877=3861,851071=3341
GO:0016651,"oxidoreductase activity, acting on NAD(P)H",854914=3580,854919=2819,855176=346,856584=1488,850698=1634,851079=1437,855824=2605,856090=864,850588=1615,850332=1740,852011=1464,856884=2490,856506=711,853707=3345,852302=2,856014=5078,851551=1196,850527=118,856161=1453,853602=1426,852716=2666,852335=1924,854768=12,851955=542,856438=1552,855932=3232
GO:0030554,adenyl nucleotide binding,854407=3346,852501=3505,853528=4392,854937=990,850589=4947,853789=4356,854691=3711,855203=1934,855460=67,853928=1244,851112=3270,852397=4326,854063=477,852528=2963,852925=2379,855998=1367,850633=2310,855114=4705,850636=1449,851532=4876,851671=1791,855642=1466,854126=4201,856303=946,852467=5030,853244=4100,853119=647
GO:0019787,ubiquitin-like protein transferase activity,855041=3214,850949=904,853512=2554,851485=115,851495=1132,853034=3535,853552=1076,852018=5345,855607=4110,851015=83,854102=1759,851549=913,855549=165,851554=2175,852068=2395,852583=4870,853096=4796,854123=399,855147=740,850539=33,856695=838,856186=2622,856704=472,852611=106,854149=523,851083=1263,856208=2936,851099=2344,850597=4470,851110=1673,851624=1994,855724=661,851631=132,854710=2545,856760=474,850623=3926,851666=3558,856799=1453,852194=4078,853219=343,854247=139,855271=542,851696=1356,854773=3872,855289=1119,850684=3366,854781=2247,852736=1178,850691=666,856837=2629,850693=313,851721=3566,852746=660,856852=1934,855318=3156,850711=3734,856862=2113,851757=291,854327=716,852793=1090,853832=1494,852822=372,853846=1036,850792=4211,853887=5547,851842=77,850818=617,851847=255,851337=2316,854929=1558,851858=4491,851859=2803,852886=1374,854423=5445,853400=213,852376=4851,851882=2573,852411=542,851389=378,855491=41,856515=2203,851908=416,854985=491,856536=129,850904=3569,851928=298,851424=211,851453=444,853986=1177,856571=1516,855036=490,856061=53
GO:0005200,structural constituent of cytoskeleton,856577=3960,853408=245,853539=5000,855979=442,855339=4081,855597=97,850734=46,851373=92,851250=5593,850358=62,856507=199,853824=28,855496=5314,850504=8,851024=2216,856530=551,850909=1154,851683=2765,851957=2186,851708=4
GO:0019210,kinase inhibitor activity,852865=4570,850306=5592,853283=5368,856695=5154,854954=4671,851243=422,850768=5606,854204=5029,850423=3589,854778=5094,853148=4357,856093=4026
GO:0016853,isomerase activity,855424=4344,856454=1858,853639=5016,854792=1595,850314=3296,854156=420,852495=3866,855951=329,854417=3880,856720=865,851733=3572,856470=4726,855321=1207,854812=4223,852130=1039,852131=1103,855587=765,851620=1366,853288=2452,856234=397,854065=385,855986=267,850872=3910,854462=2569,850499=891,851525=3231,854653=302,854088=2041,853705=4,853322=2664,855242=1207,856652=1835,854352=3919,852817=3943,855889=4421,852307=905,855636=971,855125=323,855131=4542,855521=4056,850914=3713,853475=450,853732=400,851170=2871,856173=3944,853489=4416,854897=2996,851570=4029,854901=4038,854262=3905,850935=2785,850550=3277,854909=2909
GO:0000217,DNA secondary structure binding,852641=3072,850722=2168,855203=62,851401=4,851562=5181,851754=4602,856908=4210,850540=4181,854063=1322,850545=2207,854738=3150,856083=94,850454=167,851671=447,855642=1626,850589=1655,850719=1056
GO:0016879,"ligase activity, forming carbon-nitrogen bonds",852994=3372,854661=432,854415=4411,852241=3573,850835=2712,856473=5002,852378=3958,852507=3295,850846=3917,853025=1622,855338=1355,851245=4177,853311=898,853567=699,853573=504,854726=4090,855750=3676,851272=4730,856268=1113,855501=2585,854479=358,854096=3528,856147=783,852952=4033,855257=3673,854108=242,853344=1094,855140=3120,856932=1348,852198=3665,854384=19,855794=3480,853118=695
GO:0051020,GTPase binding,851458=4929,856195=3923,851714=1791,853896=6,852618=1081,856458=35,851086=683,852753=598,856210=432,853781=957,856726=588,856727=4419,854552=20,855449=4407,851482=801,850709=2217,853537=4992,854434=5139,856740=5238,851748=3026,850728=1525,850345=542,852782=1140,852016=3849,853942=4364,850998=2361,852219=27,2827706=887,851260=1066,851261=299,852415=4694,856128=1127,851904=991,852676=2544,851653=1845,851145=215,851019=5212,852428=963,855760=4829,856144=175,853076=2919,850644=300,851797=890,855420=484,855258=1281,854876=122,852961=519,851041=856,856035=2088,852455=566,851048=2052,852715=1617,855275=1671,855277=621,852974=5192,853359=3763,853488=935,851565=1687,854898=1548,852083=773,854387=490,856691=2773,856821=3619,854391=3461,852088=5555,851833=16,851061=5561,856059=1160,851190=1670,853630=4226
GO:0008194,UDP-glycosyltransferase activity,855303=53,850569=7,852362=609,855690=1660,850962=5,853932=39,852920=14,853304=460,855874=99,850886=1927,852423=5237,852047=3582,852311=430,854872=457,854498=200,852835=3624,852326=323,855529=4480,851055=3677,854514=523,855928=518
GO:0001054,RNA polymerase I activity,856226=305,856547=192,852451=295,853293=2693,855609=4811,854385=3909,855473=1174,856119=25,853526=1934,854519=5,854518=63,851734=1757,856317=1,854399=495
GO:0016810,"hydrolase activity, acting on carbon-nitrogen (but not peptide) bonds",852608=272,852481=873,850946=2299,855305=979,853386=748,853525=4185,850327=2929,852247=2790,856473=1522,852378=2187,850715=287,856092=2251,852507=267,855324=1381,855581=3194,851360=4710,853665=4505,855710=3917,852392=4303,853417=5551,854190=2767,851889=3671,855987=48,855993=1421,851772=5517,854845=150,854973=2927,853183=273,854847=1028,851520=5121,851139=346,854725=1216,852038=1920,852550=1123,854086=4747,852681=833,854088=255,856009=2517,851016=1051,851017=2383,855120=5116,855121=1658,856018=242,854099=176,851027=2335,851920=2388,855386=3237,856674=5158,856548=1972,851432=2650,855149=1353,852846=3414,856175=3731,856309=811,853118=1448
GO:0001085,RNA polymerase II transcription factor binding,855554=4180,854020=2109,856709=1805,855656=5216,854249=1742,852171=5561,855505=4753,854290=5298,855828=71,856251=2748
GO:0000030,mannosyltransferase activity,850305=1035,853253=36,851462=2925,853256=4921,851210=625,855564=189,854925=2245,856718=250,854801=1614,852498=1648,852735=147,852504=2636,852635=1095,853538=3359,853935=307,854320=539,853302=530,852407=388,852289=596,855502=4449,852303=26,852815=675,855764=728,856057=89,853470=2114,856675=144,852196=2925,853608=1208,852458=4203,852845=2027,856050=5275,851832=5172,856313=2193,854266=274,852094=409,855679=77
GO:0019843,rRNA binding,853248=3,856449=477,852995=1,856463=2507,852754=273,852755=5339,854165=1546,855957=4390,850326=46,850837=2307,855068=2,855972=70,856228=470,856488=1222,851636=767,852918=201,853053=149,854717=2151,854078=1445,855613=355,851907=951,853956=74,854213=4828,854221=2518,852560=5180,852816=1671,854999=3657,856024=312,855649=79,854116=1842,855269=1093,851052=389,855789=1735,851313=4410,852089=4478,856063=16,856575=128
GO:0004532,exoribonuclease activity,855331=1788,854213=1939,853193=5335,854921=3632,855788=2569,850797=2027,856078=5380,851212=3648,852786=2076,853843=1529,854162=4279,854138=470,850748=3780,852702=4389
GO:0015932,nucleobase-containing compound transmembrane transporter activity,851329=1689,856712=873,856714=1546,852491=641,852238=979,854672=2858,852250=2985,854811=2324,855078=2925,852647=889,851246=629,856246=3212,856121=1851,856391=621,855880=817,856783=2366,855641=1262,854237=442
GO:0008170,N-methyltransferase activity,851844=1212,850702=3933,852884=2787,853271=4698,856346=4478,855965=3320,853536=2986,854696=1826,854186=292,850991=3738,854711=1095,852538=1233,856509=1140,850752=2,851265=3604,851779=410,853061=2647,856519=3452,852431=4716,852561=3275,852050=1987,855893=2895,853593=952,854746=4633,853851=3931,851548=1944,852574=1832,852318=1719,852322=5034,855782=4505,854376=2340,852076=4846,853996=3577,852080=4106,851698=22,852472=1521
GO:0004526,ribonuclease P activity,851200=894,854883=3532,852263=846,856459=2411,855500=4147,855439=3478,852560=4831,852465=4665,852918=706
GO:0008234,cysteine-type peptidase activity,850562=3667,853242=3928,855186=4637,854291=5023,856087=4024,851618=745,855350=867,854650=3741,851641=4507,855482=4484,853562=770,856895=4636,850500=3592,855498=78,853973=1388,855263=4379,854372=4118,851435=2631,855535=536,852212=4285,850554=243,854780=926,852349=2979,852990=3197
GO:0005355,glucose transmembrane transporter activity,853216=1316,855809=1540,856640=1,851943=1844,850536=1033,851944=8,851946=70,856492=11,855023=21,856496=157,850770=46,853236=1012,851352=416,854009=39
GO:0016763,"transferase activity, transferring pentosyl groups",852550=3504,852008=571,854986=366,856782=658,850608=45,854865=3331,855313=1252,855346=397,856529=2304,850704=1027,851956=3615,850906=1438,853597=512,855326=664
GO:0000993,RNA polymerase II complex binding,854020=13,856201=68,854290=52,852888=233,856743=200,851884=7,853936=740,856251=1630,851136=424,853697=620,852042=5025,853840=21,854999=106,852955=26,853475=5,852582=5099,852839=10,851814=1474,852457=5615,852607=123
GO:0008374,O-acyltransferase activity,853088=573,856262=383,855753=3768,853354=2173,854346=2201,856010=2735,856745=4031,852476=1182,852271=3174,850415=750,854419=1890,855444=3813,853941=958,854965=1651,851508=191,852796=4120,854559=853
GO:0008237,metallopeptidase activity,850945=3164,855317=3427,856737=713,851105=382,850860=684,850605=2472,856240=2276,853699=2468,852041=246,853962=1103,855114=3137,853581=4005,856536=2760,852187=4031,853724=2322,856419=557,851310=1447,850301=1876,853758=3685
GO:0008094,DNA-dependent ATPase activity,853512=12,855049=4950,852501=64,856091=345,853531=5041,856099=462,850980=3920,850982=948,854058=439,854059=2777,850495=685,856130=25,855116=118,856146=769,855636=321,851032=209,856680=105,852592=1232,855665=4864,851071=1787,854663=668,854680=4418,852641=321,850598=1422,855228=2994,851645=334,852158=1424,852673=431,853192=2634,855757=840,851150=195,853213=1310,852713=12,851187=3342,852728=324,856831=35,856334=934,851214=182,853264=2741,850719=5526,850720=103,855841=513,852258=93,854818=1703,854309=1721,856360=196,852277=201,851771=698,856911=1711,852822=44,856918=394,856920=3560,853852=6,853353=55,856426=69,853364=1,853877=31,854392=69,854912=673,855426=257,856453=1670,852365=178,854941=3925,852383=318,855974=1157,851885=939,851897=906,852411=940,854465=497,856520=119,855503=255,854480=70,850384=2267,852947=610,851932=37,850419=361,853492=3089,856569=119,850430=3401
GO:0016409,palmitoyltransferase activity,850947=3570,852070=370,853638=4136,855342=1739,854159=3054,851857=5022,851634=1320,853653=2748,854039=633,851704=3566,855390=2388
GO:0031491,nucleosome binding,850567=1492,853011=1279,854933=1575,852516=200,852275=81,854966=1639,852665=5146,854203=14,851520=5551,854465=1916,852547=5411,855505=3994,852050=36,850774=1536,851416=42,851163=2214,850784=3678,853605=42,856165=30,851813=976,851699=3019,853364=214
GO:0001228,"DNA-binding transcription activator activity, RNA polymerase II-specific",855554=886,852614=574,852871=366,854280=54,856329=2410,856845=2604,850958=5224,856847=854,854545=6,853523=1974,854675=29,855060=4329,855828=286,855704=3204,852377=26,854042=778,855323=4068,852638=4521,855970=250,851747=13,852260=45,851247=273,851503=2415,852278=451,851384=3240,850492=3699,852033=1548,856769=2579,853828=1615,856397=4,851542=20,851799=599,850523=39,853854=30,856030=768,851172=1647,852074=18,853356=677,850928=34,853748=4876,851701=4875,854775=507,855035=4541,851452=1365
GO:0016877,"ligase activity, forming carbon-sulfur bonds",856576=2985,854310=2524,853670=3531,853159=4073,852329=4651,856104=1907,852523=2791,854495=2948,851245=2918,854808=2004,856179=2864,850846=4743,856310=3396,851998=4074,855288=3048,856734=1591,856511=4739
GO:0015144,carbohydrate transmembrane transporter activity,855809=651,851352=1554,856492=4,856494=3,856496=370,2827704=1507,850490=2030,856640=2284,850770=119,853207=745,853216=2,851943=1637,850536=893,851944=4,851946=4,854636=1638,855023=2801,853236=42,854009=4932,850683=25
GO:0016836,hydro-lyase activity,856579=2246,852875=132,855692=2836,856464=1024,853653=3020,855848=834,853169=2340,852146=1555,850483=3038,854452=2638,855866=596,853059=2041,851013=3176,856392=727,853706=1768,855373=205,853841=2822,853473=2135,853348=2312,855400=2552,853481=3022,852842=73,854377=3610,853878=3033,851705=5251,852858=85
GO:0004620,phospholipase activity,850432=3202,856739=4233,854151=1650,855018=1023,854187=2689,853964=598,855020=2961,853902=3902,854225=2499,855860=4887,855895=872,854943=1429
GO:0070628,proteasome binding,856449=1812,856674=4835,850439=3105,851757=3632,850541=4406,855567=3608,851631=899,852822=3969,852598=422,852376=4355,855229=2578
GO:0015291,secondary active transmembrane transporter activity,854916=1595,856331=2893,854027=159,850829=2702,852250=1346,854811=1872,853663=4396,853540=2553,855078=617,852149=184,853558=1598,852537=1691,855747=3584,856132=872,856779=466,852946=2984,853207=858,855641=741,852066=2426,853218=1287,855395=1959,850403=269,851429=4199,853351=242,852594=4061,855282=3471,851317=559,852599=1549,853241=3392,854267=644
GO:0015203,polyamine transmembrane transporter activity,850631=2845,852331=2709,855854=952,854447=472,853680=102,853039=2512,856370=702,851317=2607,856279=428,853912=3725
GO:0070273,phosphatidylinositol-4-phosphate binding,853539=5337,856004=2841,851978=5573,851789=491,853872=1481,850577=1253,853138=851,852563=2620,851024=5235,855958=4510,850358=5575,856600=4947,855449=4677,856507=1924,856508=238
GO:0004175,endopeptidase activity,852993=2601,853761=286,851722=2573,855051=5123,854797=337,855182=1602,855186=3248,855317=1110,856218=3112,851105=3089,853285=889,850860=3253,855600=2043,856240=168,854328=1977,855483=3216,856649=662,852041=711,853962=4091,853581=2946,854735=2372,853456=4393,856536=1423,853724=3140,856419=1481,854372=6,851310=3089,850811=1329,850812=1517,850301=166,852990=1949
GO:0015399,primary active transmembrane transporter activity,851713=2456,856071=4769,852876=5011,851981=472,852878=5076,851983=2884,853647=42,2732686=122,851342=643,855956=3681,851862=3662,851095=863,851609=3261,851610=3476,855076=63,853671=1440,854444=486,855857=1593,855347=214,854324=963,851892=97,851002=1820,856131=1900,850885=4471,852424=2824,851659=2252,853198=4944,852177=231,853585=2846,856659=449,856913=3508,851922=1762,856027=741,853853=562,851168=2782,852709=1509,852327=223,851560=5162,856681=1016,854893=2226,856821=1046,852598=680,850678=216
GO:0019207,kinase regulator activity,852865=4366,850306=5335,855427=5378,850692=5537,852743=5395,853002=2034,853003=5397,855819=5549,854161=1,856468=5396,850325=5223,851990=4340,851478=5232,855706=5318,852763=5525,853148=1006,856093=3428,853283=5370,851623=2782,854954=3070,851243=1482,854700=5545,856236=5362,855726=1,856237=1108,851375=3229,852657=5376,851191=5403,854204=4997,854212=3322,854980=3525,851142=778,855239=4594,852680=1,856136=5407,851400=5147,850508=5409,852432=5565,850768=2717,850515=467,850907=1,852453=5185,851430=2265,856695=255,854761=5009,853355=4128,850923=1404,850423=144,854778=5378,856315=5098
GO:0016676,"oxidoreductase activity, acting on a heme group of donors, oxygen as acceptor",856448=5072,855298=1691,851492=2011,854598=705,850727=2705,851111=56,852684=798,852688=1005,855675=1713,854622=29
GO:0016209,antioxidant activity,851843=1853,856452=2611,851079=2068,853776=4283,850322=474,854805=2988,852124=408,853940=3661,856506=5,853568=230,852546=2599,854980=4987,855492=1809,854855=3643,854856=5044,852302=2482,856014=47,856399=932,853842=4435,851551=1488,852064=142,850799=2810,852979=2412,851955=2637,852215=1125
GO:0004527,exonuclease activity,855168=4522,852225=4183,851456=1895,854921=1147,851212=5346,856078=3895,851856=3535,854162=3015,854432=833,855331=2756,855459=37,852262=1363,853930=3048,852786=3593,854198=1737,850748=115,854213=5319,853193=756,853843=4966,852702=435,855264=1238,852580=1606,853222=104,854508=2296,852461=3494,855788=2082,850797=2194,853746=67,853747=221,851699=3910,854138=1646
GO:0019829,ATPase-coupled cation transmembrane transporter activity,856071=4461,852876=4920,851342=4221,851983=2358,852878=30,851862=2907,851609=1125,851610=3734,855076=51,854444=421,855857=1176,851892=213,851002=221,856131=2451,852424=1049,852177=151,853585=1951,856659=1420,851922=562,856027=1278,853853=2554,851168=914,852709=5252,852327=832,851560=1058,854893=1548,852598=3140
GO:0004721,phosphoprotein phosphatase activity,852224=5549,851075=2893,850441=159,851339=5139,853644=1442,851217=2560,851224=5254,855320=4891,850585=5563,856475=5399,853023=1,854946=5415,851362=3885,854693=1295,856870=871,851368=5529,856873=4989,856882=1369,851513=413,854844=4586,851647=5226,852422=5380,856393=5507,855499=3524,854992=846,851153=1,850650=109,851421=2044,852579=5577,851558=30,856807=3771,854383=1230,854257=15,855923=5477,856823=6,855674=2486,856187=4116
GO:0046915,transition metal ion transmembrane transporter activity,854916=1084,854789=29,850821=4491,852485=324,856580=4017,852637=2364,853926=3399,855080=1302,853679=1390,856241=2155,856888=2783,851129=1125,853308=2132,855369=2110,851786=3565,856779=1977,850645=3071,854494=1364,855775=5325,852709=2930,854246=1611,850917=2682,855284=323,852598=4306
GO:0015175,neutral amino acid transmembrane transporter activity,854530=786,855622=1480,856171=2366,853710=3221,850671=2391,851439=3215,853457=3789,852946=4451,853912=819,852121=4008,850333=4731
GO:0001671,ATPase activator activity,852866=3677,852230=163,850695=4078,850694=4106,855440=3044,850455=100,855196=251,855968=793,856865=1829,850878=801,855495=2405,851800=4476,850779=1286,855647=3805,850530=2816,855661=5159,855790=3672
GO:1901981,phosphatidylinositol phosphate binding,851978=4598,854539=1550,854026=990,853261=4417,853902=2429,850445=2809,850574=5519,852753=857,853138=271,852499=1919,854289=2860,850577=2195,855958=3629,856726=834,856600=1069,855449=2485,851731=1818,854300=258,851869=358,853539=2118,855844=522,852773=384,853416=1954,851086=496,854701=5540,852660=312,855988=434,850358=4314,855479=51,856505=542,855739=961,854076=261,856507=1218,856508=5024,851904=78,853953=4698,851906=3058,852035=277,856004=3198,851908=14,852426=2555,852428=5509,851789=1857,851024=988,852563=3429,854867=44,853589=4096,851923=2167,854235=2647,851680=2340,855016=1643,853359=2736,853872=2499,851445=858,855031=334
GO:0070566,adenylyltransferase activity,850307=1694,850310=125,856511=4464,854731=437,853871=60,854034=5027,856915=769,851379=1854,855417=1172,853466=1949,851516=96
GO:0060589,nucleoside-triphosphatase regulator activity,852992=3367,853513=2601,851985=4862,851988=1707,854037=1143,850455=5111,851997=1545,855077=4530,854073=2290,850497=4164,852563=2282,850517=4303,856154=2436,855647=3005,850530=3745,853603=967,855143=1407,855661=5258,854126=129,855196=291,854687=2731,854691=5117,852136=1079,853678=2055,854192=926,855760=905,852694=4810,854236=2140,851173=736,855275=3603,855790=4709,854767=4956,856311=3745,854274=4950,855300=4697,852230=1349,850694=3380,850695=1416,853770=994,855827=2989,854294=3939,855835=73,856859=4368,853789=2095,854302=53,856865=4088,856876=1250,856899=3328,851800=4687,850779=2060,856926=725,856430=1735,855423=1803,852866=1465,854407=4942,856458=1896,855440=464,851347=3443,853406=4585,851358=2015,855968=2690,851364=64,851372=2667,852397=1921,855988=39,855998=2679,850878=4407,851904=24,855495=3223,856008=1995,853965=2974,852948=2265,852437=3187,851420=5052,852467=494,850431=2013
GO:0080025,"phosphatidylinositol-3,5-bisphosphate binding",856004=1395,855844=943,852773=3624,850445=1162,853872=1328,850577=3945,853138=2486,852563=2765,851731=738,853589=1152,856600=4179,851869=3850
GO:0022803,passive transmembrane transporter activity,855425=12,856322=727,853352=1031,853131=370,854255=2225,855669=4701,853497=2151,850490=2874,850683=2671
GO:0042887,amide transmembrane transporter activity,856324=1996,851981=4677,853392=2034,851095=3935,855705=708,854428=2145,852388=848,856357=2556,853671=466,855592=3051,853298=828,855602=1685,856370=601,850999=2249,856252=268,854210=2266,850885=4050,855751=480,854472=80,855243=1887,856011=462,851659=3981,853968=129,854364=2178,852956=2180,854237=1689,853218=121,855654=304,856042=2196,852973=4991,851309=30,853617=3532,852469=2607,856821=908,850938=177
GO:0008017,microtubule binding,854662=3011,850956=5544,855822=285,853010=52,853909=409,852246=82,855574=287,850328=2630,852249=2832,856090=293,856736=26,854443=1700,850734=467,852787=108,853814=2371,854085=363,853958=2119,856263=123,851782=4979,851148=56,854223=1275,852819=6,853719=5177,853114=50,851579=905,851708=140
GO:0015103,inorganic anion transmembrane transporter activity,855850=932,853739=3757,854924=1334,854572=1225,856013=911,856331=761,852537=1697,855669=4379,855446=2522,853497=3451,850781=1038
GO:0052689,carboxylic ester hydrolase activity,854151=1565,853768=1597,850707=1772,856596=4117,856474=3442,854682=4570,854943=5209,851618=998,853163=1599,851628=1217,855361=2574,852548=1394,856010=590,853964=3763,856270=720,854225=1899,855250=3241,853717=1760,850519=4582,850648=2035,850522=2578,854248=3590,855018=2705,854251=1996,855020=540,851307=4342,856568=568,852476=565,852733=3519,852223=3470
GO:0003779,actin binding,856195=3028,851204=766,854414=1221,854289=169,850450=408,854549=2422,855834=1425,855584=9,854819=343,851372=2363,851376=3084,854456=4098,852415=53,851148=2736,854353=2808,855765=648,851029=5504,856409=325,856802=4,853862=3743,854504=2785,852971=3895,851051=5386,850676=493,850423=2411,854777=2,851707=3
GO:0008134,transcription factor binding,855554=1830,852996=446,854020=478,852492=263,853523=553,855060=3608,853526=226,851479=3893,856091=392,851488=4704,856100=116,852006=3994,853556=123,855092=1461,852053=1959,854106=2,855139=1322,851559=2491,855656=1026,852592=2447,856178=135,852091=1491,856709=87,855689=674,856201=1881,856219=2699,851613=617,856743=5047,853161=126,851115=174,854193=773,856251=5496,855743=330,853191=2343,852171=831,852694=4651,852184=217,851672=2353,853734=1460,854249=3681,852714=734,853751=1,856316=1540,854277=1164,850698=2819,851723=2367,855312=3369,854290=40,855828=3336,852766=1,854307=447,852269=1712,853807=56,854834=2012,850744=2768,854841=2577,856891=4256,851262=16,856904=5,850760=654,851788=3231,853840=510,856921=96,851802=373,856924=587,854369=1643,855407=5446,855920=1081,856437=203,855926=719,852860=382,851840=58,851846=2248,852377=126,854954=2566,850347=1323,853936=4216,853428=139,854964=3623,851384=5448,855485=444,851903=97,854465=742,852931=3089,852421=848,852938=1427,855505=4464,853974=1290,854999=340,856023=428,855522=136,855017=175,856058=1444,851964=313
GO:0019900,kinase binding,851680=1,853313=5540,855554=5140,851363=83,850692=5436,851561=930,850639=30,856912=632,854387=5284,852406=4,855543=3513,856854=157,853371=1885,856861=373,851486=63
GO:0140034,methylation-dependent protein binding,853865=3142,856490=2361,855626=4790,853900=386,850347=4349,856143=7,855920=495,856911=51,854230=145,855965=3824
GO:0008238,exopeptidase activity,856513=1452,855682=2578,853699=632,850945=3818,856423=1072,852584=1226,855530=1889,856811=873,852670=1132,852589=3703,850605=1332,855343=2028,854097=2372,853267=1263,851006=1470,852187=1398,853758=3587
GO:0016780,"phosphotransferase activity, for other substituted phosphate groups",852545=2229,850628=33,855845=2604,856229=962,853384=1005,855593=322,856523=234,856748=1061,850352=2495,852723=603,855955=3367,851413=2447,851896=2724,853690=1026
GO:0043495,protein membrane anchor,852864=2421,854113=3138,852362=3606,856817=4573,856020=1775,855159=3640,850296=1823,855198=827,851261=3438,856702=4326
GO:0016829,lyase activity,855552=330,856579=2255,854034=194,851987=4685,851479=993,852514=3290,854568=493,856114=1996,850483=2821,850485=963,853059=2816,851013=2611,855121=1379,853080=3995,856665=2129,854105=2433,851073=208,852098=2617,855692=438,853651=107,853653=2071,856728=4756,853662=129,851617=234,853669=3965,853169=1170,852146=3532,852150=1119,852152=2606,850616=1298,852679=824,853706=841,854220=3391,852691=5217,856794=267,855779=482,856819=2502,856824=683,851705=4801,851192=458,852729=2020,855291=1206,853774=587,853775=1177,851221=341,854295=1372,855333=3337,855848=4028,853805=763,850733=532,855866=945,854850=1914,856392=3184,854347=4183,855373=665,856910=748,853841=445,856411=928,853348=4220,855400=1813,854377=321,852842=2678,853878=2545,850295=1391,852858=912,850825=2122,852875=250,856464=1848,855465=539,851888=366,854452=1755,853946=406,853452=5209,853972=237,853473=2619,855009=22,853481=154,852978=1114,850420=650
GO:0016884,"carbon-nitrogen ligase activity, with glutamine as amido-N-donor",853025=636,852994=654,855257=237,853573=475,852198=996,855338=4094,856268=374,854479=1982,852952=2177,856473=4083,853311=917
GO:0015174,basic amino acid transmembrane transporter activity,856646=257,855113=648,854061=1956,853104=1173,850290=643,851954=2762,852596=1609,855451=2956,852444=2827,855453=777
GO:0003712,transcription coregulator activity,854017=68,855554=34,854404=172,854020=2439,854405=1851,856455=30,850442=2955,852492=5155,855821=908,854158=3999,850445=239,854290=1046,854554=2768,850459=783,855964=1613,852001=195,852006=781,855464=358,856366=1490,852275=3690,850744=27,854841=1036,852410=233,854203=11,850879=1994,855744=105,851903=119,855620=731,856904=1812,854474=3228,852053=359,854106=13,852059=2,854874=3757,855386=5405,851802=1938,854369=3146,855522=243,851809=524,853605=83,855656=3795,854249=1338,850920=421,856437=3751,853751=1923,854652=148
GO:0016840,carbon-nitrogen lyase activity,851073=311,854850=1693,852679=743,856910=4,855121=1203,856819=5084,850485=700,850295=337,856411=1640,853662=1780
GO:0019237,centromeric DNA binding,855204=3219,855013=5542,853773=1649,850607=1138,854480=5030,853041=651,853523=5333,854675=4702,853817=1152
GO:0017171,serine hydrolase activity,852993=3009,853285=2239,853768=1275,856649=3770,855343=3524,855600=3221,855483=3201,852476=4427,852670=2375
GO:0009055,electron transfer activity,856448=1581,856321=28,855298=4974,853507=10,852235=476,853273=3542,850593=20,851492=1154,850727=3834,851111=124,852142=988,853945=3571,855612=1,854598=1486,856390=985,852684=239,852688=855,854231=109,852825=3370,854622=30,856672=773,853095=2838,852207=3841,856689=5,856438=158,855675=75
GO:0046873,metal ion transmembrane transporter activity,855425=1325,854916=209,854789=4135,852485=25,856580=2402,850821=870,853514=815,853131=2432,850829=428,852878=4624,851609=1298,851610=1491,852637=4183,855202=7,853924=736,853926=3911,855080=1911,853679=339,856241=627,856888=1521,852537=1905,851129=3202,853308=1762,853312=424,855369=1165,851786=1573,856779=530,850645=1459,854494=3711,855775=1689,852066=245,855395=3061,852709=5313,854246=1452,853351=204,853352=559,850917=630,851429=1879,856045=2572,854255=683,854511=152,855284=1706,852598=955,852599=1677
GO:0004386,helicase activity,856574=1118,854663=1814,856334=2601,856462=4210,856078=918,854034=968,851475=937,852501=1,852757=706,853397=3825,853784=3566,854806=1047,856732=767,854941=1872,850719=157,852641=171,852258=3452,854818=1105,855841=989,854309=430,856099=15,855335=4255,850980=3585,850982=1654,854058=4897,853419=455,853933=1075,851885=3369,851379=5061,853303=2889,855611=165,855228=2404,851771=33,852158=1333,851775=2382,855104=391,852673=1064,852802=3339,854211=2248,856130=4080,851143=1048,851150=3529,855503=514,852816=1,852822=434,856918=1716,856919=1482,853852=3529,853213=130,851932=1075,852704=2372,856680=357,853353=1205,856426=403,854379=24,855665=1315,851187=13,853364=1910,855158=299,852728=1480,856569=1893,850430=1461
GO:0016722,"oxidoreductase activity, oxidizing metal ions",854563=1481,850502=420,855080=1994,851437=549,850736=2109,850675=616,855797=160,853660=868,854013=950,850911=730
GO:0090599,alpha-glucosidase activity,854635=6,852530=3738,853204=2124,852602=788,853209=3123,856314=622,853214=2129,851807=1250
GO:0005088,Ras guanyl-nucleotide exchange factor activity,851086=5241,852753=3635,851482=1535,850345=5225,852782=2108,852016=3609,853942=89,2827706=1737,851145=5253,851019=1127,852428=4594,853076=3960,850644=1468,855258=277,852961=209,854898=7,852083=5244,851061=444,851190=5603,851833=177
GO:0003743,translation initiation factor activity,855302=1149,853896=1335,855177=202,854543=513,852371=3328,855838=176,854434=434,856746=140,853933=1067,855477=2041,850998=329,853303=143,855357=77,856897=3908,852039=4278,850889=1168,852945=1085,851797=24,856154=2653,852833=401,856677=225,852974=3746,854135=24,851196=3813
GO:0001056,RNA polymerase III activity,856320=4,853442=590,852451=316,856226=42,856547=286,853895=85,854399=203,854283=461,851404=2860,854382=1712,855609=933,853713=3628,854385=1916,855571=2729,855737=2886,856317=581,851615=2
GO:0017069,snRNA binding,852416=2225,855430=1731,854826=1686,856170=4569,854956=1147,855310=5056,856687=2163,856848=877,853681=485,851318=2082,856570=936,854749=2875
GO:0000149,SNARE binding,855937=3215,856162=233,851142=2228,850505=1035,853226=212,856144=4417,852785=201,853043=2424,852372=59,854742=1754,856886=2170,851770=420,851742=200
GO:0016814,"hydrolase activity, acting on carbon-nitrogen (but not peptide) bonds, in cyclic amidines",852608=13,851360=2501,850946=152,856548=3723,854088=2489,853417=3833,855149=3186,856175=2297,854973=4199,851027=4428,850327=2190,852378=3861,850715=4469,852247=1114,855581=4773,853118=2411,853183=1120
GO:0030295,protein kinase activator activity,850692=5503,854212=4722,852453=885,851142=353,851623=807,853355=406,850508=1634,855726=4240,852432=126,850515=5515,851990=5192,851478=4568,852763=5297
GO:0016705,"oxidoreductase activity, acting on paired donors, with incorporation or reduction of molecular oxygen",856581=87,850669=896,856398=969,853583=4394,853170=1523,852179=3367,856916=1145,855029=1845,850902=3451,852951=1360,852825=3543,850745=5297,851670=2940,853534=4541,853086=813
GO:0003724,RNA helicase activity,856462=4787,856078=4548,854034=583,851475=262,852757=1871,853397=3010,853784=3229,856732=2325,850982=1305,855335=2741,853419=1204,853933=4263,851379=2438,853303=4847,855611=920,851775=681,855104=2564,852802=4707,854211=919,851143=3225,852816=2800,856919=4866,852704=1713,854379=4235,855158=3382,856574=3146
GO:0097367,carbohydrate derivative binding,856195=3219,853244=60,852501=3087,853528=116,854937=3442,850589=3501,853789=296,854688=44,853539=3537,855203=5066,855460=2298,853928=86,851112=2315,856746=575,851373=938,854063=4431,852528=1676,853554=2836,856507=2498,852925=159,855998=4717,852415=2002,850496=3964,855625=4684,855114=3089,850633=2061,855884=3116,850636=4583,851532=4652,853072=1678,851024=1879,851671=4372,855642=4531,852323=5013,854243=1847,856303=941,850543=588,851195=1122,851196=1638,853119=1909
GO:0016859,cis-trans isomerase activity,850914=3744,855587=323,852131=2984,853475=4198,856454=381,851170=1025,855951=266,854897=3322,853489=5008,854901=3490,851733=2720,854653=3278
GO:0004520,endodeoxyribonuclease activity,855264=1103,853858=1861,852700=8,853222=1811,853930=33,852395=1345,856364=7,850826=171,852529=693,853747=2932,856085=3547,853174=700,854198=116,856569=859,851994=2,856764=90,854878=18
GO:0000977,RNA polymerase II regulatory region sequence-specific DNA binding,855554=3670,852996=1063,852614=29,854280=100,856329=207,852860=162,852492=3090,854540=4042,853390=58,856845=5302,850958=4954,854545=993,853523=89,854675=14,855060=83,855828=1865,852377=9,854042=2041,855323=23,854684=5507,855706=12,852638=1069,856219=1484,850971=725,851613=3866,855970=4933,854307=91,852260=4987,855975=50,856743=4324,856750=2601,851247=559,855092=1496,852278=1949,852663=3095,851384=1233,850873=2910,855482=696,856763=2328,856891=1509,854333=1560,852542=21,851905=2412,853828=543,854981=4973,851654=1211,852935=142,854345=2522,851788=554,856397=133,853966=1350,853974=5,851542=5383,851670=793,851799=42,851802=638,855899=1675,852062=1117,853854=4512,856030=682,854755=3463,852710=257,852074=286,853356=24,852848=4461,850928=1326,853748=73,851701=139,855926=2842,851452=824
GO:0005085,guanyl-nucleotide exchange factor activity,851458=4891,851714=3341,853896=2390,851086=2967,852753=2832,856210=1441,853781=3882,850709=583,855449=2424,851482=4250,854434=2033,856740=3093,851748=4856,850728=2578,850345=597,852782=1524,852016=3466,853942=1151,850998=18,2827706=1140,851260=5299,856128=2568,851145=1344,851019=3678,852428=2596,855760=1532,853076=2523,850644=735,851797=614,855258=4785,854876=1094,852961=674,856035=2891,852974=2311,852219=317,853488=3625,854898=3089,852083=32,856691=2739,856821=2800,851061=1753,851190=5449,852088=823,851833=5581,856059=1125,855420=4642
GO:0016620,"oxidoreductase activity, acting on the aldehyde or oxo group of donors, NAD or NADP as acceptor",853395=4829,851736=981,854556=2142,855588=2370,855205=1507,855206=2488,854570=1235,852154=3279,852412=1821,852291=17,853465=2474,855137=2543,856804=297,854501=1145,852844=1847,856044=266,853106=920
GO:0004518,nuclease activity,851456=810,856078=896,856085=4,851994=815,850983=4451,855081=1392,852529=2688,852560=4336,852580=1548,855652=2286,854138=3110,855168=2446,854152=5050,854162=3718,852646=264,9164967=293,855731=3718,853174=5137,854198=3402,856764=44,854213=3604,853193=4963,853708=5488,854221=363,852700=57,852702=1914,855264=1994,853222=2227,855274=1164,855788=3882,855280=1978,853746=477,853747=859,851699=5304,851200=917,852225=3619,851212=31,855329=2397,855331=3137,852262=1259,852263=2827,856364=1270,852786=1179,850748=522,854334=3105,854337=863,853843=2226,854878=2556,853858=639,854883=1272,850795=24,850797=758,854921=2920,850826=3025,856459=2496,855439=286,851856=3906,856478=1299,850847=397,854432=4203,851873=1921,855459=5533,853930=1544,852395=34,855980=1560,851371=921,853937=1041,852918=4426,853954=939,855500=4907,856022=229,851939=3770,854508=3553,852461=643,852465=4242,856569=986
GO:0016875,"ligase activity, forming carbon-oxygen bonds",851587=2352,855943=1274,853640=1179,851861=2278,851607=679,851098=446,854056=3129,855474=1673,850749=2949,853181=863,856000=270,852418=4824,854339=241,856007=2239,854732=890,856145=2276,856402=4680,850643=2610,850388=4484,853081=847,850522=329,856412=144,856413=1014,856160=256,855651=207,851942=369,853097=673,852202=2004,854513=958,852986=1076,852606=4237
GO:0038023,signaling receptor activity,852897=411,851042=4,854659=5469,851527=5198,853677=1112,855438=1995,856854=8,850518=897,852030=7,854170=3329,854046=18
GO:0016413,O-acetyltransferase activity,853088=2254,856745=582,856010=2057,852271=4134,855444=3009,853941=2817,854965=1157,852476=3411,854559=777
GO:0017048,Rho GTPase binding,851904=454,852961=128,856195=89,850345=80,856458=1,851145=640,851086=5085,853359=2022,854387=2541,856726=1291,851190=5606,852415=1280
GO:0003774,motor activity,855136=2937,852034=5054,852099=597,851204=363,855238=2444,856263=111,853928=254,854504=1807,856648=1,855948=2185,852655=680,855345=35,852216=56
GO:0016874,ligase activity,856576=98,852994=4142,852507=4778,851998=1586,853025=232,852519=2039,854056=3109,856104=488,852523=3287,853567=2178,853573=175,854096=2130,856145=2440,856147=1010,853081=317,850522=1023,854108=1616,856160=904,855651=3175,855140=1121,853097=402,856179=24,853118=1369,852606=1383,851587=759,854661=2445,853640=3522,854166=91,851607=825,851098=4117,856734=2414,853670=4170,853159=3244,853181=3119,854726=4552,855750=816,854732=3381,856268=2780,855247=632,850643=411,855257=275,852198=1054,852202=1698,855794=309,856310=1561,855288=1389,852241=2456,854808=3328,854310=574,855338=3115,851245=4610,850749=1,853311=1586,854339=2033,851272=3602,852818=4545,856402=580,856412=1041,856413=4274,853344=5,856932=69,852329=3284,853358=2804,854384=1092,855943=3303,854415=361,850835=4280,851861=3761,856473=3095,852378=1335,850846=2652,855474=3252,856511=242,856000=321,851391=1459,852418=623,856007=369,855501=4350,854479=4908,850388=4903,852952=419,854495=843,851942=1096,854513=23,852986=131,850940=2120
GO:0042162,telomeric DNA binding,851975=1343,850696=2,854806=127,850843=4446,855975=4077,850346=3631,855471=7,851655=345,853064=2795,855505=5,851028=3987,855132=5443,852190=53,855264=296,855649=2309,852578=4320,852707=50,851174=27,851306=4990,850934=1044,852991=5038
GO:0003684,damaged DNA binding,855168=380,856674=3080,853512=1368,855241=940,854123=4669,853836=5022,856909=4601,852110=2283,856885=1293,856918=1857,852411=311,851099=44
GO:0051087,chaperone binding,852866=1220,854790=1040,850424=3056,854185=4649,850633=4774,854222=5114,853743=4816,855406=271,855440=2868,853043=2216,850963=4318,855254=2441,851800=2908,856281=1573
GO:0120013,lipid transfer activity,856480=1443,855457=882,855490=367,856389=4195,856472=4221,854153=3389,850761=3912,850890=4472,854412=6,853296=2672,853872=2059,855958=2049,851543=719,851286=2808,851926=188,851096=3634,850654=1134,855103=4703
GO:0090079,"translation regulator activity, nucleic acid binding",856195=1405,855302=373,850951=37,853896=44,855177=3858,852107=1188,854543=3248,852371=656,855838=67,854434=670,855718=2428,851752=1465,856746=4536,853933=728,851887=152,855477=786,850998=1851,853303=2515,855357=182,852415=35,856897=4166,852039=974,850889=2645,852945=274,854740=38,851797=4427,854359=194,852440=1477,856154=608,852833=2043,856677=461,852974=1959,854135=43,851196=2421,852734=4065
GO:0016538,cyclin-dependent protein serine/threonine kinase regulator activity,855427=5246,852743=4221,853002=2721,853003=5301,855819=5605,854161=1,856468=3385,855706=4848,853148=5487,856093=3369,853283=2377,856236=3607,856237=161,851375=1,852657=3472,855239=1,856136=6,851400=5510,850768=4158,850907=1,851430=3488,854761=1,850923=1730,851191=65
GO:0022890,inorganic cation transmembrane transporter activity,856580=655,852485=99,856071=3000,853514=5025,854027=1768,851983=27,855076=151,851492=4564,855080=2487,852537=331,851002=1945,850494=3220,856131=1157,854598=3095,853585=4437,856659=214,854622=3262,852066=1106,851560=833,852598=761,852599=256,855675=809,853131=2280,851609=2509,851610=1445,852637=2400,853663=2301,855202=1450,851111=918,853679=358,856241=154,852149=2417,851129=3733,856779=2766,852684=121,852688=1058,852177=1778,850645=1883,853207=315,855775=5272,851168=3437,852709=1886,854246=1735,854255=1327,855792=4234,855284=747,855298=2657,854789=320,850727=166,855857=1711,856888=3131,853308=248,853312=1024,855369=2899,851786=709,853853=782,855395=438,852327=3392,853351=2035,853352=298,854893=478,851317=648,856447=279,856448=3583,855425=2759,854916=325,850821=54,852876=3060,850829=3972,852878=3995,851342=1736,851862=1378,853924=4012,853926=473,854444=5,851892=2389,852424=329,851922=857,856027=2221,854494=901,850917=3978,853990=2152,851429=1370,856045=883,854511=2180
GO:1902936,phosphatidylinositol bisphosphate binding,850445=3459,851086=4883,854289=4541,853138=919,850577=1152,851731=3917,855958=2640,856726=3532,856600=16,851869=1889,855844=270,852773=3386,854701=2025,854076=2884,851904=2129,856004=939,852426=89,852563=1771,853589=2555,851680=4026,853359=2376,853872=2798,855031=1250
GO:0001134,transcription regulator recruiting activity,852996=25,854277=1718,856709=1919,852860=5045,852377=2762,856100=3593,850347=4802,854841=5202,856891=1375,851262=3071,852421=3636,852938=2724,852053=1488,853974=5034,852184=145,854106=1,855139=5,851559=4105,854249=4959,856178=4642,856437=3598,851964=2384
GO:0042277,peptide binding,856194=1186,856846=1924,852240=3987,851733=4841,851095=4257,851494=4344,852264=3343,854697=3279,855978=2318,855602=1114,856376=2161,854331=4115,855356=3840,855998=1929,855751=5245,853064=4411,852305=4421,852586=965,854634=2497,856042=2894,852973=3544,851309=4853,851831=1656
GO:0061629,RNA polymerase II-specific DNA-binding transcription factor binding,851840=9,855554=1735,851846=102,852860=143,851723=1346,853523=2905,855060=3590,853526=1258,851479=1944,856091=4888,851613=440,852766=2900,854307=4950,854954=4621,854834=233,855092=2896,851384=4273,856891=253,855485=1745,851903=604,854465=13,850760=949,851672=614,856921=5411,854106=1,851802=709,856924=38,855522=400,851559=5555,855017=2367,852714=3480,852592=2419,855926=1747,853751=2824,856316=4489
GO:0005506,iron ion binding,855968=1618,856775=1035,850632=160,851437=1134,852207=3870,851665=2903,851955=1564,856180=2479,852789=2617,853047=784,853560=3572,851551=929
GO:0001217,DNA-binding transcription repressor activity,851905=5206,855554=1506,852541=257,851172=611,850406=658,856358=3976,851788=4678,856750=3060,852848=55,853650=58,853523=4817,854675=1865,855060=3531,856178=503,852663=51,856916=3970,851670=1141,851613=80
GO:0016798,"hydrolase activity, acting on glycosyl bonds",852481=1837,851848=2303,851218=52,850836=2263,854942=974,856611=2273,854824=2194,852009=458,850992=364,852530=1149,854708=3537,853045=92,856885=17,852286=2469,856137=483,854987=1417,853199=829,856018=3221,853204=3633,852310=1756,853209=1655,854362=2488,853595=2861,850906=290,853214=849,856287=2809,851807=359,854114=181,854635=3364,852721=31,853618=1757,854644=2323,852602=451,852857=1063,856314=894,855804=1571
GO:0051082,unfolded protein binding,851458=5114,856070=4869,854664=4218,856457=7,856840=1194,850314=3923,852364=100,853260=3522,855566=3366,856461=1123,851084=631,853009=170,850963=664,853527=4153,856600=3997,855836=3809,855837=1924,854812=332,853789=2423,856478=5533,852130=2629,851746=4831,851109=383,854185=4634,853418=1038,851241=3936,851369=4183,854317=4058,854702=644,854829=3638,854957=2749,852785=1930,851497=273,855224=20,851768=823,851259=22,853438=928,851651=5235,854980=10,853447=3173,855240=743,850633=999,856395=2659,850636=521,853325=3831,851412=98,853333=1608,851798=3439,856535=1918,855512=4879,855647=599,856545=1340,850530=2586,850914=5145,855401=372,851817=2761,852203=302,855661=1358,853489=3425,851314=2143,856693=3977,855161=1928,851839=2049
GO:0004722,protein serine/threonine phosphatase activity,852224=5524,850441=175,851339=5463,853644=1725,851217=5320,855320=5255,856475=2,853023=5405,854946=1,856870=5537,856882=4670,851513=3362,851647=5346,852422=5454,855499=5510,854992=1,851153=5434,851421=3,851558=5597,854257=1,856823=5526
GO:0036002,pre-mRNA binding,9164871=361,853806=832,854960=234,853137=876,856570=514,852853=1021,850807=337,851098=2565,853788=2153,851005=3938
GO:0061733,peptide-lysine-N-acetyltransferase activity,852228=568,854418=110,856490=1380,856106=418,854188=256,851756=323,853167=1540,851762=60,855091=2253,856499=5522,853191=5283,850504=5341,852814=578,856654=223,856019=54,854230=4688,850520=11,852059=48,850658=1615,853364=13,854388=930,855157=155
GO:0016830,carbon-carbon lyase activity,855552=507,852098=518,850825=79,853774=4645,851987=415,853651=1611,851479=2310,854295=1437,856728=300,851617=2009,853669=1829,855333=2151,854568=2284,855465=2914,853805=550,850733=516,851888=1638,856114=2769,852150=294,852152=2116,853946=3525,854220=2211,853972=439,853080=1442,854105=2812,856665=1417,856794=3590,855779=300,852978=35,856824=1253,855291=482
GO:0003714,transcription corepressor activity,855554=1313,854404=2480,854405=4414,852492=2186,850445=39,854158=5257,850459=749,855964=4392,852006=1516,856366=4304,852275=193,852410=484,854203=1049,851903=1,856904=1232,855386=452,851809=1233,853605=21,854249=5207
GO:0101005,ubiquitinyl hydrolase activity,851618=4318,850562=5144,850500=3047,855263=5107,855910=3548,853242=889,851435=3393,855535=3874,854291=1113,852212=4110,853973=1309,854650=1445,855350=4394,850554=3839,851641=176,853562=3813,852349=951,856895=5211
GO:0022884,macromolecule transmembrane transporter activity,851981=1076,853392=4256,851095=970,855705=350,854428=936,852388=755,856357=383,855592=305,853298=2260,855602=686,850999=583,856252=28,854210=2611,855751=845,854472=538,855243=38,856011=571,851659=846,855654=563,856042=1356,852973=4704,851309=13,852469=605,856821=29
GO:0016769,"transferase activity, transferring nitrogenous groups",852672=3564,856896=549,854690=3264,852902=1630,856615=116,853386=166,851690=464,853613=1118,850514=32,855795=820,854356=3734,851158=2935,856539=1564,855768=2247,850778=4136,850714=684,853757=4700
GO:0004674,protein serine/threonine kinase activity,856065=127,851457=3,854533=28,850950=57,855561=29,856076=4,855568=46,853529=2,856612=18,854053=72,852032=45,851533=3252,850511=10,851545=59,854111=43,852577=24,856167=4,852088=93,853632=5,854144=47,855170=3177,851076=65,852101=15,850568=1847,855711=11,856227=4559,856749=61,852664=18,853688=29,853178=3458,854713=866,852169=4711,850641=3312,854227=281,855765=5,853718=13,852695=9,852696=54,855256=72,852190=136,856290=63,853733=76,855783=5,851700=5166,854776=84,853760=4038,851216=100,853275=18,852763=77,856866=39,855336=5499,852265=58,853300=4113,853818=71,856382=82,851274=67,855897=14,855898=134,852316=174,850785=21,853350=12,856425=159,855409=32,850803=9,855418=26,851834=1564,852351=22,854408=485,856478=28,851877=5,852394=7,852931=12,856537=6,853992=19,852457=14,855538=81,852984=100,851450=2
GO:0043138,3'-5' DNA helicase activity,852673=1529,854818=2314,856130=914,855841=43,854309=4530,853353=5085,854058=2886,851885=409,855665=365,853364=4761,852501=6,852728=2800,851771=15
GO:0016757,"transferase activity, transferring glycosyl groups",851462=3879,855564=210,852498=2990,850962=106,852504=2147,853538=1064,852008=1958,852550=1295,852047=2208,853597=3681,856671=1616,856675=582,853608=1734,853102=24,851055=137,852094=2687,855679=3345,856705=3941,850569=50,855690=1471,855180=4090,856716=907,856718=86,854163=111,853142=6,852635=21,850608=709,856782=202,855764=152,854233=2889,856289=225,852196=1511,854252=4813,856313=25,854266=1628,856314=2236,852735=1127,853253=383,855303=310,853256=1920,851210=5062,850704=2852,854801=1966,855313=2857,855326=1570,854320=11,855346=43,853302=984,853304=442,852289=3152,855874=477,852303=131,852815=1214,854865=2602,852311=1759,854872=285,852835=2603,852326=1726,853866=3525,852845=924,851832=1406,855928=4387,850305=5,852362=506,854925=43,853932=1298,853935=1326,852407=464,852920=1273,850886=1464,852423=4936,854986=213,855502=23,853455=1912,856529=3026,850906=3912,853470=3125,854498=195,855529=42,852458=2291,854514=499,856050=3845,851956=3198,856057=87
GO:0004857,enzyme inhibitor activity,852865=4079,850306=5562,855300=5359,853641=733,853369=4068,850572=2350,855565=1139,851347=172,851988=3742,855316=2487,851994=51,853148=4729,856093=933,854941=1904,854944=3994,854945=277,853283=5366,855717=27,854954=3647,851243=2830,855212=155,854192=4772,855861=4197,855993=1120,853946=3640,854843=4288,854204=3897,850875=2579,856008=4250,850762=3399,854220=550,853197=796,856912=1622,850768=2120,856055=5572,856540=3617,850396=1273,856926=1625,856695=2999,4036073=1488,851306=728,855409=3714,850423=1324,850553=4382,854778=5567
GO:0048037,cofactor binding,852323=600,853639=3520,854154=1712,853709=1728,851551=765,852925=1724,856048=3030,851376=2314,854814=3782,852244=983,853173=2728,852789=2619,855669=3991,853945=3646,855135=807,855933=1781,856638=701,855487=1364
GO:0034511,U3 snoRNA binding,850820=6,855269=4053,853029=1036,854245=3133,850919=11,855977=1,853419=331,855884=4756,855118=1089,856687=1019,851407=65,853335=3608,856603=25,852060=200,854717=541
GO:0008509,anion transmembrane transporter activity,854530=1858,850438=144,855078=23,854572=1116,854061=3343,853558=1917,850489=1267,852537=918,856121=3092,856132=213,855622=3514,856646=247,855113=3588,855641=321,852066=2609,856171=1168,855660=504,853104=784,853617=1210,852594=1364,852596=376,855669=49,851063=619,854139=4620,856714=1174,854672=2296,852121=1994,853663=1571,851616=270,853158=4415,853175=3915,855747=1428,853710=129,850645=464,853739=1051,850671=3939,855282=578,850678=285,851713=2175,856331=1166,856855=1434,854297=2156,852250=237,854811=492,856349=2019,855850=1215,851246=3167,855863=1924,852800=2947,856391=403,855880=3625,850781=2809,855395=584,853351=3188,850290=1938,851317=371,854397=431,854916=3891,852360=226,852361=1804,854924=3656,855446=2069,853912=3862,855451=4473,855453=4705,850333=11,855969=3606,850368=4193,856013=906,853457=1543,852946=575,854483=2760,852956=3189,852444=1963,851429=1449,851439=1086,851954=4197,856567=1796,853497=1799,852988=632
GO:0005310,dicarboxylic acid transmembrane transporter activity,855969=1736,851713=3685,856132=3378,853739=942,855863=603,851063=1178,850645=1377,853558=1831,856855=3325,854397=1424
GO:0016811,"hydrolase activity, acting on carbon-nitrogen (but not peptide) bonds, in linear amides",852481=2966,855305=1558,853386=998,853525=3705,856473=3183,852507=4758,856092=23,855324=2693,855710=5573,852392=938,854190=3261,851889=103,855987=4183,851772=653,851520=5546,854725=2755,852038=5087,852550=1897,854086=849,852681=528,856009=2047,851016=1611,851017=2668,855120=338,855121=438,856018=3261,851920=2453,855386=5245,856674=4280,851432=4157,852846=2073,856309=1218
GO:0008081,phosphoric diester hydrolase activity,856739=944,852644=4733,852262=238,853162=1908,852525=2895,853358=953,853902=3875,854542=5051,853746=434,855860=4837,855895=460,855994=470
GO:0015926,glucosidase activity,851848=626,850836=334,854824=886,852530=2734,854708=896,853045=372,853199=2882,853204=2517,853209=3582,854362=200,853214=1668,856287=1276,851807=475,854635=8,852602=882,852857=465,856314=877,855804=349
GO:0008408,3'-5' exonuclease activity,851456=3033,852225=3761,854921=2792,851212=5379,856078=4983,854162=3949,855331=4284,855459=54,852262=4842,852786=3777,850748=1867,853193=5210,853843=495,855264=353,852580=1209,854508=3701,855788=931,850797=3600,853746=2285,851699=99,854138=938
GO:0016831,carboxy-lyase activity,855552=100,850825=43,853774=4587,851987=890,853651=1768,851479=341,854295=378,856728=3212,851617=2229,853669=2342,850733=3435,852150=3200,852152=1887,853946=2641,854220=1618,853972=2758,853080=3629,854105=1823,855779=2211,852978=14,855291=969
GO:0015078,proton transmembrane transporter activity,856448=1581,855298=8,854916=4701,856071=4717,854027=4688,852876=342,850829=3310,851342=74,851983=4235,853663=462,855076=2463,851492=479,850727=223,851111=176,854444=543,855857=1409,851892=347,852149=275,851002=121,856131=1170,854598=2682,852424=2217,852684=169,852688=1067,852177=2002,853585=4021,856659=433,851922=2517,853207=2638,856027=1251,853853=1022,854622=2817,851168=2065,852066=109,855395=2599,851429=38,852327=1202,853351=1705,851560=2946,854893=1258,851317=1051,855675=3241
GO:0015079,potassium ion transmembrane transporter activity,853312=4429,852066=32,855395=1,853924=1417,851429=4186,853351=690,853352=7,853514=5103,854255=2478,852537=3636,851609=340,851610=9
GO:0030515,snoRNA binding,850820=12,856603=1876,853029=211,855591=3069,855977=2,856489=847,853419=1452,854717=711,856255=2114,852549=218,855884=4789,855118=21,851407=801,853335=154,852060=3558,855649=3624,854245=2409,855269=156,850919=3721,856687=158,851313=2074
GO:0004177,aminopeptidase activity,856513=2667,855682=1284,853699=3489,850945=964,856423=1062,856811=2548,852589=1462,854097=1428,852187=2244,853758=3495
GO:0005319,lipid transporter activity,851207=116,854153=3830,854412=3159,855958=4167,856472=1136,850456=3849,851096=199,855197=1,856480=439,855457=33,853296=1166,855103=1488,855490=3698,856389=521,850761=3767,850890=3801,856913=150,851667=274,851286=1258,851543=2128,851926=1685,850654=1085,855393=1704,852329=928,853872=2316
GO:0017056,structural constituent of nuclear pore,856842=2776,851470=3932,855184=1449,853016=1213,855066=409,853409=3812,853410=281,854691=83,853796=159,853808=314,852788=746,851774=2073,851263=943,854977=3020,853957=3545,854868=1835,852703=142,852199=1378,851048=1,851441=3149,855159=2625,850552=1140,854265=65,853499=1693
GO:0008301,"DNA binding, bending",852480=2791,854277=2192,855060=54,852386=2064,855204=4946,856100=3500,851754=3763,853041=1250,855094=1434,856891=3280,851262=899,852421=545,852938=2520,855119=2281,856016=4900,855505=5426,856165=305,850406=55,856178=1662,853748=2675
GO:0072509,divalent inorganic cation transmembrane transporter activity,855395=1335,851429=203,850917=3084,854789=2582,850821=1234,851786=2311,853679=2877,855284=2802,852598=566,852637=4039,854494=393,855775=1174
GO:0008173,RNA methyltransferase activity,850304=127,852353=357,852741=4922,854024=2586,855946=1391,856077=3355,854414=1933,856467=1690,855709=3460,851743=1493,852257=2574,853930=1953,854060=2173,854711=3595,852538=1528,850752=1915,850883=4952,853317=4768,851656=3812,854994=2852,852438=1549,851548=3133,852832=170,855782=3648,854376=324,853995=4910,853996=3507,850414=238,855663=973,855664=4537,851698=567,851446=2481,851326=3981
GO:0005525,GTP binding,854688=5278,853539=835,856195=4692,854243=100,855625=4718,856746=4985,855884=6,851373=5168,850543=2281,853072=4859,851024=5087,853554=212,853244=2179,856507=55,851195=591,851196=911,852415=2318
GO:0016860,intramolecular oxidoreductase activity,852130=1530,851620=3908,853639=3649,854792=1185,855242=4124,856234=2174,850314=3161,852495=192,854352=2225,854065=1374,855986=661,856720=4806,851570=3312,854262=1160,854812=1963,854909=3755,854462=743
