,lci,rw
C0013182,0.36360633290892563,0.33647926710274206
C0917798,0.3061427794693464,0.20663606142359922
C0020295,0.14015612031940167,0.36762262065381024
C3714796,0.2592817408521119,0.2694200874699444
C1866134,0.1806777413134153,0.3457744289835703
C2364082,0.4172336371809044,0.37631653984343194
C1276035,0.2489811102921693,0.09253792660465006
C0027022,0.3545704337678227,0.3259297265154623
C1833225,0.10420379190492367,0.057845396295109826
C0206620,0.32250209318132983,0.3091894403882996
C0006413,0.18540495185692138,0.2666261190531488
C0019158,0.2285060156101995,0.2906629292080873
C0003126,0.4048158453726664,0.39993068865090503
C0241074,0.3678966896098149,0.3482630099170631
C0020459,0.2814899870250428,0.2926546573001735
C0020541,0.37359924042285453,0.38190476016484576
C0014474,0.27826295390218614,0.07918906306098816
C4020838,0.2949825518042516,0.07962534965060951
C0221170,0.27655009296542443,-0.00119903285639084
C3275417,0.34888649858049336,0.39488045990563997
C0349204,0.3629079179155551,0.3309635792106807
C0007787,0.09018549377001489,0.29194442813415944
C0018916,0.14519104993530874,0.2451746948817152
C1837485,0.15264705639472503,-0.00024530426522094694
C0007222,0.27455165474605464,0.39874882962722263
C2673410,0.41698444839511944,0.3514744975709536
C0234182,0.2594300082506534,0.22147839296420685
C0023493,0.3887464610019395,0.42996312778860774
C0023434,0.39515101068274283,0.3605554632849463
C0239946,0.36772041030726016,0.17578691231533047
C0013336,0.22769362549310304,0.20388145451246845
C0014591,0.3924622044543078,0.3335051341182304
C0870082,0.3369055150458611,0.2937241452221626
C0338715,0.10367418723475574,0.20151718513630254
C0431904,0.17527534553290142,0.2643060299710838
C1328931,0.1646747632113279,0.21390858116177427
C4020958,0.13873262733282837,0.13453970712090102
C0042510,0.45036325197838734,0.18724790822341608
C0037293,0.23948203407276278,0.3065262294897737
C0271578,0.42090287759369904,0.316133937339156
C1398312,0.3226445672143561,0.185392671556738
C1857202,0.5159726337176166,0.2748481276356803
C0024301,0.10793058781606582,0.16472512445883075
C4023397,0.3110852103876455,0.2953455065589703
C0152031,0.3198700994526687,0.23559752486608906
C1859117,0.3315462599168986,0.22385884959183944
C1865060,0.12290330902175825,0.30851934147437615
C0427063,0.05593337939234065,0.04548106905706886
C0006157,0.22663019888462008,
C0271388,0.22548601864653947,0.038333209565794626
C0009676,0.2729597753431272,0.24815658940281646
C0013604,0.388154596608844,0.32870387883565666
C1849295,,0.013394671190104662
C3161330,0.09527735811081661,0.09332440469392346
C0234632,0.19859108594658592,0.11870776217047012
C1846149,0.29259707485725134,0.14239137004026065
C0019294,0.39531028705495913,0.362443414530606
C0026106,0.3342703562866276,0.28092938342377544
C0024232,0.04205413794471453,0.2071373682198477
C0263401,0.36749449969654396,0.3988431714103689
C0311375,0.3237700080140723,0.31528679316174313
C4021753,0.18106333351367604,0.15128250829283993
C0019196,0.10459693838590495,0.1838235043299622
C0752347,0.350027752826832,0.39930202193439085
C0007138,0.40391506904135555,0.36877333303995913
C4049796,0.3702786702731642,0.1674841500340951
C0240063,0.30530207792051306,0.3138436584853213
C1865992,0.4407218081926462,0.4712813736370792
C2937358,0.3746951858316416,0.37621276556374506
C0220981,0.31440950753854413,0.14199796811365326
C1839758,0.019718943648281334,0.17566944203462967
C0014850,0.15251010121846015,0.23579633847998904
C1857486,0.2898420713197422,0.2816584059281174
C1846460,0.14202499870166846,0.2040613882345804
C3665596,0.22311679210953222,0.17565597818633147
C0240310,0.43200157907016656,0.3753365412029002
C0155552,0.37589133777344025,0.041900802635646814
C0007194,0.2357633928160352,0.25198855779720014
C0020615,0.259927523034294,0.267017707635958
C0003850,0.3671603195352539,0.1784322914763892
C1854912,0.23950988860313524,0.1290979381556465
C1298695,,0.13409750136169651
C0231807,0.3397020376323594,0.3736894901941678
C1850049,0.43955507097517815,0.39199144613786013
C0004782,0.15662928475683577,0.016138127529937003
C1856661,0.2543242047172009,0.22747181169197608
C1851854,0.261180092617074,0.23590416861267072
C0024809,0.32470441049729354,0.19126231864193044
C0162538,0.2601736716666272,0.2854537613013556
C1846439,0.4046266515649122,0.3570523217519869
C0220994,0.2984621337284199,0.15458171704691576
C0005937,0.09705148380804689,0.06072703599347101
C0240379,0.29594515085157225,0.2407956603278655
C0393706,,0.021683997981538253
C0730292,-0.0011246372429377877,0.03986201626299657
C0267812,0.1366284284874124,0.06000745103471193
C0162835,0.24665526869573826,0.1789640603693714
C0079773,0.3839165827020293,0.40179049712445025
C3277697,0.1364601016998116,0.16544653556730007
C0850715,0.16294520256079403,
C0151514,0.36678885164209035,0.37168958701951293
C1142166,0.4158038315738353,0.16471422456570517
C0040336,0.34888505991908514,-0.003407295703900166
C0162671,0.2793647395244432,0.24507440153817642
C1855773,0.16556220310048195,0.2835651372529926
C0751466,0.04990840059540593,0.0954276285400921
C4020851,0.030834191144948224,0.17442901305407724
C0037926,0.21902516946695358,
C1280433,0.33381970680540723,0.16537250269152634
C0025521,-0.0032268257680282395,0.03822752875145797
C0162834,0.3108463053144809,0.3070369872278908
C0241054,0.31511881375650846,0.29555229176625436
C0542223,0.0481368148493382,0.15280286473212115
C1840077,0.29860402661620805,0.32529771710646915
C0349639,0.37196428137316995,0.2873058766646132
C0566899,0.35169604447461594,0.2940834275537933
C0040028,0.23615999297057047,0.1435774737045147
C1834752,0.2285498765998886,0.16537400660787624
C4025763,,0.06930219330715966
C0021364,0.301203935275125,0.34098001607348305
C0001925,0.23507257188928712,0.2997841602650762
C0409354,0.1990653765953588,-0.00405054956449693
C0018920,0.1843039836187296,0.38265991962115303
C0271215,0.2351229604675529,0.15748102215872584
C0007621,0.516804485129888,0.48753775494012735
C0036202,0.07317811703588373,0.1258023415223503
C0004245,0.2598406555690018,0.19969798476296022
C1865866,0.06361588603444557,0.07219434690636034
C1840069,0.32333588231655097,0.1329192694220209
C0266387,,0.17327107291383642
C0151747,0.0844278477087594,0.0568704426864716
C0151908,0.36695856424582407,0.3354068563440928
C0021361,0.15804454018989963,0.20662676036647296
C0265677,0.27360987696014155,0.3333946592235715
C1836735,0.3596948765858392,0.37008877711525645
C0011854,0.38862942667288675,0.3418579518837959
C0157733,0.15420146413148542,0.27122664046242106
C0021051,0.4228443113121839,0.4311899331877769
C1857287,0.5138798008706067,0.4799638906006355
C0013421,0.24425851993436243,0.19084563938136714
C0027658,0.006594810700806969,0.17391318427496963
C0279626,0.39810910922954923,0.33820843496947794
C0000786,0.42368772552368733,0.37709567860356685
C0079154,0.10407917679401647,0.03165480025048681
C1843367,0.331388931226912,0.3626912705424608
C0006142,0.40610379856681417,0.2124275358170994
C4021254,0.25853655205085857,0.2984333246924706
C0022346,0.17025019078803086,0.16081571893456803
C0033860,0.4367193911242269,0.4311770576162496
C0017979,0.1357360900665277,0.19948619199866516
C3665386,0.21466346778114254,0.1996934774639188
C0553730,0.04925493972664364,0.18461304127316058
C0011206,0.350335374740476,0.03908840835093156
C0497552,0.13508868227220447,0.141980108154148
C0042963,0.2900685877897958,0.2270477653476924
C0027960,0.17335469900112865,0.03411701558062555
C0017574,0.02663537092573924,-0.0049875690251097735
C0029456,0.4305118868521441,0.38932202054398213
C0151818,0.020531506864083053,0.03391871343838306
C1843156,0.3215240302858939,0.22768250298153775
C0007785,0.2674879199296694,0.08539629388076611
C4280612,0.31051587227900324,0.2689944522173786
C2985290,,0.16722216241778534
C0018843,0.18373366523721685,0.2508927846192464
C0596263,0.04073100480425961,0.3582318281383642
C4048273,0.05583221736231009,0.055490609750523716
C1860121,0.36053185137275856,0.372557129025655
C0678230,0.36047870585491787,0.34294427330031024
C0344531,0.13813338921631946,0.1173404288556445
C2931822,0.38826457089847116,0.30778081478796104
C0268362,0.2809413626967944,0.11997043384500372
C4024996,0.08811261625611452,0.024685246516644454
C3278923,0.3039630253976562,0.2955510617342425
C0019163,0.31219123906045465,0.20510106180974677
C0575059,0.23440278782040389,0.09531027628515475
C0431371,0.16540552501825773,0.1191511363785543
C0333641,0.15999521591394664,0.22546177347511825
C1853235,0.15234565104405196,0.06942052876697305
C0021400,0.2449518807274849,0.1811169780591981
C0002514,0.253776483175781,0.04606939535263104
C2674432,0.3847303879566842,0.375931328503602
C0432040,0.3968632853375507,0.3360522206059864
C1843700,0.17895833138352496,0.06448579961669229
C0311394,0.23312122252568598,0.13385967494433432
C2677378,,0.07697778653590623
C4020847,0.21638176705802695,0.2568286425916406
C0038013,0.27266088608464967,0.342032921142691
C0036920,0.39148359273303074,0.34978184780019494
C0544755,0.17403831464198385,0.1509051260806134
C0033941,0.2890105231672582,0.23216644991061078
C0005910,-0.0003922538479355434,0.02270109185595834
C0008297,0.3275481618226123,0.26159084701468704
C0029442,0.05012481790029004,0.10679101252167653
C1857640,0.3337236893073665,0.14169213506694456
C0520459,0.2152890800401835,0.1956457688339373
C1850135,0.18182461247566065,0.08555058348935744
C0020461,0.27759950708649866,0.07265817632705784
C3278811,0.24068957606588928,0.24368834939763592
C1843005,0.14711609663294498,0.10136945787572627
C4025616,0.37560874639831165,0.04025606376595902
C2266639,0.11552736464921078,0.2724571315051112
C0239989,0.0764608450050921,0.1330026160682652
C1846449,0.25478076872981015,0.010040130746580932
C0266399,0.4493090254945572,0.36642077503242365
C0525045,0.48732180169541806,0.43956893294931443
C1319853,0.2564873098988314,0.18098307170688754
C1136179,0.26760169161344577,0.13373569130872134
C0345996,0.19361559974262385,0.1323731939980928
C0008519,0.18509095564031325,0.1648038633390363
C0086439,0.08809426773673318,0.10108199329272934
C0740392,0.3827301864688086,0.35663620620212855
C0085762,0.20574056965610996,0.27609526228247133
C0020302,0.1934584644267015,0.18198588124968854
C0432103,0.021399674425152764,0.25789998411037757
C0008350,-0.0018516870886016122,0.05892212412612422
C0007384,0.04211115340160775,0.1456753690492834
C3463824,0.29314143571598045,0.3224584054375951
C1844548,0.25080246426232466,0.2147888917701939
C0277959,0.2972674479516432,0.27114415407941483
C0242339,0.2747349025470404,0.3526636301494047
C0162298,0.2529195663908003,0.21540020793870332
C3887875,0.14882628034304596,0.09187346755415361
C1321884,0.2735363860828045,0.2915106942849604
C3278401,0.16706126048798,0.22653887436516212
C0948023,0.12558605971567507,0.20689195353457163
C0277828,0.24425564831155513,0.21314571705905097
C1855285,0.23829964910344012,0.2376277347346558
C4280629,0.40720218177949935,0.14026120609004006
C0004763,0.1349619426135915,0.16504748719503728
C0002736,0.0798654607992608,0.37829682715406626
C1263846,0.3497022255164164,0.3488029274476986
C0025160,0.3420135654093612,0.3041002177333456
C0241910,0.24271432597347806,0.31442146001488264
C0006111,0.11807727902150071,0.18517682593179716
C2931456,0.08177626685447112,0.170829347524112
C2751582,0.6011323320369525,0.4719988242390519
C1969372,,0.010774194405929376
C0266061,0.2787818735155257,0.21776904286183343
C4024737,0.11548508302381423,0.20396926326911255
C0037822,0.17547164863806386,0.2374653785197554
C0476403,0.278708739680367,0.1679315963888187
C0581354,0.11551900285462822,0.04619457000493105
C0920299,,0.09642306237317297
C1843921,0.2670459418305568,0.11441504973643656
C4021724,-0.00022773854230595712,0.20009108327001393
C0581381,0.19145063183367644,0.2634384096696307
C0232461,0.04283527955948827,0.19535008685091476
C0262431,0.12384697685927702,0.26898248660890706
C0432355,0.09961637987269005,0.02179457319729173
C1862265,0.015667984298141344,0.13261604267419969
C4024641,0.23316785338378943,0.21667859722296634
C0152438,0.13941223497667782,0.28653527341531076
C0398623,0.4914785255789938,0.3993029166859322
C0034013,0.12445105475727729,0.2297131085114586
C4020874,0.31095552478951266,0.29749902485124724
C0006625,0.3603338238717945,0.2829207509842014
C0272027,0.2685993172955503,0.34553394679037613
C1445953,,0.05665622991494095
C0020625,0.2313240568506804,0.14796590310849378
C0241355,0.38084843479215746,0.33895267407026897
C0221263,0.325592354999226,0.34760531524204613
C0035309,0.22982541082065888,0.2357925606535474
C0162429,0.1970478950299416,0.026511057687858733
C0003469,0.3606609154720027,0.3157730807510273
C1290857,0.07016839296417819,0.02594925328782529
C0424295,0.3627921381216471,0.3679583271963994
C1846435,0.33288541372209307,0.044498454113769625
C0079772,0.398998256417525,0.3019077960211387
C0730290,0.2193212255263023,0.09288866703061092
C4083050,0.2503232813749871,0.24266404845994474
C0221356,0.3591671272876029,0.28115305933425155
C0018553,0.10620950873216022,0.08184211940281248
C0033054,0.22042681692071897,0.13390767630060899
C0036337,0.04238829770047361,0.24617626849822255
C0265563,0.25590058248808656,0.22569890657632435
C0008372,,0.19033251239098925
C0004509,0.053854181797568124,0.25807840406578536
C2675111,0.22781242199153426,0.10460972132689877
C0155320,0.4778141557098369,0.23490894081803126
C4020813,0.4029022516715745,0.2710127747501806
C0029463,0.34746895930749516,0.33624846770928135
C4020855,0.29683610521976705,0.2603813432550018
C0349506,0.4170638568714865,0.2578038673989177
C0030312,0.274772254832705,0.16321908891364625
C0015923,0.026788241056333754,0.24543020419390496
C0158465,0.2633867119777381,0.3086945606966273
C0020179,0.05998702829806377,0.0735556647477764
C1956257,0.14347718828948935,0.3761330051235288
C1837463,0.37376274009815613,0.20882805461814213
C1842774,0.41824100193079855,0.3000578782979623
C0234132,0.09855026096630348,0.09445039252413727
C0006663,0.3190366778844794,0.3859112126685195
C1860475,0.6350220687812484,0.30836157699797356
C4280616,0.12386564896969274,0.3148754603386484
C1837108,0.19295605738837,0.1562811152939352
C1866730,0.23321353014788063,0.15219685047463044
C0376358,0.06812656024656642,0.23042893206405568
C3887524,0.16304707989037293,0.07335403520573844
C0520966,0.0013257263781361515,0.02106770895123701
C0751837,0.23653389692365084,0.20914832963920824
C0151576,0.3165619377808508,0.2343164214091313
C0013362,0.34934855689447997,0.3469928517985835
C0233315,0.24440597637804454,0.26104691382441486
C0013080,0.16435959313476634,0.22702803257977433
C2265792,0.04553452639830208,0.1966300894161598
C0028949,0.16094930332041696,0.09833866105726534
C0878544,0.47580487622324086,0.3959727809372674
C0031117,0.34488715416769855,0.325982642937817
C0029443,0.24426741617269135,0.1767498854352849
C0241011,0.10209589724238614,0.3155875379828156
C1866141,0.19712711737465202,0.1814012452791423
C1136249,0.038642785572294384,0.1390249504439829
C1849937,0.26295840777964574,0.2289086796817707
C0155119,0.4385522526280479,0.02106628861827579
C0236175,-0.0048561820818301855,0.09086326838685421
C0003862,0.3584540864926978,0.36023701802124364
C4280678,0.19935959743523324,0.11556707367468749
C0017601,0.25088019725183536,0.22067570607038586
C0232466,0.22799645550947378,0.23590558685991184
C1836184,0.14822900710018153,0.15011554614943798
C0036421,0.02755432054798492,0.14385156446634406
C0034880,,
C1833118,0.47967486604419624,0.17501791742386763
C0035412,0.2907459421782149,0.17267656673620427
C1860236,0.2871084102173704,0.22154057942774072
C1853738,0.26490093536335374,0.25218227480866273
C4280656,0.3250974615609577,0.29283750176214735
C0018989,0.2607713024958556,0.20553364314620448
C0751778,0.35382885942771125,0.2079118370107899
C2930812,0.24809607302488965,0.07779350919772118
C0000889,0.14689800094173386,0.2161760674949354
C4072836,0.36068537324608,0.14931507773977024
C0023015,0.23660855388679058,0.23289657259384444
C1408258,0.07467593367675973,0.11352822531889144
C0220697,,0.03997301668647108
C0010036,-0.0006064698687929625,-0.0007109572526452105
C0262361,0.29223407642347893,0.16239190783095217
C4021776,0.33164850303329746,0.35300759697310796
C0522214,0.11131658629847788,0.07536284801926887
C0009024,0.5305580043341668,0.17765592804380687
C0240421,0.2802699440203976,0.2344058327480465
C0027055,0.4684823211712131,0.40871300252846327
C0003872,0.42024520502065255,0.4402664568512201
C0032209,0.12055243391002941,0.0820434252754916
C0427546,0.14022672318463622,0.26264691603390333
C1836996,0.12784310200483373,0.024214795457340142
C0268237,0.5958781261641084,0.24840956178097226
C1850496,0.06439330806913657,0.13928326383628717
C0034194,0.1558002634099268,0.18203999614237953
C4021551,0.3889516959977288,0.3214497051844063
C0241703,0.25892397624192626,0.19364899494901197
C0232939,0.314974067228609,0.36886800670473835
C0009763,0.2238174936566134,0.22340354600342066
C0751688,0.27051008216338235,0.25385759309524225
C0162670,0.2615490952132481,0.1861831896649041
C0016202,0.35603861338964365,0.37872324485680087
C3665349,0.12815278652416667,0.2741630543431015
C0043202,0.45311025136906063,0.3003563413929367
C0020428,0.04834532880111593,0.09748434673908007
C0007114,0.3027306271059379,0.3268535995903731
C1836509,0.5843944557504144,0.5396660384634151
C0426970,0.20917044104907162,0.05627167565412357
C0007786,0.3516200786604257,0.44192479381948824
C0020455,0.06505690277386622,0.09498601697078797
C0158733,0.12407319784369204,0.22775773413652758
C0426891,0.2560943530267742,0.3746611967915625
C0262404,0.21870435302088975,0.18737562524333295
C0575167,0.09855599995598234,0.13589488064141908
C4012968,0.12610107402681275,
C0011848,0.04602827778354048,0.2250492803018544
C4280807,0.14698433689189985,0.1916493189766431
C0024305,0.2340942625791686,0.19240920602856743
C0022521,,0.0694598049998141
C0427149,0.12464646545082281,0.10512239869344712
C0745730,0.15224253890594902,0.20682794139815344
C0021296,0.43327373007004716,0.4341225712177248
C0018564,0.3976808100385935,0.2590158254710152
C0265221,0.10846936460880635,0.07861077131682222
C0005586,0.46813665272448135,0.44736574060288686
C1844527,0.13532933231764632,0.26937234691178874
C0239138,0.13538464315728335,0.08890042203740346
C1866234,0.2914006673660319,0.23593532075216142
C0349588,0.39846987149043595,0.4024051096878329
C0341787,0.143786726356932,0.2654238844011008
C0376480,0.2468255891476375,0.19585683400158546
C0025289,0.3413321809142309,0.3672226641307794
C0005695,0.44549231892515034,0.4149537807383725
C0700208,0.41830964822503397,0.40946798166238235
C1849367,0.3277967238950954,0.3448673998395346
C0151699,0.26035610674600596,0.22164355973291014
C0034012,0.38755183069461685,0.38215153107599437
C1855020,0.7996598486238155,0.7128684372775248
C0018021,0.10911897185933049,0.07013856966515454
C0344530,,0.08603405234735266
C0027794,0.10291202850336031,0.22640844612097283
C0010606,0.3952625253604209,0.3856264702997159
C0023520,0.3975500407607693,0.3294436039688567
C0521573,0.03563061710226546,0.06693080223358461
C0020678,0.23768266021141862,0.1298636679344743
C1856872,0.1911433278048011,0.2301581979785811
C0008924,0.34167269336683437,0.32068724767656553
C0004096,0.4098092169546489,0.3808945872346382
C1321329,-0.0008536081055780911,-0.0018259095280047934
C0033774,0.3670937088220785,0.26144242777268034
C0025958,0.09399310941440353,0.16719720562384402
C0231686,-0.0057621728636545,0.12056578770193378
C0553692,0.31101772019721163,0.07473348255251688
C1263857,0.012780984906962913,0.09329533345019816
C0027430,0.15783044732027884,0.009101777446312147
C0158646,0.4274983265451342,0.27139719634069853
C0266052,0.039625703788283985,0.012116734149870525
C2315100,0.32523235625488606,0.294870395671436
C0234144,0.009745484804051071,0.21010276198694255
C0028960,0.07174002324422994,0.1114086068766258
C0020676,0.2286027374249635,0.2763932130495383
C0027819,0.40001406708036563,0.3747431525246631
C0233514,0.21759977556452173,0.2429311302218488
C3887611,0.06931102547208907,0.1236376935373259
C0018991,0.16360039846714622,
C0554970,0.43703377588414466,0.2437908788232173
C1837731,0.18005608171480542,0.1725513283264955
C1844505,0.030968438166173975,0.2821468848725294
C3552713,0.23570999646792706,0.19311805205779756
C0027080,0.24897682665575124,0.045150217167143694
C4021107,0.3671358668884235,0.2346863314307748
C0008312,0.33232390600411044,0.2132308699335521
C0023882,0.08718080275763562,0.06425667216284756
C0154676,0.2560011389900362,0.07255746387434997
C0027497,0.2092158409723064,0.1760383411257059
C0013404,0.32783903459623953,0.37318552434660995
C1836543,0.12668978982318344,0.06753023388154675
C1847906,0.020235151958806905,0.0807849954970675
C0162154,0.25139437327059555,0.1855324289670597
C0151632,0.33918189934483495,0.303132094752359
C1847584,0.09005247862205334,0.2229698533358633
C0021359,0.13527582452373563,0.20894500396637808
C0266295,0.03421386002106878,0.2100238796428893
C0085636,0.20058716695913992,0.17548407718143344
C3203358,-0.00012877852368520947,0.04360591329653502
C1854114,0.3999062423001477,0.39600078336564326
C0003486,0.40877670993952303,-0.004168888884635182
C1844592,0.18273976330899755,0.11621685482681184
C0238669,0.2263052859984244,0.16240247559747015
C1859399,0.1506191041477898,0.0862248292295617
C0334013,0.32739316602814494,0.07677119366098555
C0587246,0.1181228040364403,0.03768773176554792
C1856694,0.042611168108999536,0.02235727647434652
C0023798,0.11389801950057084,0.19295047251506595
C0037315,0.1964909456982009,0.027293457595257756
C0026650,0.1528554864339807,0.21585415613314549
C0001768,0.26400282673894676,0.2795508728199978
C0175754,0.3200146842789458,0.3076919316292574
C1512419,0.33941159046297315,0.3177534339073598
C0221629,0.25834088118116905,0.24503065387570455
C0239105,0.346191222070726,0.2887512683847776
C0685695,0.004312852150009156,0.22781536799065522
C4280495,0.408036369926697,0.38310981480651435
C1837066,0.14185757879647112,0.1784666628114352
C0578038,0.3154817614639997,0.30439330735734005
C0854110,,0.24248580504774606
C0239998,0.27292062797010536,0.24702995853237128
C0011570,0.5003323049961556,0.46823486691148963
C0399526,0.43606180442642245,0.41521182130732015
C0085602,0.12194809302321045,0.16213456564748333
C0149931,0.2630868064272396,0.3612197968717447
C0973461,0.05764413272164106,0.22910608413070474
C4021768,0.34736275472960026,0.3140244711367643
C0035410,0.2980610990721308,0.145110489551514
C0006267,0.31299945463365075,0.23205284461379114
C0542519,0.19027409685385122,0.32585895091924505
C0476254,,0.1919972460658827
C0236736,0.45089695896335324,0.40759358805418827
C0340543,0.3142369955348556,0.2126599091835809
C1856468,0.2569785742232349,0.23649378884695457
C0438717,0.28295352657225503,0.2253202403921641
C0270685,0.19142120321342693,0.3351877284179566
C0029422,0.31462378266387997,0.2878544311558169
C0542518,0.06101533832921314,0.07189118397719975
C0042373,0.041867364894799884,0.1648853209913816
C0036349,0.12556406178423044,0.18925345314024422
C0014866,0.07478294085657641,0.13860080067598274
C0017668,0.23417497335702592,0.2521973108266749
C0037268,0.20471441221302555,0.21164540735313875
C1858120,0.02109849707846783,0.10115402507514007
C0028077,0.1668508464815776,0.11880572759190657
C2051831,0.41554476827061415,0.41374421476562123
C0431447,0.19597445768886027,0.1833104811807828
C1389016,,0.2327978904212552
C0856863,0.0877416189619186,0.07049648801389181
C1861329,0.06486471510227773,0.22247929710816755
C0854107,0.227694498812583,-0.0023298319660435946
C0042580,0.20262937355370683,0.26293525026591985
C0038358,0.11733346655491458,0.1725928779551289
C1849075,0.13551830467168194,0.08446734040438404
C0858867,0.3334106135578102,0.11138594090209454
C0036508,,0.009166906649533076
C0149630,0.13062575893699996,0.0736214682906863
C0545053,0.16428413301964123,0.27868101376929083
C3551426,0.06426901321648296,0.06316023252288128
C0086795,0.5277697223423631,0.5939267998367017
C0032617,0.04450610025215761,0.14689422150276332
C0426429,0.15401333885727905,0.18417195686298904
C0009404,0.46590164702228265,0.4241964102727897
C0427068,0.1233612436037373,0.1694233967159146
C1837249,0.13350501236252613,0.09446698538550874
C4011556,0.3523534754754653,0.1352759204479537
C0917801,-0.0012133539637985567,0.14032653537917553
C0020473,0.20182431289004454,0.3071900897199204
C0030044,0.24346056141936606,-0.0020986833608505825
C0853087,0.32264028256648647,0.11822346651232972
C4022588,-0.0029908131681121992,0.2075356182856147
C0021831,-0.0027433335869050707,0.0388034938529165
C0857973,0.2749387478378326,0.2813974716258752
C0015310,0.16627657959606534,0.06318924848157939
C0020672,0.31692347874828464,0.31913874796144176
C0002452,0.11331294347173061,0.07430065217915528
C1846228,0.4296968075066743,0.31705504353195
C1389280,0.09100833043744117,0.1994747600948466
C0856975,0.12022305835932144,0.13328093760831716
C0028326,0.26279615605022283,0.2655872861832237
C3277059,0.29664883254901236,0.16885328980090689
C1850072,0.2303954807796355,0.06191240170658698
C0011609,0.06166208317534739,0.2820583725667091
C0031149,0.040337826098001336,0.05454299447732033
C1847879,0.22045607124947028,0.17147796463452422
C0006118,0.07313612807030573,0.34355623228443505
C0030354,0.20365908606864427,0.329267535501761
C0011860,0.45580970115595965,0.44394316985920035
C0241654,0.4248794656154767,0.40684730436105243
C0678222,0.18835495480987813,0.20615524736600888
C0750937,0.15653929315743584,0.08024890824668116
C1806780,0.10480175632500605,0.04304115529862371
C0022548,0.2695087696929091,0.2833236744778797
C1836195,0.2659186388769139,0.2629998836940429
C0025322,0.011699555548911347,0.06749418740740427
C0476273,0.15782921506263523,0.24848682376177933
C0011884,,0.27161384297072894
C1842060,0.2711308724358868,0.17631259002609237
C1527311,0.24960135420333376,0.33580119280900084
C0018824,0.1723063085172579,0.26038192941272265
C0332606,,
C4025662,0.39372628613489347,0.3081096982103666
C0426817,0.2936590916850883,0.231188941821684
C1848736,0.18157813646987767,0.2310788878216663
C0002880,0.1873005804127505,0.24185348097374687
C1856749,0.15899933826391177,0.22244744254445997
C0020507,0.14862834047122758,0.21513564744542665
C0018781,0.4250825750406887,0.13628594460384383
C1704375,0.02722732649915601,0.1640669522055331
C1860493,0.37124822008981084,0.32016603401760485
C1858285,0.04638511030257643,0.13970948603986938
C1856660,0.01377050056821745,
C0002888,,-0.0035254201022370335
C0013595,0.2884842104065069,0.29624793994998816
C0023794,,0.07442944165293261
C1333990,0.021592161636533633,0.17163808589063756
C0027092,0.3210170829020474,0.2880979594780681
C4280269,0.3677704524312612,0.2610125548659872
C1837087,,0.12506690780138788
C4021741,0.05237267546992476,0.09033274359203848
C1868577,0.30004067017366853,0.15567635563575885
C0032285,0.4159723742297704,0.4757156317269655
C0948740,0.400280666159325,0.21516451077005028
C1849020,0.35294102763810853,0.318600257474291
C4021664,0.13172343243334758,0.1502175431967326
C4023616,0.11447923681079217,0.1305969952634957
C1855710,0.09872200894010878,0.2457999714244992
C0027404,0.16650064599220188,0.17182606493551683
C3806283,0.26430703141226725,0.26077152660133635
C0265783,0.2186221329350404,0.25974452343932325
C1112256,0.15516354934411208,0.2312823840373684
C1167713,0.10359043006631982,0.2257674019362773
C0040053,0.3779366123857543,0.4012769544670137
C0241210,0.34149079964557294,0.31835219994873565
C0013581,0.24247568082503693,0.06801375221105922
C0265660,0.2975324900631962,0.296351184911725
C0085298,0.3271677397238291,0.24098785751079668
C0262374,0.26038038665277147,0.18960712372623634
C0014038,,0.020387568279634633
C0004106,0.1773178313968045,0.10868313706162959
C0162809,0.39796575639323917,0.355191253649589
C1846347,0.09798373476133967,0.10340075812188826
C0019151,0.2874923080542678,0.2475612080680572
C1855340,0.3335030906803734,0.20128437703937976
C2609414,0.44140661892149113,0.3593123201493526
C0034065,0.2480550483468819,0.3141760753683
C0042109,0.25804128152514716,0.31341755280501976
C1837142,0.4198033885429533,0.1427979831280552
C0152013,0.42187986966128466,0.4133879405784231
C1838681,0.15633062699753608,0.08067088493319355
C0023892,0.39549002761650714,0.34637031626803827
C0677776,0.411303907940769,0.33319085693926603
C0235942,0.38414721678596103,0.19436184681304014
C0037286,0.4880831539227727,0.4055230443328569
C1837899,0.611465578110418,
C4280652,0.05805468457525194,0.10093782737766414
C0085109,0.08388099317214061,0.02219230311423557
C0010346,0.4178742552426505,0.3961882361664742
C0699743,0.09441778304710306,0.06342675738979961
C0010417,0.4135673227858933,0.4113796497155269
C1691215,0.3562048233727865,0.34670912356938227
C0853193,,0.2499643220169671
C0454555,0.02694777512361145,0.08047234530730168
C0016506,0.12338254865499139,0.14735079473593402
C0151723,0.4807380050136944,0.06933654335533523
C1853141,0.3422091958132433,0.3168563454530744
C0028797,0.16565233349117334,0.18532980681685315
C0222716,0.18196018914741313,0.13596480269305494
C0741796,0.13488721229828415,0.19478041087486506
C1861403,0.3506579896415763,0.32496553637674414
C0023380,0.22734620071022207,0.2238580797100855
C0036095,0.0638518690130094,0.2285531833062356
C1837279,0.1641844986846163,0.03562455826105412
C2936346,0.03974055117573187,0.043941152504984864
C1854494,0.25050034083005784,0.27513532613801966
C0023530,0.28805821694001066,0.24416591085563916
C1838662,0.17624046037143148,0.09955451386306256
C1836635,0.4228637387209306,0.4077093161478647
C0011616,0.33923874127426534,0.3326463734234263
C0011882,0.1302463949438577,0.2725204821905612
C4021734,0.5253903505524156,0.2665864413042854
C0341703,0.10144507345751295,0.06768263541937707
C4025814,0.30838454683564875,0.22548285671772855
C4280595,0.22153584202215726,0.21748000546435123
C1839798,0.17030396522907496,0.27343245483112705
C0026034,0.40881223614833356,0.3771382543074008
C0023470,0.3174793061065411,0.24545910438435056
C0282160,0.14723845506389557,0.17125136748998795
C1840457,-0.0031386539165306144,0.10967854778554129
C0431863,0.30363231041063804,0.2898456756416942
C0878575,,0.09006543607530994
C1960469,0.4816743735459881,0.15197458382843712
C0452138,0.5174976673360444,0.35136602602186173
C0027707,0.3913442252082067,0.09013348256763509
C0268363,0.3025226977325414,0.03127571839533467
C0014549,0.1795790301041118,0.1025452611771773
C1845977,0.2769529103429139,0.27606217125256577
C0423110,0.41470983160705394,0.39120583103282885
C1842680,,-0.0006691831930275704
C1847514,0.24513192800819447,0.18221617821819003
C4025838,,0.28279569616896205
C0024121,0.5130489836045657,0.4696110320213866
C0016689,0.3962512215946918,0.299718580594779
C0018965,0.23983173045222755,0.21179194569357615
C0040588,0.2235335695573466,0.2666955470981006
C4280808,0.43409265722014884,0.35436772057823424
C0023467,0.3982901035884668,0.3888003500988225
C0345397,0.12110512207408936,0.2706383174921873
C0027726,0.36366220307318786,0.3042970244799091
C3277418,0.0970804404496018,0.0673726930853968
C4021821,0.6217049642449636,0.3613204704024375
C1261473,0.40858047415348214,0.3481706626172448
C0221353,0.1676855805235077,0.15330295966503085
C3554617,0.28541646587774544,0.04931910827768437
C0011071,0.1991141608630948,0.3564169650605047
C0442874,0.23383611562847523,0.2177802911080664
C0271901,0.26293059101917804,0.035892578623954084
C1850530,0.2348304120158946,0.21674548035250388
C0038454,0.3779093241033044,0.36353626086628305
C0238395,0.22867208485577328,0.25856511020489836
C1843687,0.339434688993727,0.26214522262103773
C0003467,0.35698014938172096,0.38749667188695874
C1859480,0.17176634646438846,0.03529140855764483
C0023473,0.3545200851840928,0.3172596913968237
C0553980,0.13787775483048645,0.07489199366973362
C0007873,0.4303858046089826,0.36416779359536644
C4021797,0.17021405225217454,0.2598258499413975
C1867103,0.22937663780324352,0.20812105790166024
C0162557,0.33268238251351023,0.2577454047612555
C1861218,0.17676181601420896,0.032409556710034225
C0235032,0.16559934822031638,0.2056168691639994
C0085129,0.280835214514185,0.19450860185493823
C0015230,0.36719600992410595,0.38059648058901996
C0014859,0.41002053738807576,0.38130010416447235
C0576093,0.23659118679142005,0.22494076359509074
C0027626,0.5065849125935462,0.4416008207815128
C4023101,0.22626545946469293,0.2835246952630103
C1368816,0.11998105631686834,0.17163293468265206
C0521620,0.06526308503235442,0.10402569461193777
C1850456,0.09013833617423281,0.10249026225176498
C1836623,0.25208995975121673,0.21895685075863397
C0162820,0.37816148662592214,0.3291894116649821
C0029191,0.35222273986699804,0.33118354257516713
C1563720,0.39682811471691903,0.26480424402051583
C0206160,0.1326503000907077,0.057741291340784894
C0018801,0.4733876671400057,0.4061560663546927
C0007102,0.15077114520803786,0.24256292947162136
C1856786,0.16311018332301971,-0.0015866132486080655
C0033975,0.4104547383454602,0.3694306412272513
C1850794,0.2724988094807601,0.1212064338427666
C3279222,0.30165212395696445,0.2866681812213387
C1836038,0.23988727812178687,0.05309555595320604
C0558165,0.3053231147227137,0.3489022319554425
C4021782,0.21849575058437296,0.22607856132598278
C0019829,0.04566434290637649,0.061884094769994694
C1842876,0.2961765303967608,0.27167901603828143
C0027066,0.22083173482615237,0.23825334282552313
C1836003,0.008446914136798234,0.019380804410153066
C4025790,0.1237692534604886,0.23842870317616796
C1301959,0.29052552691618083,0.18325568141244028
C1853743,0.16616502573663722,0.2126115630488057
C0151311,0.16083884684099412,0.1074092529131109
C1854387,0.26490448571131825,0.10305019126259497
C1844813,0.2049833693583528,0.2759357155482811
C0011168,0.3656588202542495,0.33944949912366273
C0152423,0.2979772230326618,0.2952506741132804
C0156394,0.21783485074630762,0.24218364782377844
C0427055,0.1741681198794094,0.18110499452332676
C0270612,0.16372774794648845,0.14336528208729302
C0239676,0.36960343986163957,0.3778924196652709
C3808377,,0.028131721971850144
C0178417,0.29588614428911075,0.32833606457234177
C0027051,0.4899553497922933,0.4267060100941149
C1854418,0.13953603457348485,0.2081965636550414
C0243026,0.30687796063198985,0.2413655545341078
C1843300,0.10981461364471498,0.17805154732529926
C0235153,0.318775478527616,0.21598831994195342
C0018800,0.5067190327263549,0.4175246744963955
C0152459,0.20134628298453913,0.18969876111487285
C3809811,,0.03554232924251472
C0085632,0.1763118307593778,0.10319264395049521
C1836926,,-0.0023378618256043263
C0023895,0.36331023345423097,0.33141629076114176
C1167918,0.6093060277822323,0.5523050046712232
C4020846,0.39024138552004967,0.2868494194430929
C0009319,0.28504146246268025,0.3395441486954979
C0993582,0.2488314714973176,0.3858447299771667
C0003811,0.26017944759718786,0.33384751002967866
C0158734,0.2807630411489674,0.1584794811029352
C0007120,0.3458081090713195,0.34879564074823194
C0014306,0.373385272436356,0.3280344129004693
C4020969,0.33703793931720505,0.3293368195635362
C0033578,0.5041235615420901,0.46263462621253665
C0035228,0.35209612752270464,0.2049448164201582
C0020626,0.011340723048067162,0.10642119386943238
C0543888,0.37343495883544536,0.11246857077222389
C1561643,0.06784705467407438,0.06054407396120343
C0266617,0.31236137984446216,0.287781997624207
C0019555,0.1813974182041194,0.1996821966514907
C0206733,0.296286677913722,0.3347104096291894
C0019209,0.3660357078295121,0.3187519951703858
C0032273,0.05982553265676183,0.020544618528395505
C1442903,0.1363498200475735,0.07755256251053462
C0040412,0.12740021298264848,0.09727230705460749
C1510497,0.29598948618130627,0.3136261901197918
C0544886,0.47490152872014585,0.45660082165256866
C0043094,0.3730934346424914,0.3443309130490563
C1865037,0.2927096809077772,0.2852308639660533
C0019202,0.1860365681754806,0.3681494064596918
C0265965,0.04963984838654919,0.2508532113228608
C0426818,0.21119440562577962,0.2604301498719076
C1849211,0.22796916507276557,0.23214383653462403
C0003706,0.36757494868243384,0.3323929291250764
C0021843,0.13288921508735316,0.18138478515199258
C0039446,0.19895550011577892,0.37325540759614045
C0240479,0.3655042732892346,0.13954459023910723
C1836696,0.16709574502550575,0.19285297283836186
C0431478,0.384988364911554,0.3330276512143662
C0262655,-0.005226978502117549,0.1734662975702343
C0085207,0.10238183488643618,0.21838783572088039
C0426790,0.29615941138506346,0.23666977536807013
C1839829,0.3835406926118151,0.3598461874949265
C0745103,0.11085577526633167,0.20542680844827757
C0026848,0.23879990518736213,0.22240318952150853
C0020649,0.387478097918928,0.39255519313480575
C0018777,0.299392261721559,0.2617929186342532
C1849311,0.2585908302213038,0.2774192132392311
C1851792,0.16865141882939017,0.16352434009084563
C0431399,,0.13602004727786135
C0029464,0.0892952510943313,0.17398298101567286
C0018790,0.18563098285076496,0.25438934267614716
C0231835,0.03565695021883333,0.05476969351765241
C1850189,0.42698744929765936,0.4012853794533035
C1837081,0.16934438907623667,0.15013159794951292
C0575802,0.20833556458224098,0.1916616774597271
C0005779,0.3101101472788344,0.32333094556784325
C1848395,0.30084021455624804,0.1592165196567878
C1800706,0.17330296749062796,0.19781291132967505
C1876165,0.28535238592497725,0.25139532205346626
C0600031,,0.07302028519049934
C1837658,0.20627549127031397,0.12931629849242282
C1961099,0.12106747277195871,0.24464357150724583
C1142533,0.2847097401901987,0.27645270304898123
C0520743,0.11471274455271502,0.20575645423758093
C2674608,0.29937862698035567,0.2770609271016645
C0700078,0.19196522508212702,0.23055079700880396
C0853945,0.14936212339695282,0.18122688941566742
C0151205,0.08661881382179631,-0.0037428064114027005
C0221373,0.16815725930091538,0.3202707684857172
C0728829,0.2535947484481244,0.2682764780077229
C4082173,0.14538573472654778,0.12270557552902561
C1837402,0.18723410547405767,0.16581729644432217
C0242488,0.3750106344631369,0.27018301520606686
C0026351,0.05228690385703213,0.1478943147514506
C4024665,0.011930195278742296,0.051637440443864216
C0750857,0.22946526659207084,0.2566921244528428
C1866934,0.2180741305473724,0.2032480767004394
C0024115,0.4379986693673157,0.3809457100706397
C0042487,0.4003571344124686,0.3680164449057594
C0221260,0.2651474599181686,0.23965115043217342
C0338656,0.25899914976952143,0.23522672586793797
C0376545,0.26964018655756977,0.2691150100623395
C0235896,0.2849659299230298,0.32269875856997904
C0424296,0.057732327146564184,0.3193217295925864
C0427515,0.1736106363444939,0.2546592324081988
C0035305,0.19868169282560405,0.2110320210404256
C0558242,0.092923320824522,
C0006845,0.12194767776294137,0.18656577826419737
C4072831,0.2983733760139275,
C1846950,0.2699654039171799,0.023670396368208956
C0206686,0.3098698608336949,0.3561839606667156
C0027796,0.03446037354361498,0.10294475431435215
C0040136,0.43860301822350434,0.3165015245335474
C0004134,0.43838957354728614,0.31123671365433275
C0016059,0.26544965296886414,0.34672143352736223
C0017658,0.2578589493540971,0.3610590129089072
C0344315,0.13035712272153466,0.1735038878423998
C0268731,0.15676691204543547,0.05633510933480252
C0699791,0.33563022802728515,0.16708417002557957
C1859126,0.2320147402166358,0.12282966719129541
C2711227,0.22056948424232206,0.26469359797131375
C0581342,0.0907781552250661,0.09398978034653131
C0877056,0.048081472425930694,0.12783570808000372
C0018817,0.3504385589033255,0.33504092674693614
C0025500,0.373048195074886,0.37802306406183855
C0264172,0.04432550318639061,-0.001554598917753852
C3549698,0.2868436740573837,0.21926846401531308
C0600467,0.1265172929379751,0.12424357925513972
C0339527,0.14907632180314773,0.04297231796294536
C0220982,0.17787314588421924,0.2517789616236673
C0018099,0.08379138538349254,0.10642806163732701
C0085576,0.32112163146431183,0.29153503339175674
C0005741,0.08964070311048632,0.11505904917273925
C4020899,0.2655820482790511,0.25260423487266637
C0041834,0.33440913292170893,0.2997836592702435
C0026633,0.17228265939926,0.2542057945200757
C1861866,0.2882271203442609,0.03414710702940167
C0032580,0.10974222473378584,0.19696968862799052
C1843392,0.19703598015954665,0.06718111367575241
C2752013,0.23963421759669404,0.2621653795680568
C4021735,0.060631010854572044,0.15799950331012913
C0162323,0.18952704398983058,0.2502391366758837
C0029408,0.3429809479843077,0.29406019829607416
C1867131,0.32764030049031456,0.38085877395234685
C0009171,0.4229273147650924,0.21330353253060533
C0017181,0.3990420628632494,0.36264418735686826
C4021975,-0.0014983168956108047,-0.004870610898468501
C0023418,0.42810464223580114,0.4305381013710873
C3278975,0.1878061051282999,0.09621160437412486
C0027708,0.1554788920127504,0.19600931382852618
C0432073,,0.06672348191139757
C0239067,0.2823614550070734,0.09996523728236147
C0020255,0.40593719115117527,0.4193864164767216
C0234378,0.272119340407654,0.23643305037199028
C0392386,0.36157008007956415,0.3314287985505287
C0497327,0.22081634003109743,0.27234454352229437
C1510586,0.3378862056737465,0.31490220490887216
C0162672,0.015192547678981087,0.09892521512393053
C0234967,,0.12871515676849205
C0026846,0.06460910299198258,0.21985015029295638
C0020445,0.10510624523656519,0.33187353761256655
C4020860,0.18622918720103357,0.1925367170134423
C0009421,0.2304550847365703,0.20603108228902478
C0241181,0.2870834118738314,0.18424731594070773
C4021800,0.19022821390676883,0.20611756562969127
C0003028,0.1293730665071325,0.08476843502015385
C0009324,0.41870054956904057,0.4221717963823621
C0032461,0.22608589209231775,0.21430346721065727
C1837260,0.30681682843656616,0.30097421966056676
C0234428,0.5334831571438131,0.20796189646928737
C1837770,0.3691397333060221,0.3295728436552426
C0009447,0.29930148550219493,0.2701863828054291
C0266294,0.27427568595322094,0.009140432349804899
C4021727,0.12194395223653336,0.1570860946417239
C4021785,0.22588807242549447,0.11974033772296064
C0007095,0.354947828378947,0.1427790072299626
C1855685,0.03697706043065318,0.025298029192624246
C4280582,,0.17253331981344514
C0920269,0.24840225095593152,0.2057856058367012
C1832117,0.2565834184781066,0.22395829767477005
C0024437,0.13439137965658396,0.058416631243027685
C0003504,0.3173208644739596,0.32804113269034624
C1855728,0.2703945840672601,0.28767866508968876
C0010068,,0.3639908855575167
C0085612,0.24759805954287242,0.2663646223478556
C0030232,0.44792481327626993,0.23937823662928875
C1857108,0.37316555749543334,0.3154087694562278
C0423867,0.31736483719138237,0.312171424875081
C0235095,0.18920120771108784,0.12006510917054591
C4025860,0.2315130770934658,0.02575345255556303
C0019693,0.406779459126671,0.4443721727221698
C0023903,0.46269542990854823,0.3893579648687458
C0009375,0.4809760447459252,0.44407345536070086
C0423113,0.3587203770519326,0.3061582242121665
C0014556,0.22530356234050058,0.2726555711794525
C0079744,0.35640181252222614,0.39264828912796623
C0017639,0.20644878419260732,0.28045793214041254
C0023485,0.06557175172352162,0.1899951044107185
C0079731,0.1331076705731115,0.34159836007690875
C0004352,0.4398747874011752,0.4068975519657245
C0008677,,0.019866906614778884
C0542514,0.2735956013235542,0.16908208920558132
C1864711,0.21057378793805745,0.09385076095060438
C1867873,0.31779536879242737,0.31191088388592675
C0018924,0.43911090291352156,0.3231042787518809
C0497202,0.2148060181269317,0.057121346723653335
C4023911,0.030795299287140976,0.3337856005581003
C4020865,-0.004561763500214039,
C0578626,0.30366415739524283,0.1795571726058829
C0029089,0.3015583073223257,0.16136069040422818
C0036454,0.07887246624828045,0.07749207743415903
C0600427,0.36657701997260256,0.36470111650074577
C0233565,0.17992688452832245,0.07987711328170644
C4021726,0.11088150689026001,0.12753853295250547
C0005745,0.37681587118584303,0.3405203600478895
C0008325,0.4622951316711871,0.43145829593024804
C0026826,0.3066801341894159,0.23066544332130828
C0001973,0.40615109504618735,0.3781966628443237
C3489733,0.19761678222361262,0.09826123940655958
C0011606,0.22070388537944194,0.10741193326822049
C0746674,0.30828870460234165,0.29520330330947125
C1862939,0.2959048377780635,0.34264624213374567
C0003886,0.3265904347200876,0.24689857281423394
C0085110,0.19194870449749185,0.23365399450938784
C0030193,0.42234429744728397,0.3893775096470105
C0553723,0.35141612045273557,0.3440169838909566
C0020437,0.16993467906575513,0.28330470825977644
C0085681,0.1517343256396463,0.1872756132143191
C1858127,0.2794563791871558,0.07394998072796222
C0038238,0.07519421206175494,0.12048377057058954
C0746940,0.18953707397479186,0.17045320939831354
C0022658,0.47824390831382657,0.3707366838799686
C2981150,0.3173293525443035,0.3172953858744614
C0085159,0.15984095298787823,0.19506864456877263
C3496069,-0.004028080888627609,0.08084356985823464
C0338474,0.404351456559809,0.1829168378207789
C0151480,0.3972546610224166,0.3671844270689606
C0018995,0.14801058769662317,0.2800507951538791
C0265654,0.11418999429769498,0.23869007511296855
C1849134,,0.05866619998896396
C1836940,0.3848698829045966,0.2569105821710252
C0432333,0.20918799286059286,0.28984102612537593
C2936907,0.7746500136113803,0.6908300455831358
C1836189,0.4229793674716449,0.3796236091297099
C0424688,0.3319387553389352,0.33119210043076774
C4024878,0.2635997892278248,0.2578904306786191
C0086132,0.1519542707542398,0.2636520491689532
C1277241,0.05744960634624365,-0.0017472980215891885
C0426421,0.15923912967341647,0.19234767902317296
C0005944,0.025094122717591365,0.059589644015907446
C0022116,0.30219812113253475,0.23100718743245086
C1853932,0.2877480783511433,0.036725287588108675
C0339535,0.05434514742860247,0.10169915890552197
C1145670,0.23045578649297277,0.17609598266264304
C0158986,0.27931100357220295,0.2783101689170767
C1839972,0.3889662517949643,0.4255976161796279
C0426492,-0.0007750870117143618,0.17714941464608727
C0549613,0.32917342097845037,0.12244903607861882
C0752166,0.1852096213144739,0.2744939893553342
C0019572,0.19490710056330532,0.3203215615560552
C2931673,0.03720320769637823,0.2350554668032088
C0034935,0.1742203736752437,0.1879772630700461
C0041755,0.31027948492060536,0.3056429534752469
C0012819,0.23731018897784362,0.17603614915194765
C0025149,0.3992608294385091,0.3477868660004119
C0018051,0.2135129324355031,0.3038102576324885
C0023518,0.30677873837777364,0.28639738182821617
C1844749,0.11698422614028665,0.1573721352647609
C0039685,0.29538384544274904,0.27773391250837903
C0238207,0.20477540905843158,0.14713541678142827
C1837522,0.017327290448537338,0.027822284575304085
C0158761,0.14949695268279073,0.2400686162062117
C0702166,0.3166109692329772,0.2759643600335877
C1720887,0.2250966204302158,0.25428473435641785
C0238463,0.33568789823752215,0.3083691643165246
C3887499,0.26633797812161064,0.19760555618710665
C0423820,0.21625416603819198,0.1975368896721734
C1839025,,0.03005141820977743
C1849488,0.39239530607018847,0.041698455479069405
C0034067,0.15058622224144302,0.2879413969056163
C0030305,0.19841162158987044,0.17729371309938424
C0677050,0.08708618655041102,0.08513455880123866
C4021792,0.2814921632719225,0.11647432644657169
C0038587,0.4153181395055599,0.3734853101316814
C0221357,0.43800506177657317,0.4383116660634147
C0035304,0.18560256053903912,0.2038971292538154
C1839326,0.2662585627105422,0.3010658510998692
C0038271,0.24905877829431372,0.2397030453978358
C0520679,0.1565858466023097,0.07144736396938951
C0021368,0.40936256359909484,0.45086696930286313
C1851971,0.16781725851165652,0.2670993668339834
C1834696,0.20087717863216337,0.05755753594187897
C1336708,0.23854564044212834,0.14495288480172044
C0152191,0.4930865892351887,0.2633808711551479
C0751495,0.4137484212864588,0.12817665269301723
C0003466,0.17157954093625444,0.268901853016037
C0004153,0.4203883088651144,0.45188797736822883
C0020619,0.29885919835223124,0.2665333172027232
C0024312,0.25902412538060526,0.37121543920701644
C0376634,0.43212822669874246,0.41062881732005163
C1842083,0.28401243867227666,0.164561132796542
C0002878,0.24644954775693415,0.2896506342402939
C0853697,0.2986388214368651,0.27691440559795466
C0007137,0.5515240769730155,0.49926482698197944
C0040433,0.3893324380940445,0.3083388799581695
C0009241,0.28767140191814594,0.33907311004094676
C0085580,0.2870661221295742,0.21113787837894402
C0011875,0.23466190414460883,0.2668954641133927
C0266292,0.257644092365914,0.06262329863533846
C0001430,0.33283955129059545,0.2923044352646684
C1837404,0.2922416249199819,0.22902430571087734
C0400966,0.26957404674751245,0.2034764204556779
C0009081,0.23186887823296493,0.22132104706614325
C0079924,0.129940619333718,0.24461641210808202
C0036341,0.4425349289802815,0.4319169033618023
C0220633,-0.0016355703975842028,0.07959015054643694
C0426870,0.31587242478878247,0.12397796279961881
C1858025,0.15321294113068107,0.055814283968033035
C0427190,0.1062182494791938,0.0013567500274111175
C0003123,0.27363600789677117,0.3555180729574366
C0007789,0.13503157720852843,0.005178913871854749
C0018784,0.31731006206610624,0.30233342516483647
C0152025,0.27922602923403805,0.24219625112292092
C1961102,0.2803573098747131,0.31439069212436555
C0013384,0.4322571311544849,0.25558322701888325
C0023787,0.30125536000156705,0.19996026978993453
C0022680,0.01880670861853272,0.12023172477533128
C1861324,0.25977049659090007,0.2589059427666657
C1834060,0.3935203691386436,0.3679482197430792
C1857657,0.058781196792404414,0.2710545808305349
C0423109,0.2826478343168386,0.24147467144507084
C0011881,0.435890981457128,0.3252984130489846
C0011991,0.29417304285154566,0.2823740402654082
C1857206,0.10403671043656239,0.12995518534773148
C3489396,0.4131324302168524,0.401981308089693
C0234133,-0.0018163545753298893,0.09181336073346848
C0009363,0.08792819303490737,0.27714965507903244
C1855009,0.2505448294284256,0.16747121953189079
C0035455,0.08976179912867761,-0.0063341971707610795
C0007273,0.2858081224608978,0.1655397478731076
C0240896,0.21723085189675026,0.0429181073723598
C3495559,0.38984170502098026,0.33628843492395527
C0037299,0.40178421332559117,0.3537171906627243
C0236733,0.39057247238845183,0.2893640847803544
C0022661,0.3784206686797906,0.3413485810270291
C0008625,0.16135680073480052,0.1358989944967486
C0002896,0.15930120751721608,-0.0005833462087761034
C0520927,0.39945228721407644,0.40410864936199475
C0000737,0.4024555894501489,0.3622946559279518
C0038356,0.4868016538227698,0.4545347983292357
C0235659,0.14396934150746046,0.1639644501871094
C0023904,0.43505605601523717,0.38132600223148116
C0743359,0.2887762613451755,0.29021843324151264
C1853241,0.24775849391817414,0.2679420807687758
C0151825,0.2527660274766404,0.301498514901147
C0333913,0.2724722792426557,0.11675145650999622
C0677886,-0.005053636485995822,-0.0028944329317878684
C4280648,0.32871885169442705,0.2687099660684149
C0277799,0.20952051103525743,0.19162568525348136
C1836440,0.4796515226275592,0.3589667140161857
C0020651,0.28258212055544946,0.29019285262703615
C0024421,0.2977765817546583,0.3153279134292757
C0030252,0.18268348579669755,0.17229261985262578
C0000768,0.22563325478976318,0.12739212924543888
C0473527,,0.26856503269844545
C0026827,0.309977682317755,0.2866538922604291
C0033375,0.24246831085572795,0.2210125839059752
C2937365,0.3485904027266719,0.32122839515334634
C0027697,0.12030595946825466,0.1745965050167453
C1136382,0.027734727832472404,0.26662049509760377
C0022568,0.3219835861019719,0.16812179318483064
C0948187,0.14232915664847304,0.021141929690055423
C0031511,0.1583626624826042,0.13858379198777263
C1865014,0.36301120173580675,0.33439437523722965
C0043352,0.34103240899535,0.30858416755934986
C1849039,0.28447715655176287,0.11209631988350878
C0010964,0.09090492011514008,0.14685475313851784
C1855038,0.623714138224199,0.4898648451067737
C0020452,0.20552284954559838,0.20672018430197706
C1844806,0.1460928864617276,0.21493881387138114
C0034885,0.20590610581797164,0.20222205421124462
C0037274,0.37890872734082476,0.33814049141349534
C4022995,0.22145270425948935,0.3003620856287618
C0024299,0.411003639504398,0.32677170671664146
C0003507,0.15585981285239708,0.11528227294039722
C0019087,0.263985074043723,0.2826851745618353
C1442988,0.22522127454220117,0.29762405549111826
C0917805,0.2816949286475218,0.14846306470289192
C0042164,0.2669281419550509,0.031156312947805593
C0080174,0.10977084827682235,0.13260305009084275
C0344559,0.044626436778847776,-0.0016089349618515832
C1861975,-0.009919436135171595,0.25711069655224966
C1832200,0.18740718413952037,0.347946405810767
C0684276,0.1892731706460781,0.14528869131274966
C4020840,0.2479713805500207,0.25934363991188836
C0266464,0.22344334935286625,0.1781908682618388
C4280665,0.16813701205532003,0.24695978693022233
C0004943,0.3897709646949506,0.33809412782277765
C0022353,0.11178944886929085,0.18071381139498077
C0026636,0.16288119529659714,0.12228946199982733
C0042514,0.24488914994491745,0.2789632693285665
C0013990,0.03503038545722367,-0.001345809060519147
C0020456,0.28819392556986906,0.3958850037632677
C4048270,0.34362440949003303,0.35662566134713614
C0426886,0.032404564510532696,0.08256310698538052
C0085605,0.24789724266643667,0.2419932016782068
C0271650,0.34259474224081626,0.3401319527012345
C0206698,0.20071025419998828,0.33311632825815174
C0042900,0.25105882197872226,0.2642412148656009
C1836047,0.1619431589478303,0.20699365077390475
C0266539,0.4652076503924599,0.07648326518884499
C0241442,0.024818846551380492,0.019876479496740852
C0018681,0.3449053125592306,0.251873605383198
C0524851,0.3840041910093445,0.35204016002417843
C0158731,0.3211031448130553,0.30496477959017243
C0020757,0.13333138125677324,0.18712321899674828
C1844384,0.08104266513440322,0.24056721440612455
C1848654,0.14633850607747395,0.08829642211305865
C0409348,0.3711906319770467,0.2910837408558371
C0162316,0.11759138644521727,0.1644568710626532
C1857656,0.3400492445571402,0.24538846050041985
C1858452,0.036315516597661315,0.0804073283241899
C1849340,,0.24781615833447057
C0026838,0.30124594530790016,0.31372308765113127
C0003803,0.3107209274428839,0.04513854451778995
C0948896,0.19230416478787046,0.2656864128839619
C4082304,0.203894842701697,0.20514806675801367
C1839604,0.20384010277518075,0.17134240128638062
C0080178,0.2728059052611617,0.27463511921892836
C0000731,0.1338111709805203,0.19740145925534494
C0029454,0.10073432383202086,0.013312426489252316
C2830004,0.06312724995027118,0.17011336028362026
C3839460,-0.0004647935881940314,-0.00020363062918030318
C4228227,,0.1326978181060687
C0235986,0.31570182879934616,0.09127024972188817
C0007134,0.45019373468515733,0.4191935116397505
C1168401,0.17287884694822925,0.29911575491518383
C0342276,0.056953642613569125,0.11761345477551122
C0024530,0.13379319354275498,0.12138807527025168
C1860614,0.39352200768469736,0.30892383451127897
C3150281,0.1662607615431789,0.19594606275599333
C0014877,0.06444295440953905,0.04857794560378436
C0279628,0.029947817709295298,0.22692335524969776
C0025995,0.1949835699899238,0.15631871380167095
C0431890,0.2834878512841179,0.2640556359143709
C0347959,0.4785181674668863,0.2746898301061926
C0014175,0.4184842995963505,0.3838220328778578
C2749675,,0.11937435766177826
C0021841,0.32976403598628556,0.20309118857975078
C1865841,0.21423988818730477,0.12694268562877675
C0039075,0.33061882976424495,0.347546858170499
C0029401,,0.16645670276612842
C0023290,0.12711360070896402,0.23857228782406958
C1838608,0.3262635926445568,0.23506601262236554
C0022408,0.15411305319784196,0.10569816829411074
C0020490,0.19811375310209306,0.22927776224199317
C0009952,0.4037515127555688,0.25463129685427605
C0015393,0.380651781038166,0.20499558101123783
C0948089,0.33104667863754467,0.3107730762602392
C1868085,0.07436079762347858,0.1454721377750278
C0018802,0.2982287646695199,0.2696180713288624
C1848673,0.3773900741030277,0.3702767069150699
C0393525,-0.0006043136490959046,0.021613931086078935
C0042384,0.4130702221577629,0.3813582952847833
C0003492,0.011904061846714149,0.3413531543709643
C0271385,0.051437610904030304,
C0003949,0.09367029187623896,0.1553357489494712
C0020564,0.15023809076923675,0.19426180655556816
C0020557,0.18545177326820234,0.08026308153779729
C0002874,0.04039591358845226,0.2318642686451654
C0424551,0.33989783227069476,0.3483204592404426
C2677328,-0.0005518747992462186,0.05486768824245739
C0086437,0.3518410120144016,0.3308829797952722
C1306710,0.3605042767329587,0.2993310600620354
C0751883,0.13374555801805718,0.10795180572120376
C1858395,,
C1846226,0.16957181941694718,0.11876331129455446
C1832446,0.07544382057928573,0.23370288745028828
C4022018,0.342963419998284,0.34139872702315527
C0231791,0.22947867789808363,0.12479271531665832
C0243050,0.23865016195705044,0.3121568085799819
C1867955,0.2913776476570879,0.2926689959250947
C1839630,0.22993755921134074,0.08958652117514218
C1849300,0.2187107864538987,0.16929646907204104
C0020550,0.07408548676903955,0.12081517378844409
C3809288,0.3428309739666954,0.2663136769622369
C0026821,0.32098897055555964,0.3189475594408688
C0007570,0.37060491935672585,0.27471930885083534
C1850667,0.2800152806468677,0.2885287726776043
C0042798,0.22658152479473703,0.21619216698237673
C4024748,0.18857018297982445,0.07423133648399462
C0855740,0.15011775745121098,0.22178738443230767
C0431659,0.16783720491098683,0.13365350178842764
C1112705,0.21330266185436567,0.09448845378772984
C1855081,0.3583581294850696,0.384865105057066
C1837082,0.03943563514561113,0.018823586931606053
C1860816,0.3067766496934641,0.2511464379186732
C0375206,0.1663506169917842,0.1693104220930685
C4020859,0.034092952319451676,0.09145131170846825
C1858085,0.4003894283629033,0.3310121041469265
C0019825,0.1405326007645763,0.11022190083009029
C0004364,0.37977791852069526,0.40715599872003616
C0149925,0.38859061144334467,0.32053955913576093
C1854838,0.17895168915073695,0.16703481981888949
C0241240,0.3898513655158088,0.2721631971507682
C1853487,0.3337555843549709,0.2101495551541993
C4020867,0.14280876283068578,0.26559339117281544
C0005138,0.2319530954766908,0.25573204164334506
C0033687,0.4347356619014738,0.3818221255583154
C0156273,0.21823253845608592,-0.0033495735162527396
C1527336,0.20836895398641073,0.23455485044747182
C0019284,0.37933892981390754,0.36312105441238685
C0003578,0.16094461897530105,0.14673464536425523
C1854113,0.3503425558720355,0.2515042305222677
C0236663,0.1519123444675774,0.026140934789573404
C0401151,0.1489240593708322,0.24090820184947986
C0392163,0.21628956386029227,0.1963599586590171
C1864897,0.3335733599095562,0.3301070412800771
C0426789,0.08634610206076387,0.16165263506197708
C0020305,0.2633997459149283,0.04397357693284418
C1855751,0.16473579833710286,0.10762689508235032
C1858729,0.08782786107414797,0.1414031964361593
C0497247,0.4276017270583683,0.37248294359252776
C0242184,0.25476850986038324,0.20158130937311347
C0015672,0.43264288400760526,0.4205951879587835
C0151878,0.24970271513908676,0.2922187377180839
C0040128,0.2727271564905559,0.27096523048814597
C3808249,,-0.0031900713513943113
C0022336,,
C1269683,0.46312372789898254,0.4442409428145109
C0595939,0.20135150852292089,0.03046792015627107
C0079541,0.10381694371678611,0.35045325712843833
C0344482,0.20827303346337328,0.2256018221460463
C0263454,0.14886906249399606,0.24628363474658738
C0027643,0.11565168976013465,0.25154939331544873
C4025846,0.2152428773292778,0.2574857768560792
C0023264,0.4624649688213363,0.46621182190441074
C0013132,0.14787566070244793,0.11721469508728997
C4022012,0.27262643626711974,0.21807027898751183
C0021390,0.14190374008053735,0.37319962270662743
C0231679,0.16388880761561467,0.20166126424529546
C0013575,0.10785038729972707,0.09980443647678681
C0020429,0.46766003545701534,0.4467263025642135
C1861869,0.15518212446202018,0.30573357454482913
C0023890,0.44926892696671394,0.4296963945890452
C1862475,0.18542513805300878,0.12892627464420334
C0270850,,0.01924685925492235
C0007193,0.325783443592371,0.31942763728209045
C1389113,0.13506367442079886,0.10343727886845193
C0242584,0.2425415960037818,0.2590675213970123
C0041948,0.39002733257129607,0.2813376515112079
C0152021,0.14778939491297025,0.3293392749865867
C0542346,,-0.0017903496061635344
C0024667,0.4310447919948666,0.3629598405510403
C1832160,0.19627997607000258,0.11769910761355813
C1856266,0.21857866570901957,0.13844160228042063
C0005283,0.2677965685654251,0.17210888514891962
C0221354,0.3953339237878738,0.39773871985020887
C0263523,0.17659973741121815,0.15613124906183432
C0035222,0.23958098527034863,0.25013813951497177
C0017178,0.210514632197048,0.050752171743564826
C1857042,0.34236776767641114,0.23510813615177595
C0008073,0.28562592906817774,0.22164313996669135
C1619700,0.027815938255660665,0.11697266398954573
C1859461,0.3190353173646998,0.23464757520063165
C1846803,0.2778827917618479,0.15303575735448313
C0085623,0.2737947205208646,0.09848546751641354
C1868571,0.38982657526595654,0.24007474317701183
C0857379,0.21849864564832291,0.1950110746475336
C1864985,0.2583785651291726,0.2592806812619705
C0423798,0.32469270380212467,0.3075810544402011
C0023014,0.27646994067891795,0.2717980040238649
C4021611,0.1626548449101151,0.09721886359427306
C1848924,0.3379248522119483,0.2849090931714346
C1855538,0.23530879159827658,0.15049541800004465
C0029882,0.21837206146062776,0.18786214944687685
C0017661,0.27641590463638305,0.27697007757114145
C0085584,0.26426594612023535,0.25699579433042363
C0584837,0.2662928571756659,0.13844530082226975
C1260899,0.3257045847323501,0.5046472979383625
C0234979,0.14222077074552317,0.21570313323148438
C1184923,0.20840326767285136,0.13435929121158838
C2973725,0.34806459005034407,0.2588304463527494
C0020514,0.028877027878940392,0.12042202882336206
C1857079,0.1967184516583575,0.17199168698322134
C1857641,0.1679946929875324,0.12493261258997136
C0240538,0.3713578061275777,0.3168072774454289
C1858574,0.25623688569932224,0.31671603984274227
C3536741,0.05081786516378511,0.20524389703916154
C4021242,0.26611930401272976,0.1053266062363933
C1842714,0.0013747407944650996,0.15313336824904517
C4020858,0.19743610287554558,0.22300937033776036
C0234162,0.05435156909749488,0.19515185315090713
C1854928,0.14930590994345222,-0.0011396855462244518
C0030554,0.30377799367822106,0.2591176815052539
C1865244,0.21155616792695844,0.10156851555721065
C0020555,0.4475809936040139,0.2442907642456065
C0149521,0.01779331867957716,0.027345203831838954
C1846223,0.04069175911121704,0.28634732178679007
C0027746,0.4731924775654276,0.47216870119330734
C0575081,0.35101871322269307,0.3175427731046564
C0015967,0.46206617998393734,0.4219220963380001
C3160718,0.19207814715677052,0.16967376792304675
C4020892,0.39052502554872975,0.21658669397825223
C0852283,0.1532418706215331,0.15013483058244684
C4023909,0.16320376344803206,0.22054892678740604
C0014170,0.4193644721729703,0.4077883896091247
C2700617,0.3268903875646551,0.2740828224375861
C0242698,0.1946341443702592,0.1990409769135441
C0263498,0.21469022307192714,0.31392698315312945
C0887833,0.13573107895047867,0.2913097052162658
C0007758,0.2901116067826657,0.24901493027754162
C1849073,0.251875764913954,0.2841962541606694
C0206754,0.1703073674963548,0.13713494922697309
C1862863,0.34034880758562197,0.2629059877429939
C0338503,0.0691227341077976,0.3075441640957848
C0231687,0.09108605663582428,0.14909057298813852
C0266470,0.32762134962087736,0.29931639608878413
C0311468,0.1076220704819266,0.11854780404416054
C4022996,0.09155690035322737,0.2603741627561562
C1837388,0.4410760058985359,0.402302700106908
C0332563,0.337182988749068,0.31891912373996284
C0020542,0.4206382346493677,0.3708891240151971
C0018818,0.38106903334391906,0.35897011287551206
C0011849,0.446390180052557,0.40542060165620425
C4024753,0.16425077413184697,0.1326018898702722
C0019080,0.31060751394067715,0.13137485913270797
C4020730,0.24170386521881823,0.17610726990626782
C0151811,0.43266744170109145,0.4051082352816002
C0020502,0.23360637479829766,0.2592118569099312
C0740394,0.0178739374377461,0.06838256047102063
C0040264,0.11883370405475031,0.1544727992997023
C4024780,0.31350970010871276,0.29714286208577767
C1458155,0.5123809569740612,0.470627710379979
C0023343,0.3134895238263739,0.32873667585397826
C0007131,0.46288528761043557,0.45492773596111497
C0005941,0.1123283513513763,0.24675200528971483
C0001418,0.527902133421781,0.46653392135719834
C0154920,0.14161765123914324,0.06404922300294967
C0019214,0.2236745913584499,0.13607154991305634
C1837482,0.20908851695747308,0.10964752329775308
C1844704,0.2793096715057686,0.21068885409611016
C0595929,0.26810654533937,0.30035636281543726
C0392777,0.445331851191318,0.2603024816079208
C0032927,0.386696247885749,0.34175987120819107
C0020545,-0.00041749916331368874,-0.001056261910685864
C0266483,0.17981701865111935,0.1822217301907147
C0037771,0.0308332712543266,0.0614921547295752
C0265215,0.29889093970702546,0.3092044541892924
C4022003,0.45363726001497345,0.4189144061284559
C0917796,0.3754023982400884,0.2653162800857
C0004114,0.4802750904669481,0.4057542381861328
C1866195,0.2795546582459249,0.25678132814593113
C0151744,0.48507356869772894,0.4625769396701075
C0239981,0.147675030790237,0.15228358447119145
C1449861,0.33479239833539826,0.27102874492900975
C1860834,0.19188183684238352,0.019659838337441317
C0013386,0.016700329426302386,0.12929108805779713
C0002622,0.25833973114326464,0.2187922358261679
C0427065,0.20998687334941799,0.24243119125755808
C4024989,0.4566322374084996,0.28498191748117957
C1834405,0.20641236180520295,0.23386180572217755
C0240278,0.25731430042470643,0.30352448360814543
C0022821,0.3350921809177107,0.3343699195524508
C1855333,0.3002587701233875,0.2508342114532956
C0232513,0.17322162307367112,0.2815468599978608
C1301509,-0.0007575058164450882,0.10001202050585321
C0017636,0.4719099244132908,0.4367081008415657
C0242422,0.37480797863087006,0.29692303264177233
C1836150,0.24230786228299112,0.16806213449767407
C0025202,0.4266233440725297,0.41789135722859455
C1260926,0.16148263694787757,0.1932721574590605
C0029124,0.21427707015279307,0.1973995527806917
C4020844,0.2504290830835784,0.1278826345587425
C0151740,0.3646418731511735,0.28177892469552174
C1850309,0.18552977751241867,0.1121498944205714
C1850171,0.20312279133211808,
C0242350,0.36937592703667127,0.3230525476258577
C0426799,0.1414494181125178,0.08541144666595167
C0016663,0.06822353658312567,0.13534187505796005
C4277682,0.465342624276575,0.3608586223998992
C2219717,0.2619545996149238,0.1900878504513566
C0017168,0.31081861809595895,0.2916613260321689
C0027540,0.3730718575763002,0.31108982037281796
C4280614,0.39993704237333483,0.39755782669850337
C0521525,0.36641722537885035,0.3398735210353798
C0282612,0.18670699077458666,0.3321930329450898
C0854723,0.36049782033451705,0.2354052696342768
C1846434,0.2218912817285081,-0.0012958338622526646
C1848207,0.23409569595300925,0.21886729729427887
C0151313,0.10579890669109834,0.041025545634406656
C0019189,0.1932456495032953,0.23548766801672902
C0270853,0.48954295446777196,0.10012329542752556
C0027962,0.3852014293067332,0.38396659111607734
C0002395,0.39162040257347286,0.4042771431864174
C1837732,0.24558540905746568,0.359679784544242
C0024141,0.432215777084527,0.419639628085523
C3714745,0.3083379404921112,0.2930805024865558
C0162285,0.1530656368310572,0.0046900911514901325
C0151611,0.2995816939735032,0.3136746389909168
C4072825,0.3510585097653807,0.32604462530815287
C0409338,0.22885448025279417,0.1546089883414777
C0521719,0.2932197712593394,0.1602293041980215
C0032226,0.28921059289346523,0.3569985061783314
C0423112,0.25564851613824124,0.25027653630364466
C1390474,0.23735203682795694,0.23201924495394155
C0151639,0.3437225051943033,0.2783209133089698
C0476397,0.2406087672235295,0.16716628834665437
C1843663,0.03203863475588865,0.1048053004370223
C0038002,0.4314496129119806,0.3941111137032886
C1865027,0.2378080483740289,0.07795914666058122
C0020517,0.40314644674049405,0.4434528836074568
C0034372,-0.0005747273328905695,-0.0011007194838839988
C0239174,0.4411903793258464,0.3510583681688765
C0027765,0.3640112777108936,0.32904472833260945
C4020861,0.1522655303612491,0.1752245449944519
C0003119,0.322393725476576,0.1792711102183554
C0020438,0.2936423673993771,0.12351569103442776
C0026847,0.11408902225506067,0.08800585713968942
C0001627,0.41944531255662426,0.23622411540321656
C0027498,0.4202185545822959,0.3909136603183639
C0017563,0.18944163543421316,0.14615754617083385
C0039231,0.3063294997417986,0.3188160262841178
C2267233,0.2941160850245591,0.17580374984121358
C0242383,0.0931450529462536,0.23001408281491986
C0004158,0.09603361641814594,0.038619265652568596
C0344539,0.18413686558917663,0.1093588548803964
C1853237,0.4544007886333704,0.4485219237817432
C0031256,0.1406157220163855,0.19933710065404503
C0020224,0.35050127959844185,0.3149315914327059
C0007370,0.21538526255996168,0.19556234674654271
C0576860,0.16791467722041373,0.21344602405706561
C0149721,0.2896249106260408,0.3142621152211092
C0338451,,0.3022622655683089
C0332573,0.15804585912336633,0.28790652166154174
C1456784,-0.0028290860935819622,0.08495345280547657
C0011853,0.49412949970548653,0.4580412697237638
C0232940,0.33550776199924254,0.2786354412363506
C2316810,0.1832146744380858,0.1515775161979685
C0392525,0.13569794044257538,0.08136408351595714
C4025252,0.10656702689343117,0.28142912978807455
C0687120,0.34617718185753465,0.2584056065847552
C0010520,0.2767895145169395,0.2670004630038967
C0575158,0.38224307829595694,0.3426888419983836
C0018939,0.2715668156904194,0.04323808893919961
C0405580,0.45301697738803226,0.2718538961892224
C0424731,0.31637908717900226,0.30379871885020443
C0021655,0.4792072170336568,0.42661410055128196
C0151529,0.34071998052591473,0.3284225206984061
C0151686,0.2072068413878448,0.19076428699951997
C0016522,0.4157409106396918,0.24482803158612512
C3501843,-0.0008846987536449736,-0.0013255899258974627
C1969913,0.1531470996323492,0.05407675893921394
C4025900,0.0973330779324052,0.24280789969785488
C4020854,0.2790032883440033,0.2934679000989115
C0018799,0.18054584976076707,0.27645635920003253
C0018418,0.2222534935185579,0.38388152142001786
C0038220,0.4167478384085449,0.4028561038538787
C4280630,0.19240993851387328,0.16417125938239044
C0268307,0.3174018069561798,0.17857616171500912
C0020620,0.06050097996291918,0.07812300356780763
C1840379,-0.0011340618430558849,0.08410782612577385
C0338831,0.10914630008168229,0.005495863525252929
C0151721,0.31849250560775494,0.34569272073681573
C0026266,0.2520286719773219,0.2777278462339689
C0743912,0.2555226066134256,0.22757650770374854
C1862314,0.4131108982727789,0.3545782599424638
C0040038,0.3443285230899145,0.33173102177721236
C0694563,0.2158992134630829,0.16468520944585338
C0001624,0.1337590237022758,0.22685912925081006
C0334634,0.21252486884868588,0.33198156108795696
C0221204,0.19640767017511718,0.33080672467172195
C0232744,0.4053828528150658,0.296658950057756
C1849923,,
C0151891,0.1901689372962558,0.12670871580588605
C2749463,0.14163845509444495,0.2926413089995644
C0041974,0.019035888031987552,0.25674833406136094
C0085682,0.08747629400671708,0.1998628108035273
C0850703,0.03518919185990187,0.06071114725514232
C0015397,0.0978772104709793,
C1446712,-0.0003868990862053405,0.15395425472921107
C0240295,0.39588849568896534,0.4060978325542804
C4021780,0.2779325630562632,0.1706042719948277
C1956346,0.47624658811958176,0.411734025766839
C0029453,0.3847399153379113,0.33787759257099864
C3164374,0.12565068308134775,0.20005440666974628
C0853897,0.020640986017668974,0.18801853014863443
C0030297,0.5136165799332735,0.40798285736965023
C0085271,,-0.000314467992797551
C1865017,0.35838479936856277,0.35956037593386353
C0029172,0.20829738753762497,0.2790041095399662
C0235946,0.26863880884526226,0.3039481784083885
C1843108,0.3363048749021473,0.3342228564124396
C1842153,0.23958607996684075,0.10308641734448508
C0024032,0.3225327283891899,0.3116250863178632
C0015300,0.42697858235085917,0.4192962300594653
C0857460,0.2376929100114913,0.27559519531195925
C0432163,0.08317619594463456,0.16393475783892655
C0221766,0.000500495984119459,0.02736291885862004
C0026884,0.043088452802229095,0.12355626812791125
C0005747,0.22718096348424593,0.13061196096874628
C0085633,0.2968601761227936,0.2649953955550102
C0345967,0.4615962785665759,0.446382391304352
C0001969,0.2553119811595034,0.25588864903280206
C0751401,0.3367213593292064,0.23243061796800754
C0271390,-0.002633599286800161,0.043159438905719
C0600104,0.25466422390395316,0.20221316837133607
C1856963,0.2032612945773557,0.19475509567686147
C1835473,0.11377759982976007,0.09036392881815
C0037317,0.13398184460663115,0.19809043967539164
C0426848,-0.0005622153788316234,0.03418846598610141
C1857679,0.287051198637747,0.15268157624162754
C3553764,0.3321543473252915,0.3236602685279015
C1837458,-0.0021253876382940936,0.006928218099270142
C0919267,0.4696890329086067,0.4438396886493576
C0036857,0.22734146848653708,0.21811202146515765
C0541794,0.3289998637013536,0.26172933522450337
C0014130,0.06796384449234034,0.005030624031979576
C0035313,0.19351389603297292,0.02214424487787467
C1839839,0.057103795208109494,0.17165483291694908
C0018273,0.2579451039846792,0.2880766009188616
C0271183,0.24422394883044687,0.1316423450276273
C0008031,0.4397740210453938,0.39979762183620565
C0424448,0.10799971560859649,0.12194270670117792
C0003962,0.1742779933576751,0.1410390449456184
C0266013,0.3736812533687893,0.3827698774398461
C1844947,0.23850366412554425,0.23223854784743503
C0522224,0.24626773142002278,0.28781139904846814
C0020608,0.35724011196280425,0.35647494752225445
C2931092,0.575827622069605,0.4014229208359427
C1839254,0.16844990821445988,0.0391565470650885
C0017638,0.4451845721096239,0.3924934582968199
C0524620,0.09107312321464361,0.22205358381077414
C3887709,0.39925141396494485,0.4129739913548691
C0267963,0.028796967140498207,0.020050796014742193
C1837352,0.11359280686064609,0.14046762800536314
C0221217,0.23912437658988903,0.2610109326530559
C0027125,-0.0019074571247997267,0.09151177857890079
C0949445,0.09091107846670506,0.08530886447965964
C0231528,0.28149594950586027,0.29872561859588465
C0018923,0.27459256313324015,0.34591395713887657
C4020962,0.18860539019378184,0.30476907987713314
C0040997,0.37878841769308585,0.08095901586332228
C0034069,0.3674614160757967,0.4697882219457398
C0235833,0.3097286610930579,0.23397430027975644
C0158113,0.18136169078358472,0.17340661415323017
C0795690,0.15935312106259847,0.21193577835629065
C0005744,0.3417075322411881,0.27495479534028455
C0279680,0.45411540640641795,0.14565906056653835
C0004936,0.07696356587120992,0.06915282952242587
C1827524,0.37626006404423223,0.37069012475555607
C0014457,0.40780428398666485,0.4103912028124628
C0023893,0.4234708166688559,0.39932089402893745
C0014553,0.5354979989090249,0.37458614135369533
C1970705,0.12202698337480528,0.147122513077544
C0237326,0.35816946533327426,0.33061387977693324
C0162674,0.025743765089304614,0.1360262860161194
C0025261,0.2003781811794801,0.38842422603638604
C1865847,0.08186065073458963,0.1327835491108778
C0037772,0.06521166599893415,0.144775763680688
C1838979,0.7070190600922639,0.5818358036883162
C0024117,0.3261333638380244,0.4159603544473064
C1855106,0.1680359496536847,0.15746349803246096
C0392476,0.2451329521890848,0.10595700966507399
C0010200,0.3023989796453333,0.31264876223803467
C0085606,-0.0025423175728847736,0.1351718841436626
C0023891,0.1539849017609723,0.10466398294547398
C0162539,0.025908715907762506,0.31118180363476305
C1855204,0.18829572483349954,0.32835842436443247
C4021815,0.23780200488433925,0.1927522098707773
C3277226,0.1358834881973921,0.08010053570626684
C1833144,0.1778513919077727,0.10698901223361752
C0087012,,0.1197743119348946
C0026769,0.3695093359561992,0.39528152457075816
C0002994,0.36762232938997436,0.3713266368538113
C0040822,0.33730534654913114,0.3436384120471046
C1857949,0.08527600026373133,0.09910515063167656
C1859778,0.3572904862554279,0.28647207000483915
C0022596,0.35567849488647557,0.26408769009989946
C0035258,,
C0012833,0.20829782283469747,0.17270672796435793
C0011581,0.48060955623922275,0.46977135697091293
C1844820,0.2414877509889302,0.1971400763728104
C0028738,0.22438505935249695,0.23743537672906262
C0266371,0.01445041188460672,0.34731844425010083
C0039070,0.30246139327790855,0.3468900068206922
C4022020,0.0870449605239825,0.06916192289353514
C0151786,0.36150743505027133,0.30532075037455475
C4280679,0.2921523876464677,0.046564350831504966
C0003635,0.29661206302065596,0.3664237542273247
C4021395,0.2940982201545146,0.15955867761892611
C0234860,0.33633457712379744,0.2307052883704038
C0541764,0.4160941776476314,0.41296065600223686
C0238288,0.19369607490869567,0.10721790934206911
C0238397,0.22579002954567345,0.2480762188025015
C0018772,0.41546680984564843,0.3832114509264024
C0235430,0.1283601920056656,0.2459853761821766
C0038990,0.3759666624466518,0.3500899828629402
C0085631,0.1756287459405745,0.03970826978018359
C3806467,0.24352354654046543,0.2133861997722003
C1853193,0.23742806734919641,0.20940299188043196
C3163798,0.134227087013686,0.16474713170529573
C0015644,0.1664966168199929,0.12444863289348342
C1837397,0.2110189433728153,0.1551049395285973
C0020534,0.43105470775317717,0.43962214687779566
C0038379,0.3387014970164142,0.35585370319797244
C3494422,0.31301677245997417,0.29892686774872035
C0034150,0.25469328146505343,0.26625216678229824
C0027947,0.2570860361063283,0.05921670409096791
C0002418,0.1744528977778214,0.04157594131346544
C0011615,0.35508417541186027,0.3886303764087684
C2239176,0.5086602253728394,0.4612003970727145
C1842170,0.2787902377676855,0.1347458319174358
C1859717,0.09965088336196569,0.12458651035571676
C0005612,,0.08293855223456853
C0206762,0.32922832885892733,0.1707503910084261
C4025819,,0.1404547293660393
C0403553,,
C4025723,0.11066723493914284,-0.00744367746328792
C0033805,-0.0018400839457943911,0.15765489778471245
C0023532,0.17419220298617727,0.12872975887761315
C0917990,0.11984885438423536,0.18637968245048442
C0264142,0.20333528043902938,0.17183097845778644
C0344312,0.27300051151069193,0.20760269928491298
C0024003,0.2205529822601941,0.18348316824600466
C0023186,0.1943449809983693,0.17966388015954038
C1850573,0.17139876415743593,0.10092655122889818
C0240735,0.09079822642718798,0.29671390908188805
C0014067,-0.0008551656192636587,-0.001104064326664911
C0001807,0.2519859880158547,0.28530404917633917
C1865186,0.11962308649951264,0.012731080712003165
C1853562,0.4177981784042771,0.3746239504975313
C3714757,0.3376580825892536,0.2965206651260956
C0027720,0.3156143978270804,0.19081700180076241
C0038325,0.34463978352709346,0.2892486375600466
C1837098,0.06453733824615339,0.17150862511106424
C4021977,0.34368033607952486,0.4122164240156021
C0014065,0.010809201616476312,0.0730332203741702
C0266362,0.18767000830099814,0.2403995153509937
C0024433,0.24107403201605113,0.2369391544001457
C0234146,0.2661193218570805,0.2282398763285939
C0311277,0.18555115714188514,0.18877394784087634
C0011175,0.14743165790927792,0.1895339465106718
C0026267,0.27626360651930304,0.30913447646496867
C0431362,0.22793388619363986,0.353377951298789
C0020621,0.2738412810383927,0.18190954623099717
C1859424,0.4568499764040549,0.35032374786809156
C0410264,,0.016408240705620476
C4280623,0.37888390704759256,0.33804172963860174
C0018979,0.5085341096779168,0.35660286690212634
C0010308,0.022910135105292585,0.297423348277499
C0497156,0.38886687462265546,0.3747273376682042
C1839739,0.34903733743929033,0.30222572083781685
C4020878,0.22700977284556084,0.20893828711067855
C0431380,0.05405871228216733,0.07879843257568551
C0014544,0.3534299692687529,0.36419814469546125
C1856438,0.124378544489507,0.23055335411768318
C0037199,0.3219374764325293,0.33809953738255716
C0031900,0.18455814705785714,0.027469083945312542
C0013592,,-0.0028671194489324095
C0494475,0.33699997834574863,0.2814053342998301
C0040411,0.0947349306855027,0.1390898492947697
C0428977,0.4149233651366825,0.25717662018681015
C0266589,0.08680729279296918,0.19159287684041662
C0424711,0.08418390884894994,0.24255551561157013
C0004238,0.2390817314692893,0.3377906417479582
C3806301,0.19031092940142724,0.07408787744955585
C1262477,0.4491243565901353,0.4017992696976108
C1859447,0.1713179727056209,0.022409628602884896
C1621895,0.15505155904633655,0.10278805142944217
C0023487,0.39734186692538137,0.3727029755046998
C1866241,0.25643479204597097,0.1574494748866585
C3806482,0.3541653663869702,0.33895079835577535
C0020617,0.007280964288515431,0.12248756521604966
C0002962,0.08105952598374365,0.08393484367885885
C1955869,0.033539792507400086,0.019061616866006905
C0598608,,0.1986666507551582
C0332615,0.1782670589132147,0.06939171413672025
C0035579,0.09927377471677307,0.07420753924127993
C0017565,0.2510461379163841,0.06979257214733738
C0003864,0.34163235124304836,0.3481834992589188
C4072822,0.2563010166324538,0.24160390618428682
C0003873,0.46415762494941837,0.420163349547318
C1458140,0.33591586580704347,0.28386837018294
C0032914,0.2941968086521214,0.2937998316497936
C0234985,0.33500549704498434,0.2771726392721638
C2676676,-0.0027138835601895296,0.0758220568761841
C0268583,0.22336483567595522,
C0005587,0.33091479752225395,0.22916058105424697
C0240912,0.204570990816244,0.20871201849320267
C1842688,0.12026962463224401,0.04100574986306908
C3839753,0.11799264083283553,0.05302266430402402
C4072849,0.3042400485021854,0.21301065934134208
C0423221,0.22314083192034417,0.16372016591476934
C0152427,0.26391503650249737,0.34482969435282623
C0266435,0.33304605100900775,0.34943881473259353
C0263537,0.251571843179673,0.039961127781399146
C0026764,0.3124481678120408,0.29504357376249046
C0027627,0.5147338238746448,0.48878436188656066
C0149745,0.4299919439422694,0.28605379273539777
C0423757,0.31138540363965195,0.31470633635960743
C0036601,0.0871081284719248,0.011046036936583662
C1861063,0.5215350210399742,
C1842366,0.35694911656094297,0.16103876839505554
C0266619,0.22799233107757674,0.33855968439965334
C4020843,0.3262516433680352,0.1397117831397988
C1833999,0.2817598663014324,0.0507759283479742
C4020868,0.2248142211727844,0.20675713197722426
C0002171,0.28299944710155833,0.016438266327875737
C0018671,0.22626646565816433,0.23962922555076377
C0266011,0.04691742919098896,-0.0014157507443482871
C0024591,0.14929330392199472,0.0804903429083459
C0262444,0.3652098956349724,0.29922643869910315
C0028754,0.43782665094276274,0.39559160455571857
C1849538,0.3015674145910997,-0.0022591251009778783
C0685381,0.33676243509157777,0.27895386249685505
C3714497,0.19191113698170673,0.1447839754653265
C4021790,-0.001977646535279427,0.0048122094491716925
C0410916,0.1096039800461857,0.027423216594899436
C0011253,-0.0026785047318235345,0.07057563933668318
C0265275,0.5418810957648725,0.5321363297733978
C0025286,0.12437803355989527,0.14636066859286442
C0020443,0.20566524337787392,0.3436420079164186
C0035828,0.4815006737174014,0.3210527100656407
C0563243,0.2897263350861006,0.06576523073510876
C0008370,0.4260042405127746,0.3184799025275018
C0751295,0.25482137865618293,0.30394839429920867
C0042024,0.15920039444323958,0.16172717140303247
C4280664,0.3873960129070211,0.40496334689641356
C0013274,0.3497406321360525,0.32114171221304066
C1271100,0.030186424442964942,0.043969056887177414
C4280304,0.4221473031864396,0.37684990840962396
C0032460,0.3410021151084024,0.3197654947547279
C0341706,0.36126528373482186,0.28131172989391623
C1837084,0.29162922783885953,0.23401325182988358
C4024890,0.27302299455379964,0.18519324155892505
C0334588,0.3240879966359667,0.06446206356295649
C0877165,0.2688020374407566,0.2260983118883279
C0685409,0.3714117388772011,0.19214399872953117
C0239234,0.3622003395592486,0.3525716081772766
C0273115,0.2648041941092692,0.33035319957487097
C4020869,0.1840094961151824,0.08429895176295851
C0037221,0.04843022619032459,0.0801849984424262
C0030567,0.47661093486029404,0.38288939888971346
C0266463,,0.1487813984253483
C0597167,0.032395384034779796,0.13569376692791665
C0266642,0.12766856874152718,0.08652924246574827
C0019322,0.2183294869560856,0.2718888475045166
C0338502,,-0.0025683742354341305
C0009398,0.11693143801577323,0.13356813300176587
C1860127,,0.03342634984641302
C1835452,0.3702930779009903,0.3193302057695433
C0007117,0.40438767782300167,0.36544619190799926
C0027659,0.4042614137767751,0.43975730655486756
C0266122,0.3762667891315467,0.19927095696462885
C1522137,0.2615776636502474,0.31043261507206626
C0151889,0.24403330855663258,0.2688052498974456
C0035334,0.2968906067398342,0.17709706406754508
C0221352,0.3336053745202072,0.41896379834181907
C0001956,,
C0026837,0.3465663964469217,0.27784821858515935
C0020538,0.4889857199946394,0.4834189589944772
C0221765,0.08785630302182774,0.06534479229787767
C0025323,0.41877267961651965,0.33845676664729357
C0042345,0.2134793393021941,0.19618637104139383
C1865200,0.1453207774424302,0.07690689120058684
C0266625,0.017765836184106047,0.22409297917209736
C4021745,0.0007806920090859668,0.15381764532423517
C4020856,0.028065977728980885,0.21987619594064386
C1840380,0.06946881599301981,0.026189011462449594
C4025844,0.189056684386232,0.14802434031074338
C0546964,0.22102458722804388,0.09095407850318661
C0022665,0.31698036961377163,0.3016592430568245
C0039621,-0.0011031157654222941,0.027002929547354806
C0002871,0.38784202076220126,0.3314412668870599
C0240635,0.3837438540485195,0.3704066768022646
C4025669,,0.30306902414046044
C0344232,0.3262900256415354,0.26163653505313467
C1835884,0.3151761278087773,0.31034507825096946
C0240671,0.39321464606846285,0.30877905413240697
C0008311,0.12082556359896728,0.12416908005168104
C0747085,0.14352947726327708,0.13250423386242557
C1849089,0.36684926169794013,0.3340878575236128
C0018798,0.34193251827825066,0.3621980009029306
C0006386,0.4199499516467106,0.363764269143598
C1864903,0.018253053595263156,0.20012080815950467
C0029927,0.1511881445457014,0.24164814043176305
C0015695,0.350602081810217,0.34873022996992353
C0026640,0.3727824309787344,0.2814469952539499
C4025650,0.2302353316677673,0.15188767453201693
C0018213,0.047416690062639426,0.13085828007749398
C1832348,0.2142233275374285,0.12227222088436539
C0002170,0.3672656844259005,0.3466099516506343
C1145628,0.08103199649564057,0.18419929612813205
C1862095,0.17570218376084823,0.20779874405910345
C0264303,0.2786764677884035,0.25500346271526614
C0016978,0.2956940651284626,0.3698208751687593
C0018816,0.21539051789089064,0.2770808425755503
C0345030,0.10378297314773331,0.058408096692012905
C0236969,0.2830265103216806,0.16065165597463274
C0265998,0.3242843647569853,0.3012151607034637
C0231712,0.21198230498619844,0.1590487656244794
C0037769,0.10119295069378564,0.1239080176721893
C0035126,0.5126979835677827,0.48943925487107853
C0001126,0.051289783660747636,0.10627001937682708
C1834055,0.3644958290562375,0.3404812876546791
C3714581,0.21830882263700144,0.20157983192270504
C1865572,0.12939254333355413,0.22641389809855336
C1839546,,
C0020598,0.03253114288040235,0.16976328632876742
C0221210,-0.001111925718212865,0.1366382752798817
