Disease ID,Disease Name,Recall-at-100,NDCG-at-100,Recall-at-25,NDCG-at-25,Recall-at-10,NDCG-at-10,AUROC,Mean Average Precision,MRR,Fmax,AUPRC,Ranks,Nodes
GO:0000981,"DNA-binding transcription factor activity, RNA polymerase II-specific",0.07666666666666666,0.03010617181637986,0.021111111111111112,0.01062936280375872,0.0,0.0,0.6391967400457115,0.005625064850780557,0.0035418361837661915,0.03525181368850424,0.004927100937991837,1932.7692307692307,2693.2417582417584
GO:0019904,protein domain specific binding,0.2,0.03389496753293793,0.0,0.0,0.0,0.0,0.580890983460786,0.00356928900999922,0.0038148606659778963,0.007498939926224883,0.00178464450499961,2672.0,2645.0
GO:0004521,endoribonuclease activity,0.0,0.0,0.0,0.0,0.0,0.0,0.5130965131500655,0.0009215361635350099,0.0007901845488038423,0.0035904261560263744,0.0007181317650952965,2742.0,2992.1935483870966
GO:1901505,carbohydrate derivative transmembrane transporter activity,0.0,0.0,0.0,0.0,0.0,0.0,0.49540843566470905,0.0002490849958309618,0.0004064024449413167,0.0010734614025394332,0.0001245424979154809,3424.285714285714,3413.0714285714284
GO:0008092,cytoskeletal protein binding,0.09047619047619046,0.03740377638452998,0.016666666666666666,0.013032376591037065,0.016666666666666666,0.013032376591037065,0.6358254852147434,0.006719211427657211,0.007125467655629854,0.04480385919303419,0.004951661309273119,2021.378787878788,2659.060606060606
GO:0015215,nucleotide transmembrane transporter activity,0.0,0.0,0.0,0.0,0.0,0.0,0.49516903914590743,0.00023125658715781667,0.00043071195481882054,0.0010228976133558698,0.00011562829357890833,3481.4615384615386,3467.3076923076924
GO:0032266,phosphatidylinositol-3-phosphate binding,0.125,0.030329363758340267,0.0,0.0,0.0,0.0,0.5793266369047619,0.0032191300759029117,0.0029466647611801427,0.015408272003481976,0.0020499280599049633,2250.030303030303,2592.4848484848485
GO:0003697,single-stranded DNA binding,0.03666666666666667,0.010340036765869049,0.0,0.0,0.0,0.0,0.6685050468852656,0.003532348274445236,0.0022442735039890655,0.014061810850762583,0.003084321472455714,1498.3076923076924,2584.173076923077
GO:0046872,metal ion binding,0.0,0.0,0.0,0.0,0.0,0.0,0.4848335719398712,0.0008046410966907081,0.0005790069644115285,0.003328820439135591,0.00040232054834535405,2769.2444444444445,2703.6
GO:0016891,"endoribonuclease activity, producing 5'-phosphomonoesters",0.0,0.0,0.0,0.0,0.0,0.0,0.49028495102404274,0.00032046209943664103,0.0004886566858758847,0.0015477045042456062,0.00016023104971832052,2860.1666666666665,2813.8888888888887
GO:0140101,"catalytic activity, acting on a tRNA",0.0,0.0,0.0,0.0,0.0,0.0,0.48201872861516293,0.0014385901816220104,0.0005731078459780228,0.005314847638076768,0.0007192950908110052,2816.1375,2751.775
GO:1901682,sulfur compound transmembrane transporter activity,0.0,0.0,0.0,0.0,0.0,0.0,0.49345852616589525,0.00026691974800799784,0.0010722626800363105,0.0032989797835797467,0.00013345987400399892,2410.9333333333334,2377.4666666666667
GO:0016614,"oxidoreductase activity, acting on CH-OH group of donors",0.0,0.0,0.0,0.0,0.0,0.0,0.4837944664031621,0.0012022829793271812,0.0006834160663802574,0.005049731911463395,0.0006011414896635906,2657.5373134328356,2589.820895522388
GO:0016791,phosphatase activity,0.01111111111111111,0.005196028079150353,0.01111111111111111,0.005196028079150353,0.0,0.0,0.5546383127943092,0.002695732233036286,0.0017090359365150368,0.01673855238604952,0.0077076963706378555,2496.8522727272725,2913.6363636363635
GO:0016866,intramolecular transferase activity,0.0,0.0,0.0,0.0,0.0,0.0,0.4916770518070144,0.0002847608470751381,0.0009599013826311418,0.002513831799635247,0.00014238042353756906,3037.3125,2999.375
GO:0001047,core promoter binding,0.15,0.05531329488904788,0.15,0.05531329488904788,0.15,0.05531329488904788,0.6402891459074732,0.02149636028996083,0.0238473125213897,0.05437152711287595,0.01095892900148504,2129.6153846153848,3264.076923076923
GO:0001091,RNA polymerase II general transcription initiation factor binding,0.3,0.07066240204893466,0.1,0.03333333333333333,0.1,0.03333333333333333,0.6330517517339499,0.019289566822461558,0.019736627477862582,0.03562364126001684,0.009644783411230779,2163.9,2549.6
GO:0005342,organic acid transmembrane transporter activity,0.0,0.0,0.0,0.0,0.0,0.0,0.48618680530656155,0.0009850372113050928,0.0009053104130129625,0.006125501467215149,0.0004925186056525464,2631.7636363636366,2573.9454545454546
GO:0042393,histone binding,0.0,0.0,0.0,0.0,0.0,0.0,0.5965447881280171,0.0014018021671754412,0.0009512230100776866,0.005254773296922416,0.001237951546816715,2305.725,2891.675
GO:0019205,nucleobase-containing compound kinase activity,0.0,0.0,0.0,0.0,0.0,0.0,0.6536476868327401,0.0009262722855994283,0.0009066971765028943,0.0022929186909251497,0.0005398674553951923,1654.5384615384614,2736.076923076923
GO:0016741,"transferase activity, transferring one-carbon groups",0.0,0.0,0.0,0.0,0.0,0.0,0.4810730387736699,0.0015844955226037034,0.0006443887905717377,0.005755089235040642,0.0007922477613018517,2609.2045454545455,2532.715909090909
GO:0019789,SUMO transferase activity,0.0,0.0,0.0,0.0,0.0,0.0,0.49027580071174376,0.00023125658715781667,0.0006803029164107283,0.0016280544844711135,0.00011562829357890833,2537.3076923076924,2482.0
GO:0043130,ubiquitin binding,0.0,0.0,0.0,0.0,0.0,0.0,0.6126727733095025,0.0016873380731992186,0.0012094968713680025,0.0059807919326438025,0.00142415181757744,1981.7894736842106,2569.0
GO:0008175,tRNA methyltransferase activity,0.0,0.0,0.0,0.0,0.0,0.0,0.49217135732098327,0.00033832225951549195,0.0004954992439153455,0.001469122288710244,0.00016916112975774597,2826.2631578947367,2790.315789473684
GO:0015171,amino acid transmembrane transporter activity,0.0,0.0,0.0,0.0,0.0,0.0,0.4894304588466345,0.0005709952302452498,0.0011653545522101994,0.005855460578641369,0.0002854976151226249,2580.3125,2532.4375
GO:0031369,translation initiation factor binding,0.25,0.058041952844165634,0.05,0.018457569677956816,0.05,0.018457569677956816,0.6015708437166252,0.010437677687971315,0.010365367948496398,0.029408837983437387,0.005681020340649913,2576.5333333333333,3368.6666666666665
GO:0019901,protein kinase binding,0.2,0.034003102577307466,0.0,0.0,0.0,0.0,0.5791926018139784,0.0036726481831258345,0.00381342720212688,0.0074921934934314175,0.0018363240915629173,2897.5,2927.4
GO:0016628,"oxidoreductase activity, acting on the CH-CH group of donors, NAD or NADP as acceptor",0.0,0.0,0.0,0.0,0.0,0.0,0.49382002489774146,0.00017780938833570416,0.00041324139040583793,0.0008260982103289298,8.890469416785208e-05,2838.0,2807.9
GO:0060590,ATPase regulator activity,0.0,0.0,0.0,0.0,0.0,0.0,0.48509366636931317,0.0004992994542434347,0.0007579170676275249,0.0033587598778500954,0.00024964972712171734,2740.3214285714284,2663.1785714285716
GO:0017137,Rab GTPase binding,0.0,0.0,0.0,0.0,0.0,0.0,0.48731529286095787,0.0002847608470751381,0.0005137831366446188,0.001407908255757812,0.00014238042353756906,2393.0625,2319.875
GO:0051010,microtubule plus-end binding,0.0,0.0,0.0,0.0,0.0,0.0,0.49071504802561366,0.00019561878679038463,0.0005716447845688492,0.0011657743987513985,9.780939339519232e-05,2546.090909090909,2493.909090909091
GO:0070491,repressing transcription factor binding,0.0,0.0,0.0,0.0,0.0,0.0,0.4861847961545308,0.0002847608470751381,0.0005425921720738289,0.0014258415418968366,0.00014238042353756906,2657.9375,2582.5
GO:0004519,endonuclease activity,0.0,0.0,0.0,0.0,0.0,0.0,0.47584557506270153,0.0010840372676500362,0.0006002325139200285,0.0038575340595914816,0.0008284057880581737,2943.0588235294117,2945.0
GO:0140030,modification-dependent protein binding,0.0,0.0,0.0,0.0,0.0,0.0,0.4861086375779163,0.00032046209943664103,0.0005857839367370508,0.0018424156540129972,0.00016023104971832052,3359.3333333333335,3303.6666666666665
GO:0051219,phosphoprotein binding,0.0,0.0,0.0,0.0,0.0,0.0,0.603081643543223,0.0008522370618968954,0.0009057811657289756,0.0021047175179495976,0.0004682060730359898,1872.909090909091,2508.0
GO:0004222,metalloendopeptidase activity,0.0,0.0,0.0,0.0,0.0,0.0,0.49486746130581755,0.0002134345186047572,0.0019474181081052693,0.004012732404574869,0.0001067172593023786,2612.75,2585.75
GO:0035251,UDP-glucosyltransferase activity,0.0,0.0,0.0,0.0,0.0,0.0,0.49021526418786693,0.0002134345186047572,0.0009097666938555597,0.0019621642766381596,0.0001067172593023786,2307.5,2252.4166666666665
GO:0004659,prenyltransferase activity,0.0,0.0,0.0,0.0,0.0,0.0,0.4893060498220641,0.00023125658715781667,0.00040294743231009025,0.0009832617505103752,0.00011562829357890833,3127.846153846154,3082.3076923076924
GO:0016765,"transferase activity, transferring alkyl or aryl (other than methyl) groups",0.0,0.0,0.0,0.0,0.0,0.0,0.48455764075067026,0.0006787117665897697,0.0006767976367766124,0.0035156883988257635,0.00033935588329488483,2654.4736842105262,2578.6315789473683
GO:0008409,5'-3' exonuclease activity,0.0,0.0,0.0,0.0,0.0,0.0,0.4907539118065433,0.00017777777777777779,0.0004017998335942992,0.0008032320046104464,8.888888888888889e-05,2777.5555555555557,2731.222222222222
GO:0016278,lysine N-methyltransferase activity,0.0,0.0,0.0,0.0,0.0,0.0,0.4894868139700641,0.00037405532092678876,0.000579287778726147,0.0020368302096331727,0.00018702766046339438,2552.285714285714,2496.5714285714284
GO:0017025,TBP-class protein binding,0.0,0.0,0.0,0.0,0.0,0.0,0.4872842142730023,0.0002490849958309618,0.0005059975035401452,0.0011789358045706415,0.0001245424979154809,3128.4285714285716,3073.785714285714
GO:0018024,histone-lysine N-methyltransferase activity,0.0,0.0,0.0,0.0,0.0,0.0,0.49074337542237234,0.00017780938833570416,0.0007009223992474679,0.001400134473813888,8.890469416785208e-05,2333.7,2275.4
GO:0005484,SNAP receptor activity,0.0,0.0,0.0,0.0,0.0,0.0,0.4859205132774907,0.0003919282245380415,0.0006528538155821846,0.0023029476741846344,0.00019596411226902076,2559.0,2480.1363636363635
GO:0005548,phospholipid transporter activity,0.0,0.0,0.0,0.0,0.0,0.0,0.4908023483365948,0.0002134345186047572,0.0010315867021050665,0.002200625829846476,0.0001067172593023786,2681.6666666666665,2629.6666666666665
GO:0046933,"proton-transporting ATP synthase activity, rotational mechanism",0.0,0.0,0.0,0.0,0.0,0.0,0.49539145907473314,0.00023125658715781667,0.0006064626688905857,0.0013576231077296586,0.00011562829357890833,2495.923076923077,2475.3076923076924
GO:0000049,tRNA binding,0.1,0.01897562778904387,0.0,0.0,0.0,0.0,0.54331581759886,0.001635061234825896,0.0017656998795691204,0.006490942125364126,0.0010884553191990486,2625.5263157894738,2736.0
GO:0061630,ubiquitin protein ligase activity,0.0,0.0,0.0,0.0,0.0,0.0,0.5186285867046873,0.001202374253381449,0.0015364236497731976,0.0054525274655575755,0.0008189003025169995,1834.8181818181818,1903.909090909091
GO:0003688,DNA replication origin binding,0.0,0.0,0.0,0.0,0.0,0.0,0.6711793154761905,0.0017934543592617966,0.001351816518050977,0.006231854694256089,0.0014750303857654881,1767.878787878788,2658.7272727272725
GO:0030674,"protein binding, bridging",0.02857142857142857,0.01069573089966756,0.014285714285714285,0.006360039474961572,0.0,0.0,0.5557263574253866,0.0025071238646546903,0.0018601968996132313,0.015736954775431713,0.002142778997664895,2325.507042253521,2641.8591549295775
GO:0031625,ubiquitin protein ligase binding,0.2,0.09943309613609637,0.2,0.09943309613609637,0.05,0.06131471927654584,0.5893549822064057,0.05851122496310431,0.05886307358185374,0.08928079839664489,0.05465979545454247,2075.6153846153848,2705.3846153846152
GO:0005543,phospholipid binding,0.0125,0.004355557842812835,0.0,0.0,0.0,0.0,0.6290051301301303,0.002966340040079813,0.0012628959365121603,0.011902253289994297,0.0026522562523275013,1950.8072289156626,2597.6987951807228
GO:0043022,ribosome binding,0.11666666666666665,0.02802622458819335,0.0,0.0,0.0,0.0,0.5273588829471182,0.0028419728868675233,0.0032441784051762215,0.013911829556573196,0.0018216041322309516,2437.5652173913045,2706.0434782608695
GO:0015293,symporter activity,0.125,0.018897276365222055,0.0,0.0,0.0,0.0,0.4964777777777778,0.00017774617845716317,0.0005323778291851822,0.001064043643217201,8.887308922858158e-05,2268.0,2249.375
GO:0015036,disulfide oxidoreductase activity,0.0,0.0,0.0,0.0,0.0,0.0,0.49155832591273374,0.00032046209943664103,0.0013602758310488731,0.004614986895818253,0.00016023104971832052,2426.6666666666665,2381.277777777778
GO:0003678,DNA helicase activity,0.0,0.0,0.0,0.0,0.0,0.0,0.48407182419153116,0.0006427806259086389,0.0006110790494856099,0.0029317576036422877,0.0003213903129543194,2849.3611111111113,2780.25
GO:0051184,cofactor transmembrane transporter activity,0.0,0.0,0.0,0.0,0.0,0.0,0.49553500869290346,0.00017777777777777779,0.0003636169529179964,0.0007267761003406513,8.888888888888889e-05,3798.5555555555557,3787.0
GO:0016747,"transferase activity, transferring acyl groups other than amino-acyl groups",0.05555555555555556,0.022252219539942827,0.01111111111111111,0.006016179456846956,0.0,0.0,0.522221219957103,0.003544481608550453,0.002365325987750935,0.025062187962986197,0.002908643611768228,2755.5777777777776,2847.3555555555554
GO:0005353,fructose transmembrane transporter activity,0.0,0.0,0.0,0.0,0.0,0.0,0.49782677414256366,0.00017777777777777779,0.0008503190752708564,0.0016956402865796127,8.888888888888889e-05,3213.6666666666665,3206.0
GO:0022804,active transmembrane transporter activity,0.0,0.0,0.0,0.0,0.0,0.0,0.4822392086330935,0.0013112212979193897,0.0005685630587034038,0.0043520834536909915,0.0006556106489596948,2712.8082191780823,2645.6164383561645
GO:0001135,RNA polymerase II transcription regulator recruiting activity,0.0,0.0,0.0,0.0,0.0,0.0,0.486436454254183,0.00026691974800799784,0.0006427410941358477,0.0019139266994151007,0.00013345987400399892,2885.733333333333,2817.4666666666667
GO:0016667,"oxidoreductase activity, acting on a sulfur group of donors",0.0,0.0,0.0,0.0,0.0,0.0,0.4882274187790075,0.0005530648791930909,0.0010759941793156446,0.00502225017136273,0.00027653243959654543,2606.3548387096776,2552.3870967741937
GO:0043021,ribonucleoprotein complex binding,0.15833333333333333,0.042701176254484295,0.025,0.008629926013711074,0.0,0.0,0.5914923727803598,0.004388805493654225,0.0040788493175038685,0.024151634061536705,0.0029990464214690675,2273.051282051282,3030.6923076923076
GO:0051015,actin filament binding,0.35,0.13700001856879035,0.2,0.10379389457646919,0.05,0.06131471927654584,0.6637998575498575,0.06337880311267816,0.06412890127582702,0.110363677133771,0.05747884805859303,2188.4117647058824,2783.6470588235293
GO:0003887,DNA-directed DNA polymerase activity,0.0,0.0,0.0,0.0,0.0,0.0,0.49019572953736656,0.00023125658715781667,0.0006854822286248005,0.0020652421002714102,0.00011562829357890833,2954.4615384615386,2909.6923076923076
GO:0019208,phosphatase regulator activity,0.0,0.0,0.0,0.0,0.0,0.0,0.61030557041793,0.0017323506964793834,0.0014269873607624262,0.005646802490227315,0.0012784007873823649,1837.6153846153845,2633.4615384615386
GO:0015297,antiporter activity,0.0,0.0,0.0,0.0,0.0,0.0,0.49547233588329487,0.0002134345186047572,0.0005546163917093885,0.0012362243338428127,0.0001067172593023786,2933.4166666666665,2916.5
GO:0008270,zinc ion binding,0.0,0.0,0.0,0.0,0.0,0.0,0.4933196940046255,0.0002134345186047572,0.0005851621972991957,0.0012333859282715731,0.0001067172593023786,2990.5833333333335,2959.4166666666665
GO:0016645,"oxidoreductase activity, acting on the CH-NH group of donors",0.0,0.0,0.0,0.0,0.0,0.0,0.49360434086461485,0.0002134345186047572,0.0005180086077727323,0.0011190344633892606,0.0001067172593023786,3083.5833333333335,3059.0833333333335
GO:0005507,copper ion binding,0.05,0.009843715529896813,0.0,0.0,0.0,0.0,0.49321701976143845,0.0002847608470751381,0.0007636995669857598,0.002080550027239251,0.00014238042353756906,2757.0625,2722.375
GO:0043047,single-stranded telomeric DNA binding,0.0,0.0,0.0,0.0,0.0,0.0,0.4900942557353726,0.00017780938833570416,0.001291368379080092,0.0025731821786068023,8.890469416785208e-05,2119.3,2054.5
GO:0016407,acetyltransferase activity,0.08,0.029770917538826457,0.02,0.01208113026994942,0.02,0.01208113026994942,0.5628056501224392,0.006060144074706316,0.005500600649229807,0.033494699965875424,0.0040730170311678495,2794.730769230769,3080.673076923077
GO:0036094,small molecule binding,0.0,0.0,0.0,0.0,0.0,0.0,0.4791442411194833,0.0010573637315046632,0.0005847074484992953,0.0037909799864650337,0.0005286818657523316,2712.0169491525426,2616.0338983050847
GO:0010314,phosphatidylinositol-5-phosphate binding,0.1,0.015292486830283215,0.0,0.0,0.0,0.0,0.6348835141383603,0.0017833238579816391,0.001930741296529813,0.0038355600363952818,0.0008916619289908196,1630.9,2057.7
GO:0140296,general transcription initiation factor binding,0.2333333333333333,0.08715036013158198,0.06666666666666667,0.044412286644879784,0.06666666666666667,0.044412286644879784,0.6125654294551511,0.025870289455568428,0.025248331445958283,0.07831371107503636,0.014003193497889463,2316.2758620689656,2921.551724137931
GO:0003968,RNA-directed 5'-3' RNA polymerase activity,0.0,0.0,0.0,0.0,0.0,0.0,0.4898505603985056,0.0002134345186047572,0.0004219902601235568,0.0009128910963221642,0.0001067172593023786,3010.5,2962.1666666666665
GO:0008144,drug binding,0.0,0.0,0.0,0.0,0.0,0.0,0.48361006963042313,0.0005709952302452498,0.0006454663499151865,0.0028715245685918844,0.0002854976151226249,2513.0625,2425.53125
GO:0061608,nuclear import signal receptor activity,0.0,0.0,0.0,0.0,0.0,0.0,0.4886270674017429,0.00017780938833570416,0.000464894584351505,0.0009291359480478737,8.890469416785208e-05,3009.5,2951.9
GO:0016298,lipase activity,0.0,0.0,0.0,0.0,0.0,0.0,0.4912000713266762,0.00044558514580635,0.0006527069338711729,0.0027205391222192726,0.000222792572903175,3066.0,3030.12
GO:0003713,transcription coactivator activity,0.21666666666666665,0.06511771008063025,0.05,0.026406812257259087,0.05,0.026406812257259087,0.6099408688417423,0.016842381633576955,0.0167800912286967,0.04998629935086026,0.008969586837140876,2298.4166666666665,2932.7916666666665
GO:0000182,rDNA binding,0.25,0.12689184169371584,0.2,0.1174701062723483,0.2,0.1174701062723483,0.6070099697347338,0.07160245952419525,0.08003171618009926,0.14284623226111587,0.03613210544694127,2599.9375,3040.625
GO:0016627,"oxidoreductase activity, acting on the CH-CH group of donors",0.0,0.0,0.0,0.0,0.0,0.0,0.4910249554367202,0.00040980749428669495,0.0006773691820585248,0.002341563648558764,0.00020490374714334747,2515.391304347826,2471.1304347826085
GO:0004540,ribonuclease activity,0.0,0.0,0.0,0.0,0.0,0.0,0.5106913370323968,0.0011274666947272503,0.0007271425630389633,0.003935702644363694,0.0009400584774581916,2796.5434782608695,2937.2391304347825
GO:0008028,monocarboxylic acid transmembrane transporter activity,0.0,0.0,0.0,0.0,0.0,0.0,0.4955976520811099,0.00019561878679038463,0.0010995224844537377,0.0030180196227005338,9.780939339519232e-05,2428.4545454545455,2406.4545454545455
GO:0015179,L-amino acid transmembrane transporter activity,0.0,0.0,0.0,0.0,0.0,0.0,0.49138023152270704,0.00032046209943664103,0.0013188299273816978,0.003338273480851618,0.00016023104971832052,2889.6111111111113,2853.777777777778
GO:0003924,GTPase activity,0.02,0.005840183867278569,0.0,0.0,0.0,0.0,0.5198118616735352,0.0018311226622251427,0.0012546238435000403,0.008350705538329093,0.0014580649730785709,2771.269230769231,2872.5576923076924
GO:0003727,single-stranded RNA binding,0.0,0.0,0.0,0.0,0.0,0.0,0.4842386464826358,0.00032046209943664103,0.00037563532080669385,0.001105486649734888,0.00016023104971832052,3433.0555555555557,3368.0555555555557
GO:0004407,histone deacetylase activity,0.15,0.03155759829524869,0.0,0.0,0.0,0.0,0.9416310731446877,0.007809371227111006,0.00744658329129372,0.01660732521684159,0.004311867174062012,327.7857142857143,3152.8571428571427
GO:0120015,sterol transfer activity,0.0,0.0,0.0,0.0,0.0,0.0,0.4945758491908235,0.00017780938833570416,0.0006534239281652509,0.001305203132085595,8.890469416785208e-05,2994.2,2969.1
GO:0070011,"peptidase activity, acting on L-amino acid peptides",0.0,0.0,0.0,0.0,0.0,0.0,0.4809262589928058,0.0013112212979193897,0.0006186215488751936,0.0047519845121461336,0.0006556106489596948,2948.5205479452056,2878.6027397260273
GO:0004536,deoxyribonuclease activity,0.0,0.0,0.0,0.0,0.0,0.0,0.48706742775597567,0.0004813883027303022,0.00047983529489194194,0.0018292471578707967,0.0002406941513651511,2746.5925925925926,2689.185185185185
GO:0034062,5'-3' RNA polymerase activity,0.0,0.0,0.0,0.0,0.0,0.0,0.4848544382925522,0.0006068751229370863,0.00046836923359019065,0.002128822649820935,0.00030343756146854314,3127.970588235294,3069.1470588235293
GO:0016782,"transferase activity, transferring sulfur-containing groups",0.3,0.0850647296701162,0.2,0.06487982101190622,0.2,0.06487982101190622,0.6346434287746755,0.02829906974643817,0.034423901442461394,0.06035276244238852,0.014149534873219086,1983.4,2804.7
GO:0008519,ammonium transmembrane transporter activity,0.0,0.0,0.0,0.0,0.0,0.0,0.495977932016373,0.0002490849958309618,0.0009645202611907485,0.0031413051803366398,0.0001245424979154809,3048.8571428571427,3037.714285714286
GO:0004529,exodeoxyribonuclease activity,0.0,0.0,0.0,0.0,0.0,0.0,0.49169186977406154,0.0002134345186047572,0.0005410196558110224,0.0011909007502921255,0.0001067172593023786,2209.6666666666665,2161.8333333333335
GO:0005546,"phosphatidylinositol-4,5-bisphosphate binding",0.0,0.0,0.0,0.0,0.0,0.0,0.4873309608540925,0.00023125658715781667,0.00041286513930853254,0.0010941238498677654,0.00011562829357890833,2944.846153846154,2883.4615384615386
GO:0005199,structural constituent of cell wall,0.0,0.0,0.0,0.0,0.0,0.0,0.4981428797218271,0.00017777777777777779,0.0007352702391917145,0.0014688009328335297,8.888888888888889e-05,2235.777777777778,2227.6666666666665
GO:0060089,molecular transducer activity,0.0,0.0,0.0,0.0,0.0,0.0,0.4883583021223471,0.0006266694191284053,0.00040040052322894116,0.0016919030682156998,0.00044252380368805155,2814.653846153846,2846.653846153846
GO:0008276,protein methyltransferase activity,0.0,0.0,0.0,0.0,0.0,0.0,0.4871698786581013,0.0005172169923419587,0.000589138309551179,0.0025242170435105455,0.00025860849617097937,2434.344827586207,2363.3793103448274
GO:0001102,RNA polymerase II activating transcription factor binding,0.08333333333333333,0.016303359139246278,0.0,0.0,0.0,0.0,0.6926693404634581,0.0034518175420849956,0.002804983079648207,0.010082892688697396,0.0022664858760605123,1997.9130434782608,3153.304347826087
GO:0016878,acid-thiol ligase activity,0.0,0.0,0.0,0.0,0.0,0.0,0.4947536902009603,0.00017780938833570416,0.0006063261639282965,0.0012113304557680121,8.890469416785208e-05,2706.8,2684.4
GO:0017016,Ras GTPase binding,0.08333333333333333,0.0391103376537065,0.025,0.024630238874073,0.025,0.024630238874073,0.6127107913240376,0.010855992860341246,0.010404422867376384,0.040129292662038005,0.01862247525763094,1940.820512820513,2334.4102564102564
GO:0008186,RNA-dependent ATPase activity,0.0,0.0,0.0,0.0,0.0,0.0,0.4921099448496708,0.0002134345186047572,0.00033944162366418226,0.0007504446396458629,0.0001067172593023786,3203.8333333333335,3172.0
GO:0005096,GTPase activator activity,0.0,0.0,0.0,0.0,0.0,0.0,0.4828745084018592,0.0006966869596539717,0.0006171273145449397,0.0033188772013809874,0.00034834347982698585,2831.74358974359,2755.3333333333335
GO:0016776,"phosphotransferase activity, phosphate group as acceptor",0.0,0.0,0.0,0.0,0.0,0.0,0.587760370304433,0.0008033100790605426,0.0008124831546705523,0.00236636369419134,0.0005254064674756904,2227.875,2679.9375
GO:0016410,N-acyltransferase activity,0.065,0.025398886984922642,0.02,0.01208113026994942,0.02,0.01208113026994942,0.5767949176807445,0.006119130159349785,0.00560249349608857,0.031793177328843306,0.0040583134487987265,2603.177777777778,2965.5333333333333
GO:0008649,rRNA methyltransferase activity,0.0,0.0,0.0,0.0,0.0,0.0,0.4913078291814946,0.00023125658715781667,0.0014744192172851064,0.003713031206655802,0.00011562829357890833,2140.846153846154,2084.769230769231
GO:0016684,"oxidoreductase activity, acting on peroxide as acceptor",0.0,0.0,0.0,0.0,0.0,0.0,0.4916963332146671,0.00026691974800799784,0.0012679489687552792,0.0029477852362833398,0.00013345987400399892,2398.866666666667,2349.8
GO:0016779,nucleotidyltransferase activity,0.0,0.0,0.0,0.0,0.0,0.0,0.4808826172928276,0.0012567324955116697,0.0006084976811739995,0.005282566833926449,0.0006283662477558348,2874.8142857142857,2800.9285714285716
GO:0015616,DNA translocase activity,0.0,0.0,0.0,0.0,0.0,0.0,0.4851954310190969,0.000535140920442383,0.0008947331333025567,0.004174410627042024,0.0002675704602211915,2607.366666666667,2530.766666666667
GO:0016651,"oxidoreductase activity, acting on NAD(P)H",0.0,0.0,0.0,0.0,0.0,0.0,0.49164437310504727,0.00046348353438848756,0.0009029457115594245,0.004126416499997569,0.00023174176719424378,2930.3846153846152,2898.576923076923
GO:0030554,adenyl nucleotide binding,0.0,0.0,0.0,0.0,0.0,0.0,0.484445237245808,0.0004813883027303022,0.0006118370214376792,0.002546809412206485,0.0002406941513651511,2639.3333333333335,2559.074074074074
GO:0019787,ubiquitin-like protein transferase activity,0.0,0.0,0.0,0.0,0.0,0.0,0.5486979887304738,0.0026497833807479225,0.0010275423758257184,0.009617230801304676,0.0023563929375598285,2322.163043478261,2440.0108695652175
GO:0005200,structural constituent of cytoskeleton,0.05,0.010380202288176845,0.0,0.0,0.0,0.0,0.635542490646713,0.002007075147699515,0.0019630169073116648,0.0070726550502225915,0.0013679534532259887,1990.85,2392.0
GO:0019210,kinase inhibitor activity,0.0,0.0,0.0,0.0,0.0,0.0,0.6838729763387297,0.0011499445990919188,0.0012853611780185563,0.002936458584786669,0.0006271248094019668,1354.3333333333333,2404.8333333333335
GO:0016853,isomerase activity,0.0,0.0,0.0,0.0,0.0,0.0,0.483163082437276,0.0009489127602225926,0.0006057616138306743,0.0040357542407989735,0.0004744563801112963,3009.622641509434,2946.9811320754716
GO:0000217,DNA secondary structure binding,0.0,0.0,0.0,0.0,0.0,0.0,0.48932514245014247,0.000302608296421007,0.0014188099827812423,0.004142813681217101,0.0001513041482105035,2006.0588235294117,1935.2941176470588
GO:0016879,"ligase activity, forming carbon-nitrogen bonds",0.0,0.0,0.0,0.0,0.0,0.0,0.4886607142857143,0.0005889319770190411,0.00045475024834154884,0.002136863879178908,0.00029446598850952054,2996.3939393939395,2955.2727272727275
GO:0051020,GTPase binding,0.02857142857142857,0.01576430113612008,0.014285714285714285,0.010633668103022987,0.014285714285714285,0.010633668103022987,0.5970095785932564,0.005583002412602899,0.004225955410817553,0.02748997602126497,0.01107307458672401,2245.157142857143,2526.9285714285716
GO:0008194,UDP-glycosyltransferase activity,0.0,0.0,0.0,0.0,0.0,0.0,0.4873307198859586,0.00037405532092678876,0.0006335314548899168,0.0022899662997954953,0.00018702766046339438,2556.904761904762,2489.714285714286
GO:0001054,RNA polymerase I activity,0.0,0.0,0.0,0.0,0.0,0.0,0.4898024559530166,0.0002490849958309618,0.0003285174189044105,0.0008067664981121341,0.0001245424979154809,3604.9285714285716,3575.5
GO:0016810,"hydrolase activity, acting on carbon-nitrogen (but not peptide) bonds",0.07333333333333333,0.02285642829893054,0.0,0.0,0.0,0.0,0.5544974303812596,0.0030831653938228334,0.0024567866313830664,0.018563675401792788,0.0022723525670728167,2296.3454545454547,2762.7090909090907
GO:0001085,RNA polymerase II transcription factor binding,0.1,0.015817959093978227,0.0,0.0,0.0,0.0,0.6107682731637916,0.002957888424244187,0.0030432893467791846,0.0060275708838340636,0.0014789442121220936,3089.7,3878.0
GO:0000030,mannosyltransferase activity,0.0,0.0,0.0,0.0,0.0,0.0,0.4841075576201536,0.0006427806259086389,0.0005448992925371631,0.00293715752075057,0.0003213903129543194,2823.0833333333335,2750.222222222222
GO:0019843,rRNA binding,0.0,0.0,0.0,0.0,0.0,0.0,0.48290743388134383,0.0006607429898196108,0.0005225632656144405,0.0026134738000496505,0.0003303714949098054,3158.0,3089.5405405405404
GO:0004532,exoribonuclease activity,0.0,0.0,0.0,0.0,0.0,0.0,0.48121551877558294,0.0002490849958309618,0.0005827401370888947,0.001478288721851104,0.0001245424979154809,2780.1428571428573,2677.8571428571427
GO:0015932,nucleobase-containing compound transmembrane transporter activity,0.0,0.0,0.0,0.0,0.0,0.0,0.49436331255565447,0.00032046209943664103,0.0003958930751554645,0.0011892589360114796,0.00016023104971832052,3484.1666666666665,3470.5555555555557
GO:0008170,N-methyltransferase activity,0.0,0.0,0.0,0.0,0.0,0.0,0.48472395926389134,0.0006427806259086389,0.0005637002145230082,0.0026390840650435963,0.0003213903129543194,2520.6944444444443,2437.6666666666665
GO:0004526,ribonuclease P activity,0.0,0.0,0.0,0.0,0.0,0.0,0.4936186186186186,0.00017777777777777779,0.0004793747234263951,0.0009581013329272972,8.888888888888889e-05,2853.3333333333335,2819.222222222222
GO:0008234,cysteine-type peptidase activity,0.0,0.0,0.0,0.0,0.0,0.0,0.4842931003743983,0.0004276931335746795,0.0006715695499050278,0.0025973883063690906,0.00021384656678733976,2831.8333333333335,2756.25
GO:0005355,glucose transmembrane transporter activity,0.0,0.0,0.0,0.0,0.0,0.0,0.4967787862609005,0.0002490849958309618,0.000847058713665986,0.0021787489196672593,0.0001245424979154809,2664.0,2650.8571428571427
GO:0016763,"transferase activity, transferring pentosyl groups",0.05,0.010144063749941859,0.0,0.0,0.0,0.0,0.4959245417334045,0.0002490849958309618,0.000901520224648031,0.002282335921304516,0.0001245424979154809,2782.214285714286,2766.0
GO:0000993,RNA polymerase II complex binding,0.05,0.00961793569072736,0.0,0.0,0.0,0.0,0.6730937110279708,0.001537133272092981,0.0013861318720419925,0.004699341602529436,0.0010849139501372131,1747.65,2652.05
GO:0008374,O-acyltransferase activity,0.0,0.0,0.0,0.0,0.0,0.0,0.4911413817663817,0.000302608296421007,0.0006412765382076294,0.0019500217699799274,0.0001513041482105035,3091.705882352941,3053.3529411764707
GO:0008237,metallopeptidase activity,0.0,0.0,0.0,0.0,0.0,0.0,0.4926077662985394,0.00033832225951549195,0.0012087944190930428,0.003978193556634272,0.00016916112975774597,2572.842105263158,2536.315789473684
GO:0008094,DNA-dependent ATPase activity,0.0625,0.030380296184061427,0.0125,0.012647135138382856,0.0125,0.012647135138382856,0.6543199238643964,0.009756441969174653,0.0069529846760396615,0.04023177046229289,0.007380832832254228,1817.6835443037974,2797.1392405063293
GO:0016409,palmitoyltransferase activity,0.0,0.0,0.0,0.0,0.0,0.0,0.4903948772678762,0.00019561878679038463,0.0005529727875470534,0.0012275790043589784,9.780939339519232e-05,2371.909090909091,2314.181818181818
GO:0031491,nucleosome binding,0.25,0.06639299810758462,0.1,0.03226357101431595,0.0,0.0,0.673629180775857,0.011818705586482398,0.01273116930605427,0.04144674470428109,0.0069267901340385905,1391.4545454545455,2061.818181818182
GO:0001228,"DNA-binding transcription activator activity, RNA polymerase II-specific",0.0,0.0,0.0,0.0,0.0,0.0,0.48105206655931293,0.0007866337339673468,0.0006234439523189033,0.0032823990120220796,0.0003933168669836734,2712.8636363636365,2621.7045454545455
GO:0016877,"ligase activity, forming carbon-sulfur bonds",0.0,0.0,0.0,0.0,0.0,0.0,0.4912660256410256,0.000302608296421007,0.0005137434579241149,0.0013978880655478474,0.0001513041482105035,3317.0,3287.3529411764707
GO:0015144,carbohydrate transmembrane transporter activity,0.0,0.0,0.0,0.0,0.0,0.0,0.4936308569392482,0.00035618878005342833,0.000984031425023893,0.003390043911731433,0.00017809439002671417,2736.1,2709.75
GO:0016836,hydro-lyase activity,0.0,0.0,0.0,0.0,0.0,0.0,0.4893436775459247,0.00046348353438848756,0.0005126327137836672,0.00207889615515564,0.00023174176719424378,3012.8846153846152,2970.5
GO:0004620,phospholipase activity,0.0,0.0,0.0,0.0,0.0,0.0,0.49322184664650426,0.0002134345186047572,0.0005475675465943826,0.0016809199722703553,0.0001067172593023786,3491.75,3466.9166666666665
GO:0070628,proteasome binding,0.0,0.0,0.0,0.0,0.0,0.0,0.492458199928851,0.00019561878679038463,0.0012396177655282074,0.002508702637205695,9.780939339519232e-05,2489.3636363636365,2445.5454545454545
GO:0015291,secondary active transmembrane transporter activity,0.0,0.0,0.0,0.0,0.0,0.0,0.49071033374977685,0.000535140920442383,0.0006251783138865325,0.0027332329937982745,0.0002675704602211915,2773.8333333333335,2737.5
GO:0015203,polyamine transmembrane transporter activity,0.0,0.0,0.0,0.0,0.0,0.0,0.49643428774675435,0.00017780938833570416,0.0007073067432552236,0.0014120340477197706,8.890469416785208e-05,2873.2,2861.0
GO:0070273,phosphatidylinositol-4-phosphate binding,0.0,0.0,0.0,0.0,0.0,0.0,0.6589489142043432,0.0010628751818712403,0.0010666304493276999,0.0027411341150531186,0.0006495817769658072,2309.5333333333333,2813.8
GO:0004175,endopeptidase activity,0.0,0.0,0.0,0.0,0.0,0.0,0.48808461263834346,0.0005530648791930909,0.0007382153931232843,0.003252302975379507,0.00027653243959654543,2948.6451612903224,2895.548387096774
GO:0015399,primary active transmembrane transporter activity,0.0,0.0,0.0,0.0,0.0,0.0,0.4838550983899821,0.0007686328036262521,0.0005748874524559168,0.003104788798424811,0.00038431640181312606,2655.6511627906975,2581.5116279069766
GO:0019207,kinase regulator activity,0.04,0.011210455644593121,0.0,0.0,0.0,0.0,0.699602364320258,0.002652398748649755,0.001371837829170423,0.009538096450135371,0.002022100240103563,1602.48,2402.32
GO:0016676,"oxidoreductase activity, acting on a heme group of donors, oxygen as acceptor",0.0,0.0,0.0,0.0,0.0,0.0,0.4938644851502757,0.00017780938833570416,0.0006986630315715702,0.001395437537937744,8.890469416785208e-05,2684.2,2649.6
GO:0016209,antioxidant activity,0.0,0.0,0.0,0.0,0.0,0.0,0.48990727532097,0.00044558514580635,0.0007599589342267837,0.0031718094700828444,0.000222792572903175,2661.72,2612.76
GO:0004527,exonuclease activity,0.0,0.0,0.0,0.0,0.0,0.0,0.4796144234202071,0.0005530648791930909,0.0004990061620195034,0.002182195705795577,0.00027653243959654543,2715.935483870968,2610.7741935483873
GO:0019829,ATPase-coupled cation transmembrane transporter activity,0.0,0.0,0.0,0.0,0.0,0.0,0.48712986086336063,0.0004813883027303022,0.0005751508160602803,0.002219122815348853,0.0002406941513651511,2447.962962962963,2380.222222222222
GO:0004721,phosphoprotein phosphatase activity,0.0,0.0,0.0,0.0,0.0,0.0,0.5939942220633786,0.0012854856539766767,0.0007537638731782041,0.00442612539578781,0.0009658225674135327,2256.6216216216217,2732.7027027027025
GO:0046915,transition metal ion transmembrane transporter activity,0.0,0.0,0.0,0.0,0.0,0.0,0.49012301658049573,0.0004276931335746795,0.0005995023540995146,0.0021757323694383997,0.00021384656678733976,2978.0833333333335,2936.5
GO:0015175,neutral amino acid transmembrane transporter activity,0.0,0.0,0.0,0.0,0.0,0.0,0.49260049804340095,0.00019561878679038463,0.0014797180867799642,0.002983282050245701,9.780939339519232e-05,2396.4545454545455,2357.181818181818
GO:0001671,ATPase activator activity,0.0,0.0,0.0,0.0,0.0,0.0,0.48906695156695157,0.000302608296421007,0.0011269774672601689,0.0033735891128983857,0.0001513041482105035,2565.529411764706,2502.705882352941
GO:1901981,phosphatidylinositol phosphate binding,0.03666666666666667,0.01325141992362715,0.02,0.0073034174921353225,0.0,0.0,0.6326598541890762,0.003485916338016257,0.0024002880950231608,0.01778894701333108,0.002661435967532413,1889.7636363636364,2627.3454545454547
GO:0070566,adenylyltransferase activity,0.0,0.0,0.0,0.0,0.0,0.0,0.49430807541800076,0.00019561878679038463,0.0015676736071533672,0.005289297725372203,9.780939339519232e-05,2651.181818181818,2622.818181818182
GO:0060589,nucleoside-triphosphatase regulator activity,0.0,0.0,0.0,0.0,0.0,0.0,0.47960230340111576,0.0013657687753967072,0.0006151558827393002,0.005678666819108958,0.0006828843876983536,2930.7368421052633,2854.9473684210525
GO:0080025,"phosphatidylinositol-3,5-bisphosphate binding",0.0,0.0,0.0,0.0,0.0,0.0,0.4912115281978296,0.0002134345186047572,0.0009254071199431962,0.0022994902479134107,0.0001067172593023786,2472.5833333333335,2421.5833333333335
GO:0022803,passive transmembrane transporter activity,0.0,0.0,0.0,0.0,0.0,0.0,0.49403350719140193,0.00017777777777777779,0.001044055872539714,0.002081838830879151,8.888888888888889e-05,2771.777777777778,2742.0
GO:0042887,amide transmembrane transporter activity,0.0,0.0,0.0,0.0,0.0,0.0,0.48808503036798856,0.0006248246714244492,0.0004882817796829724,0.002224896276359676,0.0003124123357122246,3089.2571428571428,3043.3142857142857
GO:0008017,microtubule binding,0.36666666666666664,0.11913937906403294,0.15,0.07243150290597582,0.08333333333333333,0.04987074855839691,0.7249702752511742,0.032700025795388124,0.03182819942327045,0.10124214580429869,0.017628091476844777,1516.423076923077,2522.576923076923
GO:0015103,inorganic anion transmembrane transporter activity,0.0,0.0,0.0,0.0,0.0,0.0,0.4951796513696194,0.00019561878679038463,0.00048455198404832764,0.0009984041283514827,9.780939339519232e-05,3450.2727272727275,3432.4545454545455
GO:0052689,carboxylic ester hydrolase activity,0.0,0.0,0.0,0.0,0.0,0.0,0.48827413885418525,0.000535140920442383,0.0007106253879779615,0.003333389807437263,0.0002675704602211915,2825.5333333333333,2776.366666666667
GO:0003779,actin binding,0.16666666666666666,0.038469952173120436,0.05,0.013373003436102654,0.0,0.0,0.6543123439172316,0.005840414201290537,0.005695808992066359,0.02161456529543746,0.003685056282144883,1918.851851851852,2563.259259259259
GO:0008134,transcription factor binding,0.01,0.0033737974404263738,0.0,0.0,0.0,0.0,0.6366552325931276,0.0036778360790273813,0.0016336349601220649,0.015686624042793352,0.0036365347493597156,2107.372340425532,2952.8617021276596
GO:0019900,kinase binding,0.1,0.016155546744299636,0.0,0.0,0.0,0.0,0.651059095763617,0.0028139211525614453,0.0030084505647940745,0.0074290428463956405,0.0016154180669073468,2096.9333333333334,2634.8
GO:0140034,methylation-dependent protein binding,0.0,0.0,0.0,0.0,0.0,0.0,0.4898097101191534,0.00017780938833570416,0.0008467517834500587,0.001685624429668783,8.890469416785208e-05,3852.4,3818.4
GO:0008238,exopeptidase activity,0.1,0.01974944366375528,0.0,0.0,0.0,0.0,0.4945067663817664,0.000302608296421007,0.0007068266539829402,0.0020076625738604166,0.0001513041482105035,2854.294117647059,2830.6470588235293
GO:0016780,"phosphotransferase activity, for other substituted phosphate groups",0.0,0.0,0.0,0.0,0.0,0.0,0.4906122085780387,0.0002490849958309618,0.0011381427737982793,0.0025966139624390722,0.0001245424979154809,2937.8571428571427,2895.1428571428573
GO:0043495,protein membrane anchor,0.0,0.0,0.0,0.0,0.0,0.0,0.489489596300907,0.00017780938833570416,0.001125183438198348,0.0022381927965876543,8.890469416785208e-05,3153.2,3104.1
GO:0016829,lyase activity,0.0,0.0,0.0,0.0,0.0,0.0,0.48157184011523224,0.0014203750227689484,0.0006195913320224379,0.00533906425179817,0.0007101875113844742,2870.26582278481,2805.1645569620255
GO:0016884,"carbon-nitrogen ligase activity, with glutamine as amido-N-donor",0.0,0.0,0.0,0.0,0.0,0.0,0.49584667378157243,0.00019561878679038463,0.0003480219244823083,0.0007837716383716772,9.780939339519232e-05,3191.6363636363635,3174.181818181818
GO:0015174,basic amino acid transmembrane transporter activity,0.1,0.015292486830283215,0.0,0.0,0.0,0.0,0.49766139071669924,0.00017780938833570416,0.0035758557801035345,0.006949771405585492,8.890469416785208e-05,2803.5,2793.9
GO:0003712,transcription coregulator activity,0.175,0.07334190917988484,0.045,0.034839978386364163,0.045,0.034839978386364163,0.58517406479327,0.01987788467896822,0.01852140898398786,0.06694896253744381,0.011722009046022929,2403.9347826086955,2866.108695652174
GO:0016840,carbon-nitrogen lyase activity,0.0,0.0,0.0,0.0,0.0,0.0,0.49545616219100125,0.00017780938833570416,0.0024439295423403134,0.004831358557587288,8.890469416785208e-05,2922.4,2901.0
GO:0019237,centromeric DNA binding,0.2222222222222222,0.03610057766680838,0.0,0.0,0.0,0.0,0.5893788525367473,0.0033135004403957234,0.0036027432263614073,0.007112043637983145,0.0016567502201978617,2229.777777777778,2852.4444444444443
GO:0017171,serine hydrolase activity,0.1111111111111111,0.017429086095493443,0.0,0.0,0.0,0.0,0.4953868342026237,0.00017777777777777779,0.00035026824026998695,0.0007002600476852122,8.888888888888889e-05,3259.5555555555557,3240.3333333333335
GO:0009055,electron transfer activity,0.0,0.0,0.0,0.0,0.0,0.0,0.48842518280720526,0.00046348353438848756,0.000531865493609979,0.0021531456286551253,0.00023174176719424378,3009.1153846153848,2958.153846153846
GO:0046873,metal ion transmembrane transporter activity,0.0,0.0,0.0,0.0,0.0,0.0,0.48697441402755404,0.0007866337339673468,0.0005505470885312947,0.0032130808053669447,0.0003933168669836734,2789.0227272727275,2735.5454545454545
GO:0004386,helicase activity,0.0,0.0,0.0,0.0,0.0,0.0,0.48186142523783876,0.0011116638002480737,0.0005132045675190971,0.0036452745972663874,0.0005558319001240368,2979.6935483870966,2915.1129032258063
GO:0016722,"oxidoreductase activity, oxidizing metal ions",0.0,0.0,0.0,0.0,0.0,0.0,0.4982126978481237,0.00017780938833570416,0.0015509350091163783,0.0030918763194977494,8.890469416785208e-05,2006.4,1996.3
GO:0090599,alpha-glucosidase activity,0.125,0.018939644051204862,0.0,0.0,0.0,0.0,0.4966555555555555,0.00017774617845716317,0.0004493297707218411,0.0008981998337530461,8.887308922858158e-05,2586.75,2569.625
GO:0005088,Ras guanyl-nucleotide exchange factor activity,0.15,0.08018576094448666,0.05,0.06131471927654584,0.05,0.06131471927654584,0.5835337609121681,0.018249679568525357,0.018446007291148425,0.04631869691005135,0.034419561063897784,1676.8,1763.8
GO:0003743,translation initiation factor activity,0.0,0.0,0.0,0.0,0.0,0.0,0.4876715992155464,0.0004276931335746795,0.0004929154942260605,0.0016685600330405546,0.00021384656678733976,3090.125,3034.375
GO:0001056,RNA polymerase III activity,0.0,0.0,0.0,0.0,0.0,0.0,0.4900017806267806,0.000302608296421007,0.00034489025880877165,0.0009962260410110828,0.0001513041482105035,3471.8823529411766,3438.823529411765
GO:0017069,snRNA binding,0.0,0.0,0.0,0.0,0.0,0.0,0.49294609500088954,0.0002134345186047572,0.0003464810945096922,0.0007596966299613158,0.0001067172593023786,3805.5,3784.0833333333335
GO:0000149,SNARE binding,0.0,0.0,0.0,0.0,0.0,0.0,0.49144128113878993,0.00023125658715781667,0.0006621814731868457,0.0016340041376490953,0.00011562829357890833,2731.153846153846,2688.6153846153848
GO:0016814,"hydrolase activity, acting on carbon-nitrogen (but not peptide) bonds, in cyclic amidines",0.0,0.0,0.0,0.0,0.0,0.0,0.4913461538461538,0.000302608296421007,0.00097273121332744,0.0031669434883306985,0.0001513041482105035,2396.8823529411766,2349.1176470588234
GO:0030295,protein kinase activator activity,0.0,0.0,0.0,0.0,0.0,0.0,0.5824065836298933,0.001183951421367129,0.0015348223100727222,0.003550399206873706,0.0006434160399016715,1640.0,1573.0
GO:0016705,"oxidoreductase activity, acting on paired donors, with incorporation or reduction of molecular oxygen",0.0,0.0,0.0,0.0,0.0,0.0,0.4898985404058383,0.00026691974800799784,0.0007660907691132496,0.001985714574836481,0.00013345987400399892,2559.0,2502.733333333333
GO:0003724,RNA helicase activity,0.0,0.0,0.0,0.0,0.0,0.0,0.4867308721241305,0.00046348353438848756,0.00045588504109433557,0.0017017449860125405,0.00023174176719424378,3035.4615384615386,2982.346153846154
GO:0097367,carbohydrate derivative binding,0.0,0.0,0.0,0.0,0.0,0.0,0.480332558555337,0.0007146685724495266,0.0006985930297608384,0.0036820101060659554,0.0003573342862247633,2621.5,2520.1
GO:0016859,cis-trans isomerase activity,0.0,0.0,0.0,0.0,0.0,0.0,0.489441380537271,0.0002134345186047572,0.0005048732906828206,0.0011978764284699464,0.0001067172593023786,2895.5,2845.6666666666665
GO:0004520,endodeoxyribonuclease activity,0.0,0.0,0.0,0.0,0.0,0.0,0.4899572649572649,0.000302608296421007,0.000450773773570151,0.0012715105146239914,0.0001513041482105035,3100.294117647059,3060.470588235294
GO:0000977,RNA polymerase II regulatory region sequence-specific DNA binding,0.0857142857142857,0.04204178674017707,0.05714285714285714,0.033153910829726026,0.02857142857142857,0.020424960638019768,0.6159125343468325,0.00994301994631428,0.009103135489307693,0.06080405201285889,0.006889814337687462,2328.4142857142856,2818.4714285714285
GO:0005085,guanyl-nucleotide exchange factor activity,0.02,0.014606834984270645,0.02,0.014606834984270645,0.02,0.014606834984270645,0.5603199391444424,0.005352386150663476,0.004872716904234348,0.02476387178970685,0.013132403047003366,2395.5,2403.0
GO:0016620,"oxidoreductase activity, acting on the aldehyde or oxo group of donors, NAD or NADP as acceptor",0.0,0.0,0.0,0.0,0.0,0.0,0.4942218660968661,0.000302608296421007,0.00038323574827240454,0.0011103426760842537,0.0001513041482105035,3100.5882352941176,3080.1176470588234
GO:0004518,nuclease activity,0.0,0.0,0.0,0.0,0.0,0.0,0.4791750751947351,0.0015620516542204145,0.0006243212346535898,0.005163136257363745,0.0012565092273306283,2864.6447368421054,2850.065789473684
GO:0016875,"ligase activity, forming carbon-oxygen bonds",0.0,0.0,0.0,0.0,0.0,0.0,0.48758479114601927,0.0005530648791930909,0.0007743677738473487,0.0034267914217477047,0.00027653243959654543,2772.483870967742,2715.6451612903224
GO:0038023,signaling receptor activity,0.2,0.04074751772194544,0.1,0.02559580248098155,0.0,0.0,0.6306207755247243,0.009288328754811573,0.009664134180947958,0.01841096597747735,0.004644164377405786,1722.8181818181818,2500.4545454545455
GO:0016413,O-acetyltransferase activity,0.0,0.0,0.0,0.0,0.0,0.0,0.49526829461039984,0.00017777777777777779,0.00034565337770208035,0.0006910269894686696,8.888888888888889e-05,3369.8888888888887,3353.6666666666665
GO:0017048,Rho GTPase binding,0.15,0.028653964347221443,0.0,0.0,0.0,0.0,0.7855185909980431,0.005049125189416332,0.005001005343545501,0.010624213878979938,0.0026241641883336638,1331.9166666666667,2369.0833333333335
GO:0003774,motor activity,0.0,0.0,0.0,0.0,0.0,0.0,0.48943950177935935,0.00023125658715781667,0.000396786357911548,0.0009453435365097401,0.00011562829357890833,3157.3076923076924,3110.3076923076924
GO:0016874,ligase activity,0.0,0.0,0.0,0.0,0.0,0.0,0.48229673697494146,0.0015479798519808783,0.0005368274374414599,0.004422383043933161,0.0007739899259904392,2977.1279069767443,2922.953488372093
GO:0042162,telomeric DNA binding,0.3333333333333333,0.1436504470044402,0.15,0.10275841923188023,0.15,0.10275841923188023,0.7986992159657876,0.06868725612574705,0.07757414530259457,0.1394923973161462,0.061016904392208346,1046.952380952381,2141.8571428571427
GO:0003684,damaged DNA binding,0.0,0.0,0.0,0.0,0.0,0.0,0.4912560042697029,0.0002134345186047572,0.00042841794982789434,0.0009246860583846484,0.0001067172593023786,3544.1666666666665,3511.4166666666665
GO:0051087,chaperone binding,0.0,0.0,0.0,0.0,0.0,0.0,0.4907723794269443,0.0002490849958309618,0.0010366715165723828,0.002454795505539403,0.0001245424979154809,2667.6428571428573,2622.5
GO:0120013,lipid transfer activity,0.0,0.0,0.0,0.0,0.0,0.0,0.48934995547640253,0.00032046209943664103,0.0007928761473459691,0.0022656373851385643,0.00016023104971832052,2782.3888888888887,2727.6666666666665
GO:0090079,"translation regulator activity, nucleic acid binding",0.0,0.0,0.0,0.0,0.0,0.0,0.48436941764916047,0.0006248246714244492,0.000496425678362452,0.002106169940487024,0.0003124123357122246,2906.0285714285715,2829.6
GO:0016538,cyclin-dependent protein serine/threonine kinase regulator activity,0.03333333333333333,0.00859574327152926,0.0,0.0,0.0,0.0,0.6849185832293339,0.0018269594932586817,0.001546843011005114,0.00739899732059557,0.0011013669998912391,1659.75,2766.7916666666665
GO:0022890,inorganic cation transmembrane transporter activity,0.0,0.0,0.0,0.0,0.0,0.0,0.48190338860850757,0.0015297318593493986,0.0005582589223015302,0.004703890475419914,0.0007648659296746993,2727.7294117647057,2662.3529411764707
GO:1902936,phosphatidylinositol bisphosphate binding,0.0,0.0,0.0,0.0,0.0,0.0,0.48475935828877004,0.00040980749428669495,0.000622527099299249,0.002242243471310097,0.00020490374714334747,2695.1739130434785,2614.7391304347825
GO:0001134,transcription regulator recruiting activity,0.0,0.0,0.0,0.0,0.0,0.0,0.48543040456246656,0.0003919282245380415,0.0005911546646241532,0.0021997650272711036,0.00019596411226902076,2878.818181818182,2809.318181818182
GO:0042277,peptide binding,0.0,0.0,0.0,0.0,0.0,0.0,0.4864527629233512,0.00040980749428669495,0.0004498198772401729,0.001636825559023546,0.00020490374714334747,3050.9565217391305,2987.8695652173915
GO:0061629,RNA polymerase II-specific DNA-binding transcription factor binding,0.09166666666666666,0.061451972336720964,0.03333333333333333,0.04692787260227564,0.03333333333333333,0.04692787260227564,0.632138710253662,0.03668621594169172,0.036139135600447056,0.06425782198205096,0.0359449081056915,2159.5142857142855,2863.4
GO:0005506,iron ion binding,0.0,0.0,0.0,0.0,0.0,0.0,0.4952677459526774,0.0002134345186047572,0.0006922669417870867,0.0016194149143486057,0.0001067172593023786,2362.5,2336.6666666666665
GO:0001217,DNA-binding transcription repressor activity,0.0,0.0,0.0,0.0,0.0,0.0,0.48461264470169185,0.00032046209943664103,0.0006488530579700713,0.0018889795274446037,0.00016023104971832052,2808.4444444444443,2728.4444444444443
GO:0016798,"hydrolase activity, acting on glycosyl bonds",0.03333333333333333,0.007063348642991449,0.0,0.0,0.0,0.0,0.4917902447739861,0.0006427806259086389,0.0005097794133854486,0.002331357677701087,0.0003213903129543194,2780.027777777778,2753.8611111111113
GO:0051082,unfolded protein binding,0.0,0.0,0.0,0.0,0.0,0.0,0.4970731811575618,0.0014523846570168523,0.0007829553176647295,0.005722619706921499,0.001252434792691676,2716.3968253968255,2712.3809523809523
GO:0004722,protein serine/threonine phosphatase activity,0.0,0.0,0.0,0.0,0.0,0.0,0.6825389047279639,0.0011189174055357873,0.0007762044843319662,0.002914382550809888,0.0007492980059447908,1865.2857142857142,2631.6190476190477
GO:0036002,pre-mRNA binding,0.0,0.0,0.0,0.0,0.0,0.0,0.49489596300907,0.00017780938833570416,0.0007383691554133464,0.0014747607805944063,8.890469416785208e-05,2663.4,2637.1
GO:0061733,peptide-lysine-N-acetyltransferase activity,0.13333333333333333,0.05849823210844857,0.05,0.03868528072345416,0.05,0.03868528072345416,0.6927003505019902,0.029456992234029623,0.02891417910642801,0.06486434687793606,0.015464955209606076,1878.0454545454545,2786.9545454545455
GO:0016830,carbon-carbon lyase activity,0.0,0.0,0.0,0.0,0.0,0.0,0.4878882541949304,0.0005530648791930909,0.00048126628392069023,0.002196933126869815,0.00027653243959654543,3021.2903225806454,2971.4193548387098
GO:0003714,transcription corepressor activity,0.0,0.0,0.0,0.0,0.0,0.0,0.48459209120057,0.00033832225951549195,0.0006902211157992328,0.0023358976122557894,0.00016916112975774597,2814.5789473684213,2734.5789473684213
GO:0101005,ubiquitinyl hydrolase activity,0.0,0.0,0.0,0.0,0.0,0.0,0.48525378450578804,0.00032046209943664103,0.0007953202791871562,0.0025172888778452304,0.00016023104971832052,2542.5555555555557,2461.777777777778
GO:0022884,macromolecule transmembrane transporter activity,0.0,0.0,0.0,0.0,0.0,0.0,0.4895614191477982,0.0004276931335746795,0.00044864668324090973,0.0015897008968362564,0.00021384656678733976,3205.5833333333335,3163.125
GO:0016769,"transferase activity, transferring nitrogenous groups",0.0,0.0,0.0,0.0,0.0,0.0,0.49238782051282054,0.000302608296421007,0.0008363661581113202,0.002480901617758369,0.0001513041482105035,2776.764705882353,2742.3529411764707
GO:0004674,protein serine/threonine kinase activity,0.0,0.0,0.0,0.0,0.0,0.0,0.1585481226694098,0.0009371491463270804,0.000225716096677523,0.0032283536338662037,0.0008244198319398066,4677.717948717948,2782.4615384615386
GO:0043138,3'-5' DNA helicase activity,0.0,0.0,0.0,0.0,0.0,0.0,0.48783807829181497,0.00023125658715781667,0.0004371098168902567,0.000996369963871014,0.00011562829357890833,2907.076923076923,2849.5384615384614
GO:0016757,"transferase activity, transferring glycosyl groups",0.0,0.0,0.0,0.0,0.0,0.0,0.480032438277167,0.0015114904237888433,0.0005332356977050465,0.0052024789816689935,0.0007557452118944217,2920.9166666666665,2850.9285714285716
GO:0004857,enzyme inhibitor activity,0.025,0.005901695753735958,0.0,0.0,0.0,0.0,0.5714584824624195,0.0016746118628498108,0.001183316181022535,0.0071752551100941865,0.0013000738246640414,2468.4,2938.0
GO:0048037,cofactor binding,0.0,0.0,0.0,0.0,0.0,0.0,0.49261798753339264,0.00032046209943664103,0.00043476879593871455,0.0012724977000806669,0.00016023104971832052,3038.1666666666665,3010.777777777778
GO:0034511,U3 snoRNA binding,0.0,0.0,0.0,0.0,0.0,0.0,0.49079743681025273,0.00026691974800799784,0.0005459483505056942,0.0014825109640684655,0.00013345987400399892,3045.266666666667,3006.0
GO:0008509,anion transmembrane transporter activity,0.0,0.0,0.0,0.0,0.0,0.0,0.48367549072573385,0.0014385901816220104,0.0007100016507284974,0.007295967573756052,0.0007192950908110052,2886.8875,2835.325
GO:0005310,dicarboxylic acid transmembrane transporter activity,0.0,0.0,0.0,0.0,0.0,0.0,0.49624755468611054,0.00017780938833570416,0.0007315666660632388,0.0014605108317656422,8.890469416785208e-05,3051.0,3035.2
GO:0016811,"hydrolase activity, acting on carbon-nitrogen (but not peptide) bonds, in linear amides",0.09166666666666665,0.02446366142299879,0.0,0.0,0.0,0.0,0.6745581146223889,0.00497852803018928,0.0038587450297165654,0.019740094802735142,0.0031353088950931253,1840.1875,2917.6875
GO:0008081,phosphoric diester hydrolase activity,0.0,0.0,0.0,0.0,0.0,0.0,0.49127379469845217,0.0002134345186047572,0.0003393449435176108,0.0007752220362147694,0.0001067172593023786,3253.9166666666665,3217.9166666666665
GO:0015926,glucosidase activity,0.0,0.0,0.0,0.0,0.0,0.0,0.49459483526268916,0.00032046209943664103,0.0004677298557899675,0.0014209540842928686,0.00016023104971832052,2745.3888888888887,2724.4444444444443
GO:0008408,3'-5' exonuclease activity,0.0,0.0,0.0,0.0,0.0,0.0,0.4805238774055596,0.00037405532092678876,0.0005523803277874788,0.0018075380414826474,0.00018702766046339438,2676.4285714285716,2569.6666666666665
GO:0016831,carboxy-lyase activity,0.0,0.0,0.0,0.0,0.0,0.0,0.48894333570919457,0.00037405532092678876,0.00056409450007241,0.0019794338278714997,0.00018702766046339438,2620.2380952380954,2563.4761904761904
GO:0015078,proton transmembrane transporter activity,0.0,0.0,0.0,0.0,0.0,0.0,0.4853782865319262,0.0007506383022214897,0.0005870363423611917,0.0029666398372142854,0.00037531915111074484,2572.9523809523807,2502.595238095238
GO:0015079,potassium ion transmembrane transporter activity,0.0,0.0,0.0,0.0,0.0,0.0,0.4934709126489948,0.0002134345186047572,0.0005651914943771575,0.001220727162082886,0.0001067172593023786,2266.3333333333335,2228.8333333333335
GO:0030515,snoRNA binding,0.0,0.0,0.0,0.0,0.0,0.0,0.4898966500356379,0.00037405532092678876,0.0004981844597262617,0.001725072088270474,0.00018702766046339438,3204.3333333333335,3165.809523809524
GO:0004177,aminopeptidase activity,0.0,0.0,0.0,0.0,0.0,0.0,0.4957940601102614,0.00017780938833570416,0.00047312766773944056,0.0009454127720304829,8.890469416785208e-05,3281.0,3264.8
GO:0005319,lipid transporter activity,0.0,0.0,0.0,0.0,0.0,0.0,0.4869561340941512,0.00044558514580635,0.0007995768756918509,0.0032682670047098038,0.000222792572903175,2723.64,2654.28
GO:0017056,structural constituent of nuclear pore,0.0,0.0,0.0,0.0,0.0,0.0,0.4887413086111607,0.0004276931335746795,0.0006364895456896827,0.0023446961024094033,0.00021384656678733976,2577.7083333333335,2519.7916666666665
GO:0008301,"DNA binding, bending",0.1,0.026486152739167285,0.05,0.014434031438272123,0.0,0.0,0.5305718866916088,0.00446730036456802,0.0053130685804192715,0.018893324645638063,0.0025406633589576473,2882.15,3118.4
GO:0072509,divalent inorganic cation transmembrane transporter activity,0.0,0.0,0.0,0.0,0.0,0.0,0.4950542608076855,0.0002134345186047572,0.000666985662637708,0.001563033918026682,0.0001067172593023786,2482.9166666666665,2455.9166666666665
GO:0008173,RNA methyltransferase activity,0.0,0.0,0.0,0.0,0.0,0.0,0.4868214285714285,0.0005889319770190411,0.0008133370224548545,0.00428036159595619,0.00029446598850952054,2553.818181818182,2487.787878787879
GO:0005525,GTP binding,0.0,0.0,0.0,0.0,0.0,0.0,0.483707264957265,0.000302608296421007,0.0006029793687119906,0.0019325678153600634,0.0001513041482105035,2784.4117647058824,2699.176470588235
GO:0016860,intramolecular oxidoreductase activity,0.0,0.0,0.0,0.0,0.0,0.0,0.4911948005698005,0.000302608296421007,0.0007677340353446727,0.002626099062494201,0.0001513041482105035,3047.6470588235293,3014.176470588235
Mean,,0.03091503267973856,0.00937696138486884,0.008953781512605041,0.004639708920299767,0.005824929971988796,0.003676224142303707,0.5251742604166981,0.0031761924915613606,0.003356919966393845,0.009531932673149739,0.0023677872241100032,2629.7861149842142,2759.257773101003
Median,,0.0,0.0,0.0,0.0,0.0,0.0,0.4916963332146671,0.00046348353438848756,0.0007073067432552236,0.0028715245685918844,0.00023174176719424378,2706.8,2742.3529411764707
STD,,0.0695008665068328,0.02327935758002548,0.03237568946667992,0.016558852250652494,0.024982529943040777,0.014410364448169111,0.07352914365416992,0.009422209467135177,0.009949666712996602,0.020073810808733335,0.007651126242263973,513.8715686072642,341.50750717248235
