,ci_dpp[DP],ci_dpp[DP],ci_dpp[DP],ci_dpp[DP],ci_dpp[DP],ci_dpp[DP],ci_dpp[DP],ci_dpp[DP],ci_dpp[DP],ci_dpp[DP],ci_dpp[DP],ci_dpp[DP],ci_dpp[DP],ci_dpp[DP],ci_dpp[DP],ci_dpp[DP],ci_dpp[DP],ci_dpp[DP],ci_dpp[DP],ci_dpp[DP],ci_dpp[DP],ci_dpp[DP],ci_dpp[DP],ci_dpp[DP],ci_dpp[DP],ci_dpp[DP],ci_dpp[DP],ci_dpp[DP],ci_dpp[DP],ci_dpp[DP],ci_dpp[DP],ci_dpp[DP],diamond_dpp[DP],diamond_dpp[DP],diamond_dpp[DP],diamond_dpp[DP],diamond_dpp[DP],diamond_dpp[DP],diamond_dpp[DP],diamond_dpp[DP],diamond_dpp[DP],diamond_dpp[DP],diamond_dpp[DP],diamond_dpp[DP],diamond_dpp[DP],diamond_dpp[DP],diamond_dpp[DP],diamond_dpp[DP],diamond_dpp[DP],diamond_dpp[DP],diamond_dpp[DP],diamond_dpp[DP],diamond_dpp[DP],diamond_dpp[DP],diamond_dpp[DP],diamond_dpp[DP],diamond_dpp[DP],diamond_dpp[DP],diamond_dpp[DP],diamond_dpp[DP],diamond_dpp[DP],diamond_dpp[DP],diamond_dpp[DP],diamond_dpp[DP],dns_dpp[DP],dns_dpp[DP],dns_dpp[DP],dns_dpp[DP],dns_dpp[DP],dns_dpp[DP],dns_dpp[DP],dns_dpp[DP],dns_dpp[DP],dns_dpp[DP],dns_dpp[DP],dns_dpp[DP],dns_dpp[DP],dns_dpp[DP],dns_dpp[DP],dns_dpp[DP],dns_dpp[DP],dns_dpp[DP],dns_dpp[DP],dns_dpp[DP],dns_dpp[DP],dns_dpp[DP],dns_dpp[DP],dns_dpp[DP],dns_dpp[DP],dns_dpp[DP],dns_dpp[DP],dns_dpp[DP],dns_dpp[DP],dns_dpp[DP],dns_dpp[DP],dns_dpp[DP],lci_dpp[0.3][DP],lci_dpp[0.3][DP],lci_dpp[0.3][DP],lci_dpp[0.3][DP],lci_dpp[0.3][DP],lci_dpp[0.3][DP],lci_dpp[0.3][DP],lci_dpp[0.3][DP],lci_dpp[0.3][DP],lci_dpp[0.3][DP],lci_dpp[0.3][DP],lci_dpp[0.3][DP],lci_dpp[0.3][DP],lci_dpp[0.3][DP],lci_dpp[0.3][DP],lci_dpp[0.3][DP],lci_dpp[0.3][DP],lci_dpp[0.3][DP],lci_dpp[0.3][DP],lci_dpp[0.3][DP],lci_dpp[0.3][DP],lci_dpp[0.3][DP],lci_dpp[0.3][DP],lci_dpp[0.3][DP],lci_dpp[0.3][DP],lci_dpp[0.3][DP],lci_dpp[0.3][DP],lci_dpp[0.3][DP],lci_dpp[0.3][DP],lci_dpp[0.3][DP],lci_dpp[0.3][DP],lci_dpp[0.3][DP],lci_dpp[DP],lci_dpp[DP],lci_dpp[DP],lci_dpp[DP],lci_dpp[DP],lci_dpp[DP],lci_dpp[DP],lci_dpp[DP],lci_dpp[DP],lci_dpp[DP],lci_dpp[DP],lci_dpp[DP],lci_dpp[DP],lci_dpp[DP],lci_dpp[DP],lci_dpp[DP],lci_dpp[DP],lci_dpp[DP],lci_dpp[DP],lci_dpp[DP],lci_dpp[DP],lci_dpp[DP],lci_dpp[DP],lci_dpp[DP],lci_dpp[DP],lci_dpp[DP],lci_dpp[DP],lci_dpp[DP],lci_dpp[DP],lci_dpp[DP],lci_dpp[DP],lci_dpp[DP],loo_ptest[DP],loo_ptest[DP],loo_ptest[DP],loo_ptest[DP],loo_ptest[DP],loo_ptest[DP],loo_ptest[DP],loo_ptest[DP],loo_ptest[DP],loo_ptest[DP],loo_ptest[DP],loo_ptest[DP],loo_ptest[DP],loo_ptest[DP],loo_ptest[DP],loo_ptest[DP],loo_ptest[DP],loo_ptest[DP],loo_ptest[DP],loo_ptest[DP],loo_ptest[DP],loo_ptest[DP],loo_ptest[DP],loo_ptest[DP],node2vec_dpp[DP],node2vec_dpp[DP],node2vec_dpp[DP],node2vec_dpp[DP],node2vec_dpp[DP],node2vec_dpp[DP],node2vec_dpp[DP],node2vec_dpp[DP],node2vec_dpp[DP],node2vec_dpp[DP],node2vec_dpp[DP],node2vec_dpp[DP],node2vec_dpp[DP],node2vec_dpp[DP],node2vec_dpp[DP],node2vec_dpp[DP],node2vec_dpp[DP],node2vec_dpp[DP],node2vec_dpp[DP],node2vec_dpp[DP],node2vec_dpp[DP],node2vec_dpp[DP],node2vec_dpp[DP],node2vec_dpp[DP],node2vec_dpp[DP],node2vec_dpp[DP],node2vec_dpp[DP],node2vec_dpp[DP],node2vec_dpp[DP],node2vec_dpp[DP],node2vec_dpp[DP],node2vec_dpp[DP],rw_dpp[DP],rw_dpp[DP],rw_dpp[DP],rw_dpp[DP],rw_dpp[DP],rw_dpp[DP],rw_dpp[DP],rw_dpp[DP],rw_dpp[DP],rw_dpp[DP],rw_dpp[DP],rw_dpp[DP],rw_dpp[DP],rw_dpp[DP],rw_dpp[DP],rw_dpp[DP],rw_dpp[DP],rw_dpp[DP],rw_dpp[DP],rw_dpp[DP],rw_dpp[DP],rw_dpp[DP],rw_dpp[DP],rw_dpp[DP],rw_dpp[DP],rw_dpp[DP],rw_dpp[DP],rw_dpp[DP],rw_dpp[DP],rw_dpp[DP],rw_dpp[DP],rw_dpp[DP],subgraph_metrics[DP],subgraph_metrics[DP],subgraph_metrics[DP],subgraph_metrics[DP],subgraph_metrics[DP],subgraph_metrics[DP],subgraph_metrics[DP],subgraph_metrics[DP],subgraph_metrics[DP],subgraph_metrics[DP],subgraph_metrics[DP],subgraph_metrics[DP],subgraph_metrics[DP],subgraph_metrics[DP],subgraph_metrics[DP],subgraph_metrics[DP],subgraph_metrics[DP],subgraph_metrics[DP],subgraph_metrics[DP],subgraph_metrics[DP],subgraph_metrics[DP],subgraph_metrics[DP],subgraph_metrics[DP],subgraph_metrics[DP]
,AUROC,AUROC,AUROC,AUROC,AUROC,AUROC,AUROC,AUROC,Mean Average Precision,Mean Average Precision,Mean Average Precision,Mean Average Precision,Mean Average Precision,Mean Average Precision,Mean Average Precision,Mean Average Precision,Recall-at-100,Recall-at-100,Recall-at-100,Recall-at-100,Recall-at-100,Recall-at-100,Recall-at-100,Recall-at-100,Recall-at-25,Recall-at-25,Recall-at-25,Recall-at-25,Recall-at-25,Recall-at-25,Recall-at-25,Recall-at-25,AUROC,AUROC,AUROC,AUROC,AUROC,AUROC,AUROC,AUROC,Mean Average Precision,Mean Average Precision,Mean Average Precision,Mean Average Precision,Mean Average Precision,Mean Average Precision,Mean Average Precision,Mean Average Precision,Recall-at-100,Recall-at-100,Recall-at-100,Recall-at-100,Recall-at-100,Recall-at-100,Recall-at-100,Recall-at-100,Recall-at-25,Recall-at-25,Recall-at-25,Recall-at-25,Recall-at-25,Recall-at-25,Recall-at-25,Recall-at-25,AUROC,AUROC,AUROC,AUROC,AUROC,AUROC,AUROC,AUROC,Mean Average Precision,Mean Average Precision,Mean Average Precision,Mean Average Precision,Mean Average Precision,Mean Average Precision,Mean Average Precision,Mean Average Precision,Recall-at-100,Recall-at-100,Recall-at-100,Recall-at-100,Recall-at-100,Recall-at-100,Recall-at-100,Recall-at-100,Recall-at-25,Recall-at-25,Recall-at-25,Recall-at-25,Recall-at-25,Recall-at-25,Recall-at-25,Recall-at-25,AUROC,AUROC,AUROC,AUROC,AUROC,AUROC,AUROC,AUROC,Mean Average Precision,Mean Average Precision,Mean Average Precision,Mean Average Precision,Mean Average Precision,Mean Average Precision,Mean Average Precision,Mean Average Precision,Recall-at-100,Recall-at-100,Recall-at-100,Recall-at-100,Recall-at-100,Recall-at-100,Recall-at-100,Recall-at-100,Recall-at-25,Recall-at-25,Recall-at-25,Recall-at-25,Recall-at-25,Recall-at-25,Recall-at-25,Recall-at-25,AUROC,AUROC,AUROC,AUROC,AUROC,AUROC,AUROC,AUROC,Mean Average Precision,Mean Average Precision,Mean Average Precision,Mean Average Precision,Mean Average Precision,Mean Average Precision,Mean Average Precision,Mean Average Precision,Recall-at-100,Recall-at-100,Recall-at-100,Recall-at-100,Recall-at-100,Recall-at-100,Recall-at-100,Recall-at-100,Recall-at-25,Recall-at-25,Recall-at-25,Recall-at-25,Recall-at-25,Recall-at-25,Recall-at-25,Recall-at-25,disease_size,disease_size,disease_size,disease_size,disease_size,disease_size,disease_size,disease_size,pvalue_COMP,pvalue_COMP,pvalue_COMP,pvalue_COMP,pvalue_COMP,pvalue_COMP,pvalue_COMP,pvalue_COMP,pvalue_DNS,pvalue_DNS,pvalue_DNS,pvalue_DNS,pvalue_DNS,pvalue_DNS,pvalue_DNS,pvalue_DNS,AUROC,AUROC,AUROC,AUROC,AUROC,AUROC,AUROC,AUROC,Mean Average Precision,Mean Average Precision,Mean Average Precision,Mean Average Precision,Mean Average Precision,Mean Average Precision,Mean Average Precision,Mean Average Precision,Recall-at-100,Recall-at-100,Recall-at-100,Recall-at-100,Recall-at-100,Recall-at-100,Recall-at-100,Recall-at-100,Recall-at-25,Recall-at-25,Recall-at-25,Recall-at-25,Recall-at-25,Recall-at-25,Recall-at-25,Recall-at-25,AUROC,AUROC,AUROC,AUROC,AUROC,AUROC,AUROC,AUROC,Mean Average Precision,Mean Average Precision,Mean Average Precision,Mean Average Precision,Mean Average Precision,Mean Average Precision,Mean Average Precision,Mean Average Precision,Recall-at-100,Recall-at-100,Recall-at-100,Recall-at-100,Recall-at-100,Recall-at-100,Recall-at-100,Recall-at-100,Recall-at-25,Recall-at-25,Recall-at-25,Recall-at-25,Recall-at-25,Recall-at-25,Recall-at-25,Recall-at-25,Conductance of Disease Nodes,Conductance of Disease Nodes,Conductance of Disease Nodes,Conductance of Disease Nodes,Conductance of Disease Nodes,Conductance of Disease Nodes,Conductance of Disease Nodes,Conductance of Disease Nodes,Conductance of Intermediate Nodes,Conductance of Intermediate Nodes,Conductance of Intermediate Nodes,Conductance of Intermediate Nodes,Conductance of Intermediate Nodes,Conductance of Intermediate Nodes,Conductance of Intermediate Nodes,Conductance of Intermediate Nodes,Density of Disease Subgraph,Density of Disease Subgraph,Density of Disease Subgraph,Density of Disease Subgraph,Density of Disease Subgraph,Density of Disease Subgraph,Density of Disease Subgraph,Density of Disease Subgraph
,count,mean,std,min,25%,50%,75%,max,count,mean,std,min,25%,50%,75%,max,count,mean,std,min,25%,50%,75%,max,count,mean,std,min,25%,50%,75%,max,count,mean,std,min,25%,50%,75%,max,count,mean,std,min,25%,50%,75%,max,count,mean,std,min,25%,50%,75%,max,count,mean,std,min,25%,50%,75%,max,count,mean,std,min,25%,50%,75%,max,count,mean,std,min,25%,50%,75%,max,count,mean,std,min,25%,50%,75%,max,count,mean,std,min,25%,50%,75%,max,count,mean,std,min,25%,50%,75%,max,count,mean,std,min,25%,50%,75%,max,count,mean,std,min,25%,50%,75%,max,count,mean,std,min,25%,50%,75%,max,count,mean,std,min,25%,50%,75%,max,count,mean,std,min,25%,50%,75%,max,count,mean,std,min,25%,50%,75%,max,count,mean,std,min,25%,50%,75%,max,count,mean,std,min,25%,50%,75%,max,count,mean,std,min,25%,50%,75%,max,count,mean,std,min,25%,50%,75%,max,count,mean,std,min,25%,50%,75%,max,count,mean,std,min,25%,50%,75%,max,count,mean,std,min,25%,50%,75%,max,count,mean,std,min,25%,50%,75%,max,count,mean,std,min,25%,50%,75%,max,count,mean,std,min,25%,50%,75%,max,count,mean,std,min,25%,50%,75%,max,count,mean,std,min,25%,50%,75%,max,count,mean,std,min,25%,50%,75%,max,count,mean,std,min,25%,50%,75%,max,count,mean,std,min,25%,50%,75%,max
"(u'data', u'class')",,,,,,,,,,,,,,,,,,,,,,,,,,,,,,,,,,,,,,,,,,,,,,,,,,,,,,,,,,,,,,,,,,,,,,,,,,,,,,,,,,,,,,,,,,,,,,,,,,,,,,,,,,,,,,,,,,,,,,,,,,,,,,,,,,,,,,,,,,,,,,,,,,,,,,,,,,,,,,,,,,,,,,,,,,,,,,,,,,,,,,,,,,,,,,,,,,,,,,,,,,,,,,,,,,,,,,,,,,,,,,,,,,,,,,,,,,,,,,,,,,,,,,,,,,,,,,,,,,,,,,,,,,,,,,,,
acquired metabolic ,14.0,0.7541588489314286,0.08505542881260077,0.5656968107329999,0.71401697517375,0.77036252888,0.8078158206977499,0.8626160925949999,14.0,0.008826802096543927,0.013122828878284516,0.0006356970257250001,0.0020761322739925,0.004221276664825,0.007721519344965,0.0506605809787,14.0,0.07999699110410714,0.07166360078458765,0.0,0.027519230769225002,0.0595238095238,0.14375,0.22333333333299998,14.0,0.02134275248560357,0.03425953192616911,0.0,0.0,0.0,0.031904761904725,0.1,14.0,0.5282819182097551,0.028201084395801816,0.49303653497980604,0.5119185508454583,0.522285729938256,0.5434668201150429,0.5749628490506444,14.0,0.009142255630546768,0.016570646065040363,4.640801930573604e-05,0.0004932668585891534,0.001964368160345258,0.005367960119969515,0.055631717486918295,14.0,0.04247950462236177,0.04958517783254276,0.0,0.0,0.023392857142857146,0.08124999999999999,0.14222222222222225,14.0,0.024954212454212456,0.03508636983731775,0.0,0.0,0.010096153846153847,0.03125,0.115,14.0,0.6513233081244173,0.06927385686946529,0.5545436609256765,0.5822653243776049,0.661554832477343,0.6922247586807815,0.7533044410270747,14.0,0.002194596854717465,0.0015375796338515841,0.00045716101118157003,0.0012743801981642306,0.0020015403307762428,0.0025260065428424766,0.006105080583941165,14.0,0.03191544566544567,0.053875254082582986,0.0,0.0,0.012019230769230772,0.043750000000000004,0.2,14.0,0.0007936507936507935,0.002969569354582493,0.0,0.0,0.0,0.0,0.01111111111111111,14.0,0.7837110326609539,0.06691620928235527,0.6371466041502252,0.7567002422691883,0.7984073747608986,0.8304554724852178,0.8670437650994238,14.0,0.008737063210118945,0.007901945843594767,0.0004682715456912842,0.00288338511626044,0.0062736871354181,0.013877958174467428,0.024854130696427463,14.0,0.09253383917669632,0.07445315065977913,0.0,0.033769230769230774,0.10214285714285715,0.13125,0.205,14.0,0.03335862550148264,0.044017735116692304,0.0,0.0,0.029166666666666667,0.043988095238095236,0.16,14.0,0.7839668313074035,0.07252918361995445,0.5830219117032635,0.7658889712153936,0.7974390965683802,0.827526517920972,0.8860872359536641,14.0,0.012429031318788713,0.013920003691893652,0.0004906438300478964,0.004302197580282541,0.006786331928418094,0.01581843404068781,0.05007696105991832,14.0,0.09431584685156114,0.07542481673508339,0.0,0.050115384615384624,0.0826388888888889,0.13083333333333336,0.23,14.0,0.0395473137973138,0.04639814500784778,0.0,0.003125,0.026692307692307696,0.060416666666666674,0.16499999999999998,14.0,64.14285714285714,67.8004505803693,10.0,18.75,39.0,80.75,258.0,14.0,0.05857142857142857,0.08465833075978386,0.0,0.0,0.0,0.145,0.2,14.0,0.21285714285714286,0.19542571169426196,0.0,0.0675,0.155,0.2925,0.65,14.0,0.6930372928004075,0.09916143990466632,0.4969035792210205,0.6493892302357711,0.7074203830731668,0.7703507467950457,0.8238185480321647,14.0,0.003333870632199198,0.002965840246682525,0.00026965051035749067,0.0011455695150188892,0.002493378862360514,0.004576273081396693,0.010655114588661193,14.0,0.0408105267748125,0.03851291342614054,0.0,0.015625,0.029166666666666667,0.05532692307692308,0.12,14.0,0.00909536891679749,0.011465920595509946,0.0,0.0,0.003846153846153847,0.013482142857142856,0.03333333333333333,14.0,0.7748741748062553,0.07116446002154664,0.6301262708323662,0.7576038722786396,0.7853560445531329,0.8217413198839821,0.8710678980832599,14.0,0.00851816611867741,0.006368508746471698,0.0009103765445274617,0.005072048372103875,0.007403756071843681,0.010168806017314248,0.020802067087923447,14.0,0.09362720216291644,0.08347881370651332,0.0,0.03853846153846154,0.06775793650793652,0.12083333333333335,0.3,14.0,0.04189037153322868,0.05400648503926347,0.0,0.005384615384615385,0.022976190476190476,0.056249999999999994,0.2,14.0,0.9678418891771565,0.016189475055516864,0.9298554811420514,0.9618449623269069,0.969363141151111,0.9820692806779134,0.9838709677419356,14.0,0.7916729879337139,0.15727959601248215,0.4977779709815383,0.6869301208938021,0.8335365753437063,0.9226586727628028,0.9683970460469156,14.0,0.05817924285165591,0.03868300878116463,0.012336741772991886,0.03006512443872831,0.044718502034322156,0.0740562678062678,0.13636363636363635
benign neoplasm,10.0,0.8291172602232001,0.08343114195843136,0.730315125075,0.7634781393630001,0.8117899530370001,0.89308350835025,0.953552698752,10.0,0.030418263464485996,0.03678761799337438,0.00746777606326,0.011613226374825002,0.017928993343849998,0.022948782134049998,0.12885089027799998,10.0,0.21321428571426998,0.13106590798073883,0.06666666666669999,0.1,0.195238095238,0.3,0.4,10.0,0.11809523809523,0.09646824580648779,0.0333333333333,0.05,0.08214285714285,0.17500000000000002,0.3,10.0,0.5629461823434712,0.04379361438332116,0.5055354239256677,0.5430371856372178,0.54361100990562,0.5881892891653773,0.6442172924305007,10.0,0.014440426802715525,0.019859306587178487,0.00031178223813775965,0.0013881753711535764,0.005133822113622193,0.01782147547436314,0.05055046786744675,10.0,0.10261904761904764,0.07557997804564845,0.0,0.037500000000000006,0.1,0.17738095238095242,0.2,10.0,0.06000000000000001,0.06488356142513971,0.0,0.004166666666666667,0.04166666666666667,0.1,0.2,10.0,0.7218255748884435,0.09616412538742056,0.5851510651134728,0.6513615422272943,0.7305509881562857,0.7761411482358027,0.8992203090917529,10.0,0.001703163186858462,0.001816029810168248,0.0004902010778205274,0.0006433316291889489,0.0009818596588993327,0.0016073886053449755,0.006353284867887829,10.0,0.04,0.08432740427115679,0.0,0.0,0.0,0.0,0.2,10.0,0.005,0.015811388300841896,0.0,0.0,0.0,0.0,0.05,10.0,0.8549909921580591,0.07376097499216822,0.7666298877274487,0.7946786327368722,0.8446202830311211,0.9207060242981716,0.9678191859655636,10.0,0.04547632317166894,0.06852274568159901,0.004168294419766466,0.0066704580786322775,0.016628079063063034,0.042184588132887016,0.2208559597969287,10.0,0.26404761904761903,0.12500541686423777,0.1,0.16220238095238093,0.26666666666666666,0.37500000000000006,0.45,10.0,0.1075,0.10441267247245185,0.0,0.018750000000000003,0.1,0.14583333333333331,0.3,10.0,0.8525401886313799,0.07642362102881504,0.7436905369657029,0.8120517321711458,0.8456027369754061,0.9185990455850888,0.9693043115050821,10.0,0.04464311762546046,0.07203036887817278,0.0029254381965062052,0.00766625903408002,0.016786564769650708,0.03129160790679565,0.2346174602525449,10.0,0.26154761904761903,0.1442830622104214,0.1,0.13303571428571428,0.25,0.38333333333333336,0.5,10.0,0.12226190476190477,0.12663400392414917,0.0,0.007738095238095239,0.07083333333333333,0.2375,0.3,10.0,25.8,16.585133905599516,10.0,15.0,22.5,30.25,65.0,10.0,0.05700000000000001,0.05437523946307425,0.0,0.02,0.04,0.085,0.15,10.0,0.207,0.14537690478354684,0.0,0.10250000000000001,0.165,0.34500000000000003,0.42,10.0,0.7395141346611697,0.05748133585033149,0.620032840722496,0.7162386909274294,0.732449993038474,0.7799475331035703,0.8208789933135214,10.0,0.004185193576648904,0.004813098278888203,0.0004593857694940908,0.001728000678938991,0.0027530640844574024,0.004553781168297616,0.017235981964946242,10.0,0.08119047619047619,0.06446135128918502,0.0,0.033928571428571426,0.08333333333333333,0.11249999999999999,0.2,10.0,0.022261904761904764,0.032462403394770044,0.0,0.0,0.007142857142857142,0.03125,0.1,10.0,0.8562128210638734,0.06975030769594087,0.7532051877661633,0.8053812913719147,0.8456699024658856,0.8924940214980144,0.9720610757878128,10.0,0.020431424766872024,0.032573218997741,0.0009185075200552393,0.002368658729446929,0.008294614103741415,0.019132777951286817,0.10653059751589766,10.0,0.18761904761904763,0.15791377358907246,0.0,0.054166666666666675,0.12976190476190474,0.33749999999999997,0.4,10.0,0.07559523809523809,0.08783611612281385,0.0,0.00625,0.04047619047619048,0.1,0.25,10.0,0.9792152774334155,0.007530184208325733,0.9634247714048212,0.9762451583504216,0.9817166700678792,0.9847468942296529,0.9868938401048492,10.0,0.8143119796456725,0.1060687398351871,0.6000938012975846,0.7645518628186632,0.8363708982990159,0.8863266760911986,0.9423862843472772,10.0,0.12290742809351826,0.09610066794028793,0.05241935483870968,0.05972026638502611,0.10793650793650794,0.1289010989010989,0.37777777777777777
cancer,60.0,0.8230944423934833,0.06907542667926658,0.554356681723,0.789453875255,0.8249176840925,0.8688281489024999,0.9674255082150001,60.0,0.037288676035723146,0.04926229901442805,0.000507782661945,0.011577646478475001,0.018682410117400003,0.040076749063174995,0.291651540696,60.0,0.18371382557551502,0.13438692473366998,0.0,0.09282467532465002,0.1541666666665,0.25,0.6,60.0,0.10216182399161501,0.09943789724982367,0.0,0.040833333333325,0.06666666666669999,0.11249999999975001,0.5,60.0,0.5796783645785606,0.05500068749958952,0.493031035123583,0.5433058673489239,0.5689688412156755,0.6119046377853504,0.7456455132073722,60.0,0.014619644689905445,0.02628281036936,5.105075966009834e-05,0.0025388382598739295,0.006831668473172653,0.012950947652645997,0.16185816259569036,60.0,0.10733028594730722,0.09193969221233282,0.0,0.03645833333333333,0.09388888888888888,0.15,0.4,60.0,0.05287001394980118,0.06708231388349702,0.0,0.0,0.03333333333333333,0.06666666666666668,0.35,60.0,0.7095568792687211,0.07786950662817392,0.5681527036435368,0.6629489282749931,0.7026289853553174,0.7481346924579039,0.9486552028218694,60.0,0.0015820015054513411,0.0012775863990150255,0.00019440173152051598,0.0007917053667605425,0.0012865061830791844,0.0016943191534547848,0.007597043326624589,60.0,0.01975,0.0435377350021206,0.0,0.0,0.0,0.00625,0.15,60.0,0.0008333333333333334,0.00645497224367903,0.0,0.0,0.0,0.0,0.05,60.0,0.8347635109008505,0.06617788249010752,0.6376642328238764,0.7907653281595048,0.8352560789413628,0.8762730944202023,0.9714146477304372,60.0,0.02412540438534029,0.034936678132960954,0.0003591909822969485,0.006499663392297895,0.011546388242302705,0.022525518181088316,0.17937204198412504,60.0,0.17956796360652744,0.12706463027639076,0.0,0.09416396103896102,0.15,0.2333333333333333,0.55,60.0,0.07846538710501476,0.09113186973072587,0.0,0.0,0.05,0.10916666666666669,0.4,60.0,0.8356956118232565,0.06862395189332848,0.6263870841325825,0.8017400641580619,0.8431099560314477,0.8741231776327117,0.9759189640768591,60.0,0.021936228954213325,0.029001788378298362,0.000454778674779601,0.005900558660359769,0.012273244891020128,0.02498836476552607,0.1403557918886469,60.0,0.17400590804979102,0.13400926257028353,0.0,0.08676739926739925,0.15,0.2041666666666667,0.6,60.0,0.07922242050699495,0.09240009950104446,0.0,0.00625,0.04863636363636364,0.1,0.4,60.0,54.18333333333333,75.63325689154604,9.0,15.75,28.0,67.0,474.0,60.0,0.050499999999999996,0.1111637210665239,0.0,0.0,0.01,0.042499999999999996,0.6,60.0,0.22516666666666663,0.18952654361451138,0.0,0.04750000000000001,0.19,0.34,0.78,60.0,0.7397660638080488,0.08736132653665303,0.5075284120207083,0.684986587870362,0.7375893184670139,0.8084180196778121,0.9175113710201429,60.0,0.007367204284389955,0.014242061727307563,0.00013995760267646523,0.0012773509980818166,0.002833266880029131,0.0063892631859734025,0.0694157517961809,60.0,0.053193749808111514,0.06844796031230989,0.0,0.0,0.03333333333333333,0.07708333333333332,0.4,60.0,0.024364830549670972,0.05202904010842707,0.0,0.0,0.0,0.031547619047619054,0.35,60.0,0.8320254248264994,0.0665746006160495,0.6243167708268877,0.7978497022351076,0.8332821271197577,0.8725646112587557,0.9874431448992852,60.0,0.014921704692055487,0.0199444324041095,0.0008874780742899012,0.004271409928944014,0.006348135182075718,0.011861466113990743,0.10056706301372756,60.0,0.13233574714292798,0.1295345119553565,0.0,0.054017857142857145,0.09833333333333333,0.2,0.6,60.0,0.05424844693328736,0.08421464245480828,0.0,0.0,0.02305555555555556,0.05133928571428572,0.4,60.0,0.9737441291726758,0.013864318692025564,0.9080218395632088,0.9690316221154875,0.9746759304281428,0.9835281047209982,0.9953161592505856,60.0,0.7345135080275736,0.16030466112434205,0.4323956823327863,0.5895038308303815,0.7619057790124351,0.8624867588655277,0.9689193334014928,60.0,0.10813583375281792,0.08418438716619886,0.01367516792892124,0.056593707250342004,0.08712550607287449,0.13715415019762844,0.5111111111111111
cardiovascular system ,46.0,0.7983868568076741,0.07878636273409373,0.530945419103,0.76775477141275,0.8138114723700001,0.8501224559555,0.9060518084970001,46.0,0.02320352898983147,0.030518813857780294,0.00021803054899400002,0.004960286358395,0.0111193337389,0.022227013180499994,0.106754403533,46.0,0.14864085607439567,0.1434823494983262,0.0,0.037045454545475,0.10833333333350001,0.20104166666675,0.516666666667,46.0,0.0722085223622,0.09161047685908917,0.0,0.0,0.032467532467500004,0.1,0.383333333333,46.0,0.547397926867643,0.058748687724110356,0.4930294158650496,0.502665546426655,0.5289684058547415,0.5675750600984831,0.7191433809877461,46.0,0.014725599916951807,0.024004453022660365,4.640801930573604e-05,0.00043665977333108075,0.0024100801635382517,0.015815996848657775,0.07526100589431464,46.0,0.07600801092323713,0.09868354140442735,0.0,0.0,0.03333333333333333,0.11145833333333334,0.3833333333333333,46.0,0.055636713569622104,0.08773934130460868,0.0,0.0,0.012438423645320195,0.08333333333333333,0.31666666666666665,46.0,0.6630919844343836,0.0836438227939902,0.4877796342708624,0.605658963780009,0.663236221553795,0.7097072748992334,0.8804517387065323,46.0,0.0021886638607962728,0.002015333256497582,4.640801930573604e-05,0.000972488703137836,0.0015945217644061157,0.0026031044079200118,0.009628271305781264,46.0,0.04340838509316771,0.08155885242481895,0.0,0.0,0.0,0.05,0.3,46.0,0.002898550724637681,0.011278925954736627,0.0,0.0,0.0,0.0,0.05,46.0,0.8216339959858674,0.06867332143725524,0.5785296574770259,0.8001297142309087,0.8272534561851581,0.8619976668891164,0.9193677173761664,46.0,0.021514602223427378,0.029559743360050506,0.00027736246101425484,0.004339800981281441,0.008015632645602701,0.022307022740348473,0.12594071770208598,46.0,0.17112540535500012,0.12632850398771958,0.0,0.07190746753246753,0.15119047619047615,0.2,0.4833333333333333,46.0,0.07517965735428694,0.09409601398522066,0.0,0.0,0.03095238095238095,0.13437500000000002,0.35,46.0,0.8165032385514032,0.0816932148104781,0.5159472755963984,0.8026615288502638,0.8302593382880565,0.8638265148398494,0.9208364300755604,46.0,0.023537363744367993,0.033931024068756276,0.0002150603499836003,0.0044924869662732025,0.0083587224638028,0.023206570265644925,0.14600272262483155,46.0,0.15348567137999627,0.12423714560723893,0.0,0.06477272727272727,0.11502805145046523,0.2,0.4833333333333333,46.0,0.07431682983947292,0.08932053337611501,0.0,0.0,0.03802339901477833,0.11249999999999999,0.3,46.0,47.108695652173914,53.86783342831666,10.0,13.25,24.0,64.0,288.0,46.0,0.035217391304347825,0.06635725298831009,0.0,0.0,0.0,0.04,0.32,46.0,0.22652173913043483,0.23336397314356955,0.0,0.05,0.13,0.3125,0.9,46.0,0.7449046268629796,0.08362032681462245,0.5538615056158915,0.6950921241936233,0.7522519684546546,0.7985507048745656,0.9164545398241051,46.0,0.009713829260714122,0.015660003897268723,0.0002503866261521365,0.0014378905778630335,0.003348586526124313,0.008424377623288935,0.06528950152296907,46.0,0.08825753519344225,0.11180949300097219,0.0,0.0020833333333333333,0.045751231527093594,0.12083333333333333,0.45,46.0,0.03137722805264034,0.054119287433492036,0.0,0.0,0.0,0.03125,0.2,46.0,0.8118482168109525,0.06373574933733289,0.6277870602432006,0.7789290163202587,0.8104024596947936,0.8505377967005078,0.9140366759517178,46.0,0.009566103657156075,0.015500836526637286,0.0003777469883607485,0.0025518385814624917,0.004624626277327993,0.009093313658222394,0.08211193146402454,46.0,0.12290847302984619,0.12811000285321741,0.0,0.04493055555555556,0.07525252525252527,0.2,0.55,46.0,0.04152960602713668,0.0701977727652708,0.0,0.0,0.0029411764705882357,0.05,0.3,46.0,0.9708740030819109,0.011966948450914231,0.9294339622641509,0.9612173255987344,0.9721104175983719,0.9802749640108067,0.9917483238782878,46.0,0.8145718297529376,0.16252744587995832,0.4409144354683031,0.684848184638206,0.8706880477555496,0.9511025655877541,0.990344383649823,46.0,0.08674096355549418,0.06902769354338123,0.016357206012378427,0.03126629468092883,0.06666666666666668,0.1106060606060606,0.26666666666666666
cognitive disorder,10.0,0.7645282894776999,0.08510470211083862,0.591417962404,0.71501841328325,0.7749023610030001,0.81543504530625,0.896367392414,10.0,0.01128542170645,0.006565147900637871,0.00230498475589,0.00686483280079,0.012309207947100002,0.015120176404950001,0.0228693932024,10.0,0.10504396567903,0.0640087127565428,0.0343535223368,0.06670833333335,0.09754901960785001,0.1,0.233333333333,10.0,0.03911743673415,0.03641727030726781,0.0,0.0185214162985,0.02699673202615,0.05,0.1,10.0,0.5268024889610791,0.026744326944616176,0.4930355650478225,0.5163638863442461,0.5236199020173,0.5372771657700536,0.5858303151312532,10.0,0.006949026082497409,0.008675530103023806,5.569393093524347e-05,0.0008666944396705055,0.005234833387591263,0.009459529866478892,0.02894797745071805,10.0,0.04453730146697854,0.054261654883964575,0.0,0.005726481958762886,0.037351190476190475,0.052000000000000005,0.18333333333333326,10.0,0.02651780045351474,0.041423684286801474,0.0,0.0,0.011394557823129252,0.03420833333333333,0.13333333333333333,10.0,0.6602185638316029,0.07577552289816523,0.4924065908563472,0.6179760035618941,0.6851498325870162,0.7114459789849571,0.7460041316559118,10.0,0.0024749119365735767,0.0023764374499327156,5.569393093524347e-05,0.0008997819637747025,0.0019110641268856345,0.002889554472419529,0.008052579988668256,10.0,0.016176303854875285,0.03322563438349818,0.0,0.0,0.0010416666666666667,0.005197704081632652,0.1,10.0,0.0002040816326530612,0.0006453627877894651,0.0,0.0,0.0,0.0,0.002040816326530612,10.0,0.7904364301519693,0.08715721625614782,0.5848456718496171,0.7548516722604803,0.8080899314259928,0.8443446648452778,0.8996750382990577,10.0,0.009716516158220796,0.005604941552094233,0.001476199587105957,0.00714171580747885,0.008816347487977015,0.010892777951159689,0.01921506404913017,10.0,0.094774586019975,0.08061993184476465,0.0,0.04684278350515464,0.0668578431372549,0.13125,0.2833333333333333,10.0,0.05676264493770017,0.07044889416292821,0.0,0.009308539781892139,0.019277777777777776,0.08958333333333335,0.2,10.0,0.790644207994732,0.07462899051154773,0.6341680204223717,0.753967473439604,0.8039134003997093,0.8269560686870585,0.9111926094424586,10.0,0.01237863200611542,0.006519197989815613,0.0018085350848957397,0.009214487316531877,0.012070808430428973,0.014998803946416627,0.022766145076838502,10.0,0.129349644376651,0.09660932406642272,0.05,0.059637188208616784,0.08658333333333335,0.18541666666666667,0.35,10.0,0.06990992706360896,0.07934560070240698,0.0,0.016166666666666666,0.03436426116838488,0.09583333333333334,0.25,10.0,199.3,308.7350716139073,12.0,17.5,28.5,229.25,961.0,10.0,0.003,0.009486832980505138,0.0,0.0,0.0,0.0,0.03,10.0,0.101,0.12493998559308386,0.0,0.01,0.055,0.17,0.37,10.0,0.744246335504003,0.09535128614292988,0.5079557061937041,0.7128400383215593,0.7621124850477226,0.8021254467360313,0.841687943920895,10.0,0.01849373036604916,0.019630067699316113,0.00025275673945369704,0.005230753265557952,0.010372781323503659,0.023039281317643098,0.05318347245485668,10.0,0.07666840045296469,0.06248156893415372,0.0,0.04500472508591065,0.05,0.11397058823529413,0.2,10.0,0.037856434240362814,0.034491355440827404,0.0,0.011718749999999998,0.033205782312925175,0.05,0.1,10.0,0.7853615126745884,0.0600204215506811,0.6700046414481318,0.7463833037675554,0.7946161289704141,0.8277412284774902,0.8666078640731628,10.0,0.011620445282349092,0.005182442476756138,0.0006398842029918168,0.009374582653028261,0.012865663782818408,0.013734898355598138,0.01964881458022792,10.0,0.08850434637772636,0.0735988737612969,0.0,0.03540051020408164,0.05,0.15,0.2,10.0,0.04964141156462585,0.047919444699338884,0.0,0.014239583333333332,0.03333333333333333,0.08750000000000001,0.13333333333333333,10.0,0.9561168087440917,0.03835218999873543,0.871062027119522,0.9419375630661289,0.9758954533439068,0.9822066517106501,0.9898595943837754,10.0,0.7819338831754923,0.18715700178390735,0.4735078105882025,0.6624946259574254,0.8606224522170753,0.9334068775421436,0.9549472787304292,10.0,0.06456596739793569,0.0546340204798558,0.007555064169268123,0.017510533151318095,0.05930735930735931,0.09215901272789817,0.16666666666666666
endocrine system ,24.0,0.7733446721089168,0.09700575375749419,0.592257787475,0.7080066280887499,0.750687977808,0.86569307425775,0.978215960262,24.0,0.0401938017165365,0.08861877524564199,0.000193085977665,0.002306939597515,0.008606296079965,0.031927933393975,0.402792787504,24.0,0.16820286195287082,0.21248880404265472,0.0,0.0,0.126388888889,0.21250000000000002,0.95,24.0,0.115162037037025,0.1696294214192206,0.0,0.0,0.05,0.18749999999974998,0.75,24.0,0.5544361932943843,0.07700468839478543,0.4930339478939302,0.5183493101608869,0.5433828531599418,0.5684494901003541,0.8731604846571654,24.0,0.03983741060485037,0.10145827022978532,5.105075966009834e-05,0.0008903559926217659,0.0075896206169239816,0.028042842948675897,0.4954143589684916,24.0,0.10282407407407408,0.15246612188189002,0.0,0.0125,0.08472222222222223,0.11624999999999999,0.75,24.0,0.08030092592592593,0.15468684095467683,0.0,0.0,0.03361111111111111,0.1,0.75,24.0,0.652397095690293,0.10582351276459281,0.4837853527144382,0.5857009421702404,0.6328475284288698,0.6861689516573413,0.9726324218931344,24.0,0.006961987430847329,0.012743104011645887,0.00011144389502420296,0.00089888881617711,0.0017270932525059936,0.003441851385338185,0.052844298588641724,24.0,0.09751999158249158,0.18206719455251255,0.0,0.0,0.03787878787878787,0.1,0.85,24.0,0.0395138888888889,0.09744499150166756,0.0,0.0,0.0,0.01125,0.4,24.0,0.7925807344874323,0.10027718464576454,0.6091780376868097,0.7153257818561128,0.7887215634848299,0.8756634538774836,0.985625087043313,24.0,0.04279700396317604,0.10733838288347745,0.00024666067360597335,0.004480120270015818,0.012119953088513307,0.022904097869824554,0.5271317321546154,24.0,0.19026620370370365,0.18838518871932455,0.0,0.0982638888888889,0.15833333333333333,0.25,0.95,24.0,0.11717592592592592,0.1649091648557665,0.0,0.0,0.05416666666666667,0.15416666666666665,0.75,24.0,0.798398729833515,0.09677006399870079,0.6296423100134627,0.7245715622121237,0.7949103693117426,0.8775588020047961,0.976723457592498,24.0,0.03163444498352277,0.059696776574518565,0.00017850349633053892,0.0034613172119066053,0.00774523489581804,0.026038316490107665,0.2649126206105107,24.0,0.19118055555555555,0.20254210462651423,0.0,0.07125,0.15833333333333333,0.25,0.95,24.0,0.11570601851851851,0.16068306829837292,0.0,0.0,0.05833333333333334,0.175,0.75,24.0,27.958333333333332,26.26202278157016,11.0,13.75,18.0,24.0,119.0,24.0,0.060000000000000005,0.16587056242221182,0.0,0.0,0.015,0.03,0.78,24.0,0.14416666666666667,0.1812496876559028,0.0,0.0325,0.07500000000000001,0.1825,0.67,24.0,0.7130947801826398,0.12540171468818526,0.4973661004362758,0.6449236151609506,0.7072010139605203,0.7959462273514458,0.9815468176964858,24.0,0.02599004958821165,0.11100216997377,0.00019764425580385083,0.0010335802330343838,0.00248070597250981,0.004306274395617839,0.5467986749377083,24.0,0.09947916666666667,0.16567199793495116,0.0,0.015,0.05,0.11250000000000002,0.8,24.0,0.037384259259259256,0.14296196499217811,0.0,0.0,0.0,0.0,0.7,24.0,0.7960111034377939,0.09263955461306725,0.5752751079537539,0.7422579865316721,0.7749510344171313,0.8637215088268324,0.9787219720532938,24.0,0.03143007900722678,0.09511467026769675,0.0004015301258639008,0.0034001174087869078,0.0055121345807140724,0.015260402066941561,0.4726729936273572,24.0,0.17423295454545454,0.20515132821750756,0.0,0.05,0.1,0.1875,0.85,24.0,0.08285879629629629,0.13732465712471084,0.0,0.0,0.05,0.08229166666666665,0.6,24.0,0.9672929865996039,0.025290114590016437,0.8588235294117647,0.9635758584177885,0.9723955576317649,0.9791682424425786,0.9857549857549858,24.0,0.902340713176368,0.10554393038120125,0.5398611930881485,0.9037338731013133,0.9340946970275756,0.9629757340327834,0.9862859289874132,24.0,0.09572849953257451,0.07043866277446059,0.0189431704885344,0.04594298245614035,0.08213196033562165,0.11675824175824177,0.3
gastrointestinal system ,35.0,0.760328481898,0.10228541262837697,0.513243826587,0.7021582230555,0.762505806931,0.8251319409315,0.945378151261,35.0,0.040377371599694796,0.06525486021333267,0.00011194251616299998,0.0025305131823149998,0.012946359038,0.042787820598249995,0.28262698783100004,35.0,0.1979982636411457,0.18946325587430032,0.0,0.0547619047619,0.135,0.3333333333335,0.65,35.0,0.10128635650065143,0.1371544158656677,0.0,0.0,0.0348484848485,0.175,0.45,35.0,0.5515903511683202,0.06398585124877658,0.4930336243730261,0.4930384740335082,0.5265034683512944,0.5936184287626334,0.6949765541575748,35.0,0.020790436581747316,0.03909094896292095,4.640801930573604e-05,0.00010447353189934575,0.0018948375675538359,0.021973089302523043,0.14898505730966022,35.0,0.09028573807145235,0.11505876357025649,0.0,0.0,0.03333333333333333,0.1318181818181818,0.36666666666666653,35.0,0.06452961324389897,0.10164149121482323,0.0,0.0,0.0,0.1,0.35,35.0,0.6618547591075146,0.09658079982525458,0.4870161514898357,0.6011065129455555,0.661820418775245,0.7206958220553354,0.8217953479734434,35.0,0.0037671227136521204,0.00477801042050983,4.640801930573604e-05,0.0009380205788236914,0.0021167612853045747,0.0038247763507654087,0.02072498478200483,35.0,0.08005555555555556,0.09324429206608234,0.0,0.0,0.05,0.14166666666666666,0.3083333333333333,35.0,0.018666666666666665,0.04569149174956595,0.0,0.0,0.0,0.0,0.2,35.0,0.7749355486652222,0.10297253164262082,0.5192300552281061,0.726195657199528,0.7823807976229166,0.8406593129405338,0.9486489623473698,35.0,0.03692837537428169,0.0550309190779702,0.00011913524021095073,0.0020350192871885545,0.009980643047755864,0.04381940429865652,0.1759080489597432,35.0,0.19960229453086592,0.18785582378843518,0.0,0.021428571428571432,0.15833333333333333,0.33333333333333326,0.6,35.0,0.1015141762998906,0.12382307683589833,0.0,0.0,0.04807692307692308,0.14375,0.4,35.0,0.7870324534337411,0.09957538284558168,0.5203856685385435,0.7365668496064657,0.7922760830199193,0.855636923600011,0.9562421653744372,35.0,0.032470118939945926,0.04912373183070199,0.0001457526703066555,0.0018513023705341077,0.009225901234474523,0.040176463810038865,0.18950930603800176,35.0,0.1864174000602572,0.1872211831750804,0.0,0.014285714285714284,0.1037878787878788,0.33333333333333326,0.6,35.0,0.108234027876885,0.14454949395420544,0.0,0.0,0.048076923076923066,0.16875,0.45,35.0,35.457142857142856,34.56651121358636,10.0,13.5,19.0,40.5,139.0,35.0,0.037142857142857144,0.06653488375508386,0.0,0.0,0.01,0.04,0.27,35.0,0.18742857142857144,0.1637491420209738,0.0,0.05,0.17,0.28500000000000003,0.66,35.0,0.7204562190225321,0.13592510038071287,0.2458294652803565,0.6552727562575605,0.7481550243676027,0.8044589371241211,0.902536551404038,35.0,0.010597248812698624,0.019281442147748972,9.499921686075727e-05,0.001232117467234751,0.002169293721539966,0.005650473321763925,0.0901216005586922,35.0,0.0771624803767661,0.10245073579419366,0.0,0.0,0.05,0.1,0.45,35.0,0.03160866910866911,0.0694035253950292,0.0,0.0,0.0,0.037500000000000006,0.35,35.0,0.7853923953500912,0.0919878055286334,0.5992433385943738,0.7219562569058702,0.8070997539804112,0.8570187026197118,0.9434560564557316,35.0,0.021708366247497907,0.037296792559454624,0.00017949493127982348,0.002193995439180996,0.005727885435474119,0.02488376016036559,0.1686300309625884,35.0,0.15055330383901813,0.1564220221636936,0.0,0.02954545454545455,0.1,0.20833333333333331,0.5,35.0,0.07391592534449677,0.10153909309454365,0.0,0.0,0.016025641025641024,0.125,0.35,35.0,0.970873923538254,0.011819131658512583,0.9399599733155436,0.9659285505748051,0.973421926910299,0.9795620700080006,0.9865319865319864,35.0,0.8636111481535497,0.13532773348128155,0.4455656191113002,0.8285992961185848,0.921858813082729,0.9511829540732324,0.9882373291818024,35.0,0.08344253396965873,0.054756837093538055,0.018755328218243817,0.03257491127369138,0.06881720430107527,0.11974435429813002,0.21212121212121213
hematopoietic system ,21.0,0.8226453371461427,0.07779867951497604,0.6832656424060001,0.763526469039,0.809090134869,0.868058457538,0.9531885268729999,21.0,0.04898087335376632,0.05953291421990389,0.000422236457563,0.014930477191899999,0.0295340019723,0.051863358882800005,0.252475425898,21.0,0.28119047619047616,0.2121308184281371,0.0,0.108333333333,0.26,0.35,0.75,21.0,0.15190476190479524,0.1325196900613983,0.0,0.06,0.15,0.2,0.55,21.0,0.580368674723504,0.08250435877188267,0.4930287679509225,0.5265486862681346,0.5683351128028967,0.5942842550030181,0.8223945035049441,21.0,0.03142683074796262,0.05537800802517284,7.427092644376604e-05,0.0011647164949045142,0.00890487276387193,0.037116354201462434,0.2420598231412131,21.0,0.14357142857142857,0.15125244324407322,0.0,0.04,0.1,0.2,0.65,21.0,0.08626984126984127,0.14846240148968576,0.0,0.0,0.03333333333333333,0.1,0.65,21.0,0.7138282664720118,0.10369633948902127,0.489468554188907,0.6539386054579809,0.7079943233740689,0.7913351929335193,0.8929120241411328,21.0,0.007671297657868683,0.01153653486887123,5.569393093524347e-05,0.0017274248166001909,0.0028808788833835502,0.0076933564631117045,0.04413108953281898,21.0,0.12555555555555553,0.1917697790272183,0.0,0.0,0.03333333333333333,0.18333333333333326,0.7,21.0,0.036111111111111115,0.10108210817247824,0.0,0.0,0.0,0.025,0.45,21.0,0.8293921596012657,0.07552919998022739,0.6938361568809468,0.7875909830350919,0.8286638798575631,0.8774755118146791,0.9665680129990716,21.0,0.03551860823206197,0.04051503020610551,0.0004954500069599211,0.011266176202253234,0.01802104700914815,0.04455358421447008,0.17186992298787654,21.0,0.2839682539682539,0.20746182794169643,0.0,0.13333333333333333,0.2333333333333333,0.4,0.75,21.0,0.16873015873015873,0.15843584818284653,0.0,0.06666666666666668,0.1,0.21666666666666665,0.65,21.0,0.8362443791748676,0.07616141018029651,0.6838272836984776,0.8125356224638354,0.8282304870687656,0.8707836219302726,0.965818245125348,21.0,0.05308467821486751,0.06594537108668531,0.0011356481894752865,0.0147915426726558,0.037347635703163656,0.058319047123304935,0.2980291263655069,21.0,0.2951587301587302,0.20767422723122062,0.0,0.15,0.26666666666666666,0.35,0.75,21.0,0.19857142857142857,0.159111496297308,0.0,0.06666666666666668,0.18,0.3,0.55,21.0,33.095238095238095,30.207457294358225,11.0,16.0,27.0,40.0,150.0,21.0,0.06476190476190476,0.14810871168229933,0.0,0.0,0.0,0.04,0.59,21.0,0.1242857142857143,0.10092429977817179,0.0,0.03,0.1,0.2,0.35,21.0,0.7929174374494834,0.0839723401987331,0.6812128666914222,0.7230341125621602,0.7737299817241273,0.8459356575832133,0.9648607242339832,21.0,0.014743911268816457,0.023811828987500033,0.0008620114679944854,0.0021262279494282986,0.0034484786040211344,0.013789380461063852,0.09540818711493193,21.0,0.133015873015873,0.18258834927509826,0.0,0.016666666666666666,0.06666666666666668,0.15,0.7,21.0,0.05888888888888889,0.09925882738988413,0.0,0.0,0.0,0.05,0.3,21.0,0.8403381349880297,0.06817208454343904,0.7132658744894169,0.7887402038224453,0.843334726284998,0.891325843739845,0.9600923605309571,21.0,0.02074424014429495,0.026390945409871167,0.00039010011342503005,0.004557167128812632,0.016633369476469585,0.02488212590084548,0.1273341291791586,21.0,0.21619047619047618,0.18400116459258775,0.0,0.05833333333333333,0.175,0.3,0.75,21.0,0.08634920634920636,0.09565362722927137,0.0,0.025,0.06000000000000001,0.1,0.4,21.0,0.9595792032707026,0.02683958098685455,0.8535211267605634,0.9590163934426228,0.9653679653679652,0.9696048632218844,0.9852125693160814,21.0,0.842823589778107,0.13063442264113817,0.5483959975004666,0.7966841423772401,0.8650922031704951,0.9331213004682392,0.9928315412186379,21.0,0.11346949070197467,0.12383031195160334,0.014854586129753915,0.05833333333333333,0.07977207977207977,0.12121212121212123,0.6029411764705882
immune system ,17.0,0.8101918107544117,0.08478223262297598,0.6705014945350001,0.7405039929430001,0.8115725694120001,0.8781194875130001,0.9466784271850001,17.0,0.014332435443579294,0.018234472490057763,0.0006831473203180001,0.00455165351738,0.0067236415749600004,0.0206483118636,0.0761627440608,17.0,0.22210975299210003,0.22602030640247786,0.0,0.05,0.15,0.3,0.75,17.0,0.06371912401324119,0.0767606324087558,0.0,0.0,0.05,0.1,0.25,17.0,0.5394951506400719,0.05477810326905834,0.4930355650478225,0.4930381509328877,0.5179057348502438,0.5682944098802117,0.6446866295264624,17.0,0.013897359813976119,0.02828707511593703,4.640155909238551e-05,6.962603088540491e-05,0.0010367388399519538,0.005316728289790012,0.1029783028860328,17.0,0.07267634326457856,0.0924054065927902,0.0,0.0,0.016666666666666666,0.10454545454545454,0.3,17.0,0.041844919786096266,0.05590653057530908,0.0,0.0,0.016666666666666666,0.05,0.2,17.0,0.6424171797503154,0.11842647090653022,0.4740171733580877,0.5599800359397399,0.6360192243950945,0.7120381115959521,0.8648159324079663,17.0,0.0038748976909387333,0.0044747079642109945,5.105075966009834e-05,0.0010037433431637638,0.002227788406804021,0.0047927254442870935,0.017032485613514014,17.0,0.08246753246753247,0.09920149207577175,0.0,0.0,0.05952380952380953,0.1,0.3,17.0,0.023529411764705882,0.05337850415553393,0.0,0.0,0.0,0.0,0.2,17.0,0.8032670871293581,0.07084529611894272,0.6904594614356839,0.7561881877698844,0.7754851439182916,0.8624518691816542,0.9557889605867882,17.0,0.021435422989478217,0.022878589709768474,0.000585536186962104,0.007434451900682765,0.012289674943829171,0.035532747672264484,0.08471867870078775,17.0,0.1826330532212885,0.13320509539419126,0.0,0.1,0.15,0.25,0.55,17.0,0.09356378915202444,0.06878297516994356,0.0,0.05,0.1,0.15,0.2,17.0,0.7967012356836135,0.09600978876951582,0.6429392236976507,0.7041042005105593,0.7874802674343021,0.864374274436963,0.959883478018662,17.0,0.02965888611541641,0.03416412008005128,0.0005169209078378968,0.0036287414174237314,0.01084494997905073,0.05900880343999896,0.10696324655235834,17.0,0.19988540870893812,0.18917600506439883,0.0,0.1,0.15,0.25,0.7,17.0,0.1154952890247008,0.1618608086380298,0.0,0.0,0.05,0.15,0.55,17.0,26.470588235294116,27.98016629475874,7.0,12.0,17.0,20.0,113.0,17.0,0.07705882352941176,0.14338604821784234,0.0,0.0,0.02,0.06,0.48,17.0,0.1211764705882353,0.12663344507579624,0.0,0.0,0.12,0.14,0.43,17.0,0.7551565790024116,0.11148793464620371,0.5365543488350506,0.6792804739968668,0.7534037613187834,0.8510005571547963,0.9550960735171262,17.0,0.012275913799733392,0.01730554172997563,0.00027610665895633213,0.002661211377544209,0.004742688569655078,0.010731865146584372,0.05735178575646215,17.0,0.146301247771836,0.10937144672052111,0.0,0.0537878787878788,0.14285714285714285,0.2,0.35,17.0,0.046638655462184875,0.054039350790945816,0.0,0.0,0.016666666666666666,0.1,0.15,17.0,0.8294679368320469,0.07702368010504883,0.6978498197473583,0.7743232576496262,0.8146474185051409,0.8930540970459088,0.9547258715937048,17.0,0.014367501102610758,0.02303662828896785,0.0004258669834251426,0.0012296989757277367,0.008590021681414869,0.015008421172514996,0.09601853308349352,17.0,0.16829640947288005,0.18018086405333678,0.0,0.014285714285714284,0.13484848484848486,0.2857142857142857,0.7,17.0,0.08668831168831169,0.10719916859446049,0.0,0.0,0.05,0.14285714285714285,0.4,17.0,0.9644545966278288,0.016483931730066088,0.9253333333333332,0.9564248576380292,0.9682819383259912,0.9738219895287958,0.9926035502958579,17.0,0.9140591229466497,0.09064376418293922,0.5981835961271315,0.910849037153107,0.943104683289559,0.9572649572649572,0.9885112494016276,17.0,0.1119657766905504,0.06841352683968326,0.016783216783216783,0.0735930735930736,0.09090909090909093,0.14705882352941174,0.2380952380952381
inherited metabolic disorder,10.0,0.8354547320799,0.1086390752355773,0.640289256198,0.7654658627567499,0.8409701906955,0.904232514968,0.9809602315829999,10.0,0.030421252644028,0.026594957107690432,0.00100825944802,0.00639193307541,0.02478564105175,0.0549254221345,0.0684037134977,10.0,0.36666666666667,0.31426968052726056,0.0,0.10416666666675001,0.325,0.5874999999999999,0.8833333333329999,10.0,0.23500000000000001,0.22394471319474654,0.0,0.03333333333335001,0.15833333333350003,0.45,0.533333333333,10.0,0.6054619986447188,0.1057750177726491,0.4930355650478225,0.5181832395938892,0.5645285905187781,0.7082049278804912,0.7708610040403103,10.0,0.03091076535774054,0.03271986753442723,6.0337533191168777e-05,0.0007167454244123842,0.0246839823343217,0.0535635343319208,0.07684804906441177,10.0,0.20249999999999999,0.1905178939134972,0.0,0.04583333333333334,0.125,0.3812500000000001,0.4666666666666666,10.0,0.15,0.17391639824998364,0.0,0.0,0.08333333333333333,0.25,0.45,10.0,0.706372506641589,0.12802751148530106,0.4939333457111029,0.6224274764031884,0.7241551949194445,0.7888948447319677,0.9226613415068344,10.0,0.02701676066921836,0.03940701464266195,6.0337533191168777e-05,0.002338428499703542,0.007399421073447969,0.03777112035407128,0.12380753750483516,10.0,0.2828333333333333,0.3015741110315082,0.0,0.013333333333333332,0.2,0.5125000000000001,0.85,10.0,0.1075,0.1568620727790603,0.0,0.0,0.020833333333333336,0.2,0.4,10.0,0.8520037616594394,0.08900198652334639,0.6662828489181912,0.81078137206012,0.8684567922745718,0.8975795591192985,0.9729771134116336,10.0,0.03193180018101784,0.03140550924202418,0.0025047621918502768,0.00437324742578127,0.022934642000410704,0.05791384510713542,0.07934504623120682,10.0,0.33699999999999997,0.2889666561993991,0.0,0.10083333333333334,0.3458333333333333,0.5375000000000001,0.85,10.0,0.10833333333333332,0.11745763617703318,0.0,0.004166666666666667,0.07916666666666666,0.18750000000000003,0.35,10.0,0.8435053416363839,0.10589430022923206,0.6321037236512211,0.8231436238753047,0.8690186045504256,0.9117185753432125,0.967626851121118,10.0,0.03710428690482258,0.06201097235629921,0.0010362084330214124,0.0029825945935459267,0.02006262767398682,0.037131466455091765,0.20747511044253394,10.0,0.31416666666666665,0.31333653465661687,0.0,0.01666666666666667,0.2958333333333333,0.5375,0.8833333333333332,10.0,0.15250000000000002,0.18467731283658861,0.0,0.004166666666666667,0.09166666666666666,0.21875,0.55,10.0,23.6,15.392638933377647,11.0,12.25,17.5,32.25,59.0,10.0,0.08299999999999999,0.1284998919152161,0.0,0.0,0.0,0.125,0.38,10.0,0.23700000000000002,0.1498925541105287,0.04,0.1225,0.22999999999999998,0.285,0.52,10.0,0.8101803411570201,0.11107708100856864,0.6183118209675922,0.7941110400345133,0.8180483793401802,0.866567161820186,0.9805190482824812,10.0,0.02896609237476831,0.03250945136966814,0.00026346269620947875,0.0026765080341207433,0.020995187320356427,0.038710533214806254,0.09557272059192692,10.0,0.3016666666666667,0.32379405892108737,0.0,0.08333333333333333,0.1,0.5125000000000001,0.9166666666666666,10.0,0.13666666666666666,0.18754423346552898,0.0,0.0,0.03333333333333333,0.2125,0.5,10.0,0.8430882934515594,0.08813345363666111,0.6824206054415451,0.811066504272745,0.8412031723578394,0.8805628794130986,0.9700060350030176,10.0,0.038290381064706655,0.04795750054705407,0.000528200806763661,0.010192160895854905,0.023422001014978145,0.03175968543272643,0.1470649146927832,10.0,0.2808333333333334,0.28862300798921203,0.0,0.05,0.14999999999999997,0.4937500000000001,0.85,10.0,0.13416666666666666,0.1549815799488984,0.0,0.037500000000000006,0.09166666666666667,0.17500000000000002,0.5,10.0,0.9390870879282897,0.05229813273776292,0.8202247191011236,0.9396683612487848,0.9665245903934044,0.9681818181818183,0.974960876369327,10.0,0.9085712452823544,0.0839969116144268,0.7567708408725736,0.8343753525233641,0.9493865026286203,0.9761110565481503,0.9901071723000824,10.0,0.13324371038212174,0.1279397641216491,0.031560490940970194,0.0626642964878259,0.09090909090909091,0.14034090909090907,0.463768115942029
integumentary system ,20.0,0.7684211407631498,0.11924345005625031,0.405516617156,0.7282984119907501,0.783838960372,0.8578268355035,0.908624827736,20.0,0.041007267748646,0.0772354411252798,0.00010175291252999999,0.00209736331792,0.0136627376375,0.0351277759279,0.33432865244800003,20.0,0.19632142857148,0.1750098538647438,0.0,0.018750000000000003,0.1916666666665,0.27500000000025,0.55,20.0,0.10167857142857502,0.13660538204401462,0.0,0.0,0.058333333333349995,0.13749999999975,0.55,20.0,0.5562957059071552,0.061106443927494626,0.49303297724105893,0.5040469827732471,0.543346230226927,0.5973508235287304,0.6704664655372475,20.0,0.029772438765809196,0.06167852862579264,6.0337533191168777e-05,0.0005499001409306395,0.0032694860269195285,0.02558687177167608,0.2583658217469128,20.0,0.10376190476190476,0.1207946646029491,0.0,0.0,0.07166666666666668,0.13833333333333334,0.35,20.0,0.06911111111111112,0.10403278335695654,0.0,0.0,0.016666666666666666,0.08000000000000002,0.35,20.0,0.6774053190373875,0.09044050104572995,0.4886743408837727,0.6023523394837046,0.694187748625444,0.7557690280372725,0.7962771322333256,20.0,0.004864436889158383,0.006300291133692586,6.0337533191168777e-05,0.001218414187434509,0.0016260932449654922,0.005648563631562929,0.022969310779663712,20.0,0.08325,0.11636751886885492,0.0,0.0,0.03111111111111111,0.15416666666666665,0.45,20.0,0.030416666666666668,0.05806800560423787,0.0,0.0,0.0,0.0125,0.15833333333333333,20.0,0.79623487756678,0.12949481437236587,0.4951332157445229,0.7419730705748839,0.8337575419307721,0.8889805770080046,0.9299964385810068,20.0,0.037945882523349656,0.06240671774525649,0.00011950354771264553,0.0028934771773808507,0.019199446394086925,0.040953481744122354,0.2721415394317372,20.0,0.22371428571428567,0.19530135053973022,0.0,0.07857142857142858,0.16666666666666663,0.3479166666666666,0.7,20.0,0.1133888888888889,0.13177733646859627,0.0,0.0,0.06666666666666667,0.18749999999999994,0.55,20.0,0.8038507263312917,0.0986038646422143,0.5421718343854438,0.7318674813257603,0.8219505478010788,0.8737949133288453,0.9373044971457744,20.0,0.04728262950260563,0.0661814489212364,0.00014099613971178986,0.0071736910739119905,0.0203657664488794,0.057535783348329705,0.2689899174668007,20.0,0.22495634920634924,0.14813902070258686,0.0,0.13472222222222222,0.21944444444444444,0.3091666666666667,0.55,20.0,0.12552777777777777,0.12985828170292263,0.0,0.037500000000000006,0.10500000000000001,0.18749999999999994,0.55,20.0,34.7,25.290106241062144,9.0,16.75,26.5,45.0,92.0,20.0,0.0915,0.22679169668268395,0.0,0.0,0.0,0.065,1.0,20.0,0.2125,0.23055710561023363,0.0,0.065,0.17,0.2475,0.95,20.0,0.7203257321715795,0.1233118899804944,0.3900389899740066,0.6894255909264866,0.7227091556381084,0.7843985828954172,0.901427245300534,20.0,0.012060134189142726,0.02344415402773294,9.742689146789504e-05,0.001530175585168969,0.00407673456644862,0.008419609076196596,0.09700505205177663,20.0,0.10248412698412701,0.1408084161248325,0.0,0.0,0.05,0.1375,0.55,20.0,0.06357539682539681,0.1233043252863039,0.0,0.0,0.02111111111111111,0.1,0.55,20.0,0.7987696799594121,0.1024971168728192,0.4892765967322689,0.7608097779734903,0.82532813437626,0.8717745934227238,0.9181742237898548,20.0,0.025647165059857563,0.05687727170887727,0.00015482439732132964,0.004426616724807253,0.011691268479154707,0.019874424678623617,0.2629310999240007,20.0,0.18707142857142858,0.1344566470175385,0.0,0.08035714285714285,0.15833333333333333,0.25416666666666665,0.45,20.0,0.09716666666666667,0.1059449419946182,0.0,0.02777777777777778,0.05,0.1395833333333333,0.4,20.0,0.9705472010451629,0.015617896835647599,0.9382080329557158,0.9625197917040887,0.9724429790492615,0.9800846252311193,0.9964726631393298,20.0,0.8398219961448106,0.12279732460524335,0.5413683582864489,0.784405518847555,0.8559190829028336,0.9281664527663548,0.989137634123725,20.0,0.09145147853562753,0.07957208637845435,0.01282051282051282,0.03528497646144705,0.06151013620525815,0.13087606837606836,0.2888888888888889
monogenic ,17.0,0.834288658523647,0.09756567637773696,0.653615352485,0.785853567947,0.815740740741,0.928634779201,0.995854802024,17.0,0.08708017871335959,0.12974830125858897,0.000573518341463,0.009127538507719999,0.025283449187599998,0.12060485356899998,0.40112602300300004,17.0,0.32594771241829407,0.26770780297584973,0.0,0.1,0.25,0.5,0.95,17.0,0.22882352941176468,0.21846271985703206,0.0,0.025,0.2,0.33333333333299997,0.616666666667,17.0,0.5732939252979558,0.09336322731070486,0.4930352416771139,0.5055432913510247,0.5432005940777871,0.5944075741402515,0.7706331523000511,17.0,0.04516167336355218,0.07095321192197777,4.640801930573604e-05,0.00025649951333116624,0.0013519785106082046,0.0731068871245991,0.24915821494900456,17.0,0.13372549019607843,0.18349191002807627,0.0,0.0,0.04,0.2,0.5,17.0,0.10196078431372547,0.15398439145074905,0.0,0.0,0.0,0.15,0.4833333333333333,17.0,0.7234106663159494,0.12721216297696852,0.5792142393019586,0.6251207000603501,0.6669906353116142,0.8485682461595582,0.9742213247922759,17.0,0.02851925560146931,0.07175171457889626,0.00033198020298143836,0.0016395183338486535,0.002909750286543205,0.004946614639259451,0.2273684197602891,17.0,0.14199346405228758,0.2193782476478268,0.0,0.0,0.025,0.2,0.7,17.0,0.08333333333333333,0.1995655002471341,0.0,0.0,0.0,0.05,0.6166666666666666,17.0,0.8406261658360442,0.10061546110703401,0.6567294751009423,0.7663761084544315,0.8434809862097785,0.9275725512035148,0.990604836837952,17.0,0.0655269621474425,0.10465529249084134,0.0007994102224617157,0.0038309051279303377,0.011264907153764887,0.052843955917184264,0.3643898792327116,17.0,0.28147058823529414,0.22273542659720277,0.0,0.06000000000000001,0.25,0.4,0.65,17.0,0.18127450980392157,0.19189074710243173,0.0,0.0,0.05,0.3333333333333333,0.5333333333333333,17.0,0.8240836982137145,0.11224891838667156,0.6213138720007425,0.7663857547476436,0.8150132305835383,0.9168574551904792,0.9966160701852111,17.0,0.06840922696311608,0.10061707534420701,0.0006776690918555108,0.003914431564865455,0.01823453890633257,0.0752817567914479,0.3825649738577776,17.0,0.3360457516339869,0.26038180376660797,0.0,0.15,0.35,0.5,0.95,17.0,0.21098039215686273,0.21615569461322431,0.0,0.0,0.1,0.4,0.6,17.0,17.352941176470587,10.965520829346117,9.0,11.0,13.0,18.0,49.0,17.0,0.08823529411764708,0.15100642759985614,0.0,0.0,0.02,0.1,0.53,17.0,0.23941176470588238,0.2528950026254793,0.0,0.06,0.13,0.42,0.9,17.0,0.7744310220302361,0.12046940275377817,0.5774531191979205,0.7660984262525008,0.774136730715678,0.8344189609545476,0.9626679358593362,17.0,0.05027097850755125,0.09338650179360007,0.00018803799668315344,0.001631942073437934,0.008781423372239635,0.027635217924656258,0.36105518921629504,17.0,0.18480392156862746,0.22966300973211964,0.0,0.05,0.1,0.2,0.7,17.0,0.11290849673202613,0.17317985653299062,0.0,0.0,0.05,0.1111111111111111,0.5,17.0,0.846287142412996,0.09616812995572448,0.6809645376903082,0.7784414740555092,0.8485214242607121,0.9410566590351258,0.9964211112658404,17.0,0.06163794625656481,0.0872902110397297,0.00125162341494364,0.004782872654107792,0.027558388417854258,0.059343672659448524,0.285512395663748,17.0,0.26970588235294113,0.29144171997809587,0.0,0.075,0.1,0.5,0.95,17.0,0.17911764705882352,0.21401430836046112,0.0,0.02,0.1,0.3333333333333333,0.6,17.0,0.9668838293550318,0.02762800622679014,0.8774289985052317,0.9669421487603306,0.9718309859154929,0.98111935266352,0.9925198690977092,17.0,0.9154587473198009,0.09494959460325934,0.59521635525466,0.9182317249349898,0.9450794535823808,0.9602536096755288,0.9910594546267324,17.0,0.16308144293028648,0.12747779613926521,0.028205128205128206,0.07368421052631577,0.10909090909090907,0.19523809523809524,0.4725274725274725
musculoskeletal system ,27.0,0.7647958069821109,0.08947739203000564,0.607203527501,0.69908508401,0.77470672123,0.8130913862985001,0.9770978371860001,27.0,0.024781274870132222,0.04994450229033583,0.000517194972152,0.00152545882473,0.00568911649748,0.01573541228805,0.23593318564399998,27.0,0.17616705492523704,0.24543523130589118,0.0,0.0,0.125,0.1973214285715,0.9,27.0,0.07662720812229186,0.12200208245170958,0.0,0.0,0.0181818181818,0.1,0.55,27.0,0.5474944359725922,0.10637189910239149,0.4930206588498046,0.49303798936758103,0.5107291675261771,0.5326647429126725,0.9481806367771279,27.0,0.025183925802914748,0.07675840476827699,5.105075966009834e-05,7.42711420542065e-05,0.0008714359802164064,0.00548656318181674,0.38194838863064745,27.0,0.09510513240088402,0.19540945823763078,0.0,0.0,0.017647058823529408,0.06166666666666666,0.8,27.0,0.07544381332780026,0.16705343620691976,0.0,0.0,0.0,0.04642857142857143,0.6,27.0,0.6410827953747736,0.10036231727494212,0.4925845982453697,0.5869485637135048,0.605415485430125,0.6916891990265537,0.9486377981992016,27.0,0.00607117020574981,0.014459242412505487,4.639510067736847e-05,0.0010935480698825882,0.0019530953338935727,0.004414550842464823,0.07101057507816495,27.0,0.08604860462703601,0.17864515003576137,0.0,0.0,0.025,0.1,0.9,27.0,0.035626102292768955,0.1181033641477151,0.0,0.0,0.0,0.0,0.6,27.0,0.787680028395117,0.08874629978130136,0.6083813016433015,0.7242487753825761,0.7907017450568541,0.8388663411073249,0.9910633064141836,27.0,0.024141971075186005,0.05337309567069804,0.0005361228874802931,0.003415442006166913,0.007156510225286519,0.01950652900761824,0.250660269200234,27.0,0.18521660347640737,0.1948188084365013,0.0,0.056666666666666664,0.15,0.225,0.8,27.0,0.07838547708645749,0.12218672706276658,0.0,0.0,0.017647058823529408,0.13630952380952382,0.5,27.0,0.7790865566555238,0.10820872009727696,0.4324483638895336,0.7329239944351758,0.7730463383939095,0.8385554865679955,0.9936275874872368,27.0,0.024817844688706927,0.047807236346862084,0.0005456877032375605,0.0023359087404711334,0.004662273423067886,0.01400697044225025,0.1883340708972966,27.0,0.17642292438861062,0.21136193341443824,0.0,0.05,0.09301470588235294,0.21875,0.8,27.0,0.08660274547529451,0.17719692848985938,0.0,0.0,0.0,0.07166666666666667,0.65,27.0,38.77777777777778,45.8176430019748,4.0,11.5,15.0,47.5,170.0,27.0,0.07518518518518517,0.13206555395450603,0.0,0.0,0.01,0.1,0.54,27.0,0.22851851851851854,0.21822190018602103,0.0,0.05,0.15,0.33499999999999996,0.8,27.0,0.6998076793459823,0.11301440766471874,0.5376560686934324,0.6218938606368283,0.7022931661636097,0.740560620454026,0.9834191961384946,27.0,0.010198981565367308,0.029356956685014812,0.00016815706731074175,0.0005018789411119726,0.0016548486729558655,0.0072181060092696165,0.15231072892972314,27.0,0.10028954342679833,0.2265397120691406,0.0,0.0,0.016666666666666666,0.06985294117647059,0.9,27.0,0.039812134730435385,0.10233123339286754,0.0,0.0,0.0,0.02426470588235294,0.5,27.0,0.77612496520965,0.07861172305523635,0.6486468294494475,0.7296914543780538,0.7676274018379281,0.8178366861809382,0.9863222871994802,27.0,0.027861191803649238,0.09661732893091524,0.00043405225521867176,0.001993620647945435,0.003534742722295337,0.013133373467175169,0.5070188974987306,27.0,0.1371529369323487,0.21662578179237849,0.0,0.005,0.05625,0.125,0.9,27.0,0.06527557319223987,0.15700013910907493,0.0,0.0,0.00625,0.0625,0.8,27.0,0.9680994852612258,0.025741750907654005,0.8562874251497006,0.9599694618027936,0.9740259740259741,0.9830088920932468,0.9917965545529124,27.0,0.8508117848459983,0.1461913574942284,0.4985748519781856,0.7728339634406671,0.9107318674105678,0.9619588194302149,0.9953497384227864,27.0,0.10011376525853095,0.10529909851909836,0.011009174311926606,0.03526473526473527,0.07352941176470587,0.1093073593073593,0.4363636363636363
nervous system ,93.0,0.7538794530722582,0.09049976041496757,0.41988209079899996,0.715332119997,0.763616394612,0.814141104294,0.9151982174359999,93.0,0.03184496322226629,0.051667730802312774,0.00018639411821000002,0.00320423769974,0.0139217535571,0.0297158620646,0.30351923352800003,93.0,0.1613959435216419,0.1444116661782552,0.0,0.05,0.15,0.22916666666700003,0.7,93.0,0.0862966097020999,0.10678522811284423,0.0,0.0,0.05,0.15,0.4,93.0,0.5449959735359493,0.06008685389553435,0.4930339478939302,0.4930400890868597,0.5266929865304226,0.5605549101610905,0.8202548391588914,93.0,0.016973090060146908,0.03827326187164355,4.639725328260567e-05,0.00011144389502420296,0.0026429452088590037,0.017705478644123675,0.30003712770772706,93.0,0.07509168239106859,0.10184553614024196,0.0,0.0,0.04722222222222222,0.1,0.45,93.0,0.048631707305944585,0.08438761696963003,0.0,0.0,0.007240259740259739,0.05178571428571428,0.45,93.0,0.6438312017003911,0.08610797065825801,0.4861198811403102,0.5841775384186824,0.6588603068265628,0.6973313214950785,0.8803917924893534,93.0,0.003308894343177211,0.004008501007965697,4.639725328260567e-05,0.000899698746664718,0.0018353976281935199,0.003971657537739449,0.018319474066688664,93.0,0.0713263305221854,0.10431997283409043,0.0,0.0,0.025,0.1,0.55,93.0,0.008822975600229687,0.023457340292412667,0.0,0.0,0.0,0.0,0.1,93.0,0.7749022978578013,0.10079177353123964,0.3196362286562732,0.7303741354500302,0.7931300340768278,0.8375469706038838,0.9472779480511441,93.0,0.026560954854476217,0.041739057647148047,5.297935135077273e-05,0.004351354312180587,0.011281783634350378,0.029550685920488488,0.200576986448682,93.0,0.15558813156242257,0.14081678997717484,0.0,0.05827956989247311,0.12352941176470587,0.2,0.7,93.0,0.08260975926336984,0.10604763713471807,0.0,0.0,0.05,0.105,0.45,93.0,0.7792960839691147,0.09109989445949948,0.4669439840901558,0.7394082551768967,0.8055759419118127,0.8341672099087353,0.926855591143295,93.0,0.02549588000850813,0.04087881669393361,0.0001978629783876317,0.0032733504482642213,0.012720156841588984,0.026323018589572304,0.20973244042200426,93.0,0.1709375369232451,0.1503446773165077,0.0,0.05833333333333333,0.15,0.2333333333333333,0.7,93.0,0.08359341773685426,0.10433238294333648,0.0,0.0,0.04722222222222222,0.10833333333333332,0.6,93.0,50.75268817204301,76.55811318065605,5.0,14.0,23.0,54.0,553.0,93.0,0.07182795698924732,0.13099075835771223,0.0,0.0,0.01,0.08,0.74,93.0,0.2352688172043011,0.18744617429063334,0.0,0.07,0.22,0.33,0.76,93.0,0.6842485025830585,0.11680262527492072,0.3558505453701555,0.6082717837356089,0.6831761795456928,0.7568009277733441,0.9573713039038202,93.0,0.007182230797550438,0.013082554513863698,8.659268894699812e-05,0.0009718102392466027,0.002904623993817135,0.007515073122595785,0.08460422663631338,93.0,0.07271804011784078,0.1101907730893019,0.0,0.0,0.03666666666666667,0.1,0.7,93.0,0.02695300062775354,0.06449853477172084,0.0,0.0,0.0,0.025,0.5,93.0,0.7791058374403667,0.07698247482065575,0.5627634388636154,0.7433053325288904,0.7890295025037595,0.8266914938048169,0.9376356949283778,93.0,0.01014431805071925,0.010719706948953519,0.00021631148084455225,0.002753858402841596,0.006595406238528912,0.013578608227015182,0.05292020248445802,93.0,0.13179198948082796,0.11952392029367255,0.0,0.05,0.1,0.2,0.5,93.0,0.04071938119101777,0.06077722415398931,0.0,0.0,0.025,0.05,0.4,93.0,0.9694098814848542,0.01631554859256185,0.9155267859758062,0.9619151251360174,0.9744866210329808,0.9807427785419532,0.9927927927927928,93.0,0.8427205329125225,0.15644717414884926,0.469165212523301,0.7128270218046109,0.9143506146445752,0.9680230234231352,1.0,93.0,0.07510773210541095,0.062417209690381996,0.009447807741698773,0.03058823529411765,0.052459016393442616,0.11428571428571427,0.3333333333333333
reproductive system ,8.0,0.7145261132955001,0.10548676710177056,0.552246878047,0.6320218180765,0.738633285408,0.7649295493120001,0.8796526389210001,8.0,0.0088126555782225,0.008634734394011526,0.0011553963855000001,0.0031861549929200006,0.00607107736991,0.011545240544625,0.027590786564299998,8.0,0.0814781746032625,0.04842735991345083,0.0333333333333,0.03541666666665,0.0804761904762,0.10535714285725001,0.166666666667,8.0,0.0343005952380875,0.019353876930353415,0.0,0.028124999999975,0.03714285714285,0.04821428571425,0.05666666666669999,8.0,0.52762765471816,0.025324986928447934,0.4930326536299875,0.5088064480622511,0.5267083344586384,0.5433665370894358,0.5720919166085406,8.0,0.015884877130907138,0.016737994557182716,0.00013003987450605956,0.004044315632576172,0.008387022921307018,0.028167186684857414,0.04457914561130183,8.0,0.049702380952380956,0.039564307994961585,0.0,0.025,0.05,0.07023809523809525,0.11666666666666667,8.0,0.034166666666666665,0.02368778400591983,0.0,0.025,0.03666666666666667,0.05,0.06666666666666668,8.0,0.65725733389981,0.06272617932619602,0.5449184820474707,0.6369056563169422,0.6581600176406774,0.685842175480846,0.7370188328295745,8.0,0.003045855512811932,0.003828337223787169,0.00034688994917923696,0.001349589735985487,0.0016605623393864673,0.002582867295530473,0.012176169807687437,8.0,0.03937499999999999,0.06385709181134992,0.0,0.0,0.0033333333333333327,0.052083333333333336,0.15,8.0,0.0140625,0.03499840557592793,0.0,0.0,0.0,0.003125,0.1,8.0,0.7385200124188984,0.10405332455590137,0.5251914952880552,0.6975541169660359,0.7878938963709036,0.7939724283638248,0.8486066806169108,8.0,0.005316428151835458,0.0037852181385171486,0.00034335161874082224,0.003152072664360036,0.0049993393989409525,0.007539848791946217,0.011509601797901316,8.0,0.0844890873015873,0.06438582053918655,0.0,0.06,0.08819444444444444,0.10726190476190475,0.2,8.0,0.02425595238095238,0.02367049117731434,0.0,0.0,0.026785714285714284,0.03535714285714286,0.06666666666666668,8.0,0.7410512164380187,0.10729323352168618,0.5113109883478019,0.7076208823329642,0.7888695631087175,0.7995455931213385,0.8365716500038751,8.0,0.007900375216248052,0.008299653159495213,0.0003915833117742064,0.00427333389583833,0.005970838771666748,0.008478768262251461,0.0269308948990696,8.0,0.07550099206349206,0.057103298450934786,0.0,0.04500000000000001,0.07926587301587301,0.10160714285714284,0.16666666666666666,8.0,0.032261904761904756,0.04300089270662377,0.0,0.010714285714285713,0.0225,0.02886904761904762,0.13333333333333333,8.0,57.0,43.46755768879328,16.0,29.5,41.5,70.5,149.0,8.0,0.02375,0.03335416016031583,0.0,0.0,0.005,0.04,0.08,8.0,0.18375,0.1018314433617773,0.06,0.1125,0.185,0.23750000000000002,0.36,8.0,0.6885988804284837,0.08550274927399294,0.5579450973106044,0.6563949074114046,0.6873493063409767,0.7239507284798439,0.8297733860342558,8.0,0.002858906922259317,0.00231385812286066,0.00047087783704709133,0.0010489074336981056,0.001874669247573007,0.004823762669952976,0.0061428743847676244,8.0,0.025416666666666667,0.028986707072602445,0.0,0.0,0.016666666666666666,0.04726190476190477,0.06666666666666668,8.0,0.01529761904761905,0.024276292023070058,0.0,0.0,0.0,0.0275,0.06666666666666668,8.0,0.7495365622856572,0.07794323678108629,0.6207466164947815,0.7045654957106496,0.7614242512869895,0.7820083357117573,0.8756293885142991,8.0,0.014041501251438134,0.02119472360042791,0.001080738807270877,0.0051842651632980075,0.00624253549785694,0.011438715828486924,0.06561766757386092,8.0,0.09179067460317461,0.0673358977940165,0.04861111111111111,0.058928571428571414,0.06666666666666668,0.08452380952380953,0.25,8.0,0.04480654761904762,0.0482577882814639,0.0,0.015,0.03708333333333333,0.05238095238095238,0.15,8.0,0.9746429405031211,0.009395137002198059,0.9548507462686568,0.9714243504091981,0.976408726933488,0.9801894303608152,0.9840716774514684,8.0,0.7497961048771282,0.16540623984458777,0.5191858962329289,0.6260789725981649,0.7310080758426325,0.9000188826522366,0.9561606729158498,8.0,0.04402696875572182,0.023005258630000615,0.01721170395869191,0.03307323755136762,0.04074444074444075,0.049435605507711776,0.09166666666666666
respiratory system ,21.0,0.761358689350143,0.09941736727574839,0.47279626792900004,0.718165938357,0.775962655023,0.825685710308,0.909234589677,21.0,0.02502250271565843,0.03607205798569145,0.00018815402032900001,0.00291649178877,0.00983918687876,0.027381438024,0.136207132854,21.0,0.13794448241815238,0.10846845241886209,0.0,0.0511111111111,0.116666666667,0.2,0.433333333333,21.0,0.06657590947063334,0.08672445584211924,0.0,0.0,0.05,0.06666666666669999,0.33333333333299997,21.0,0.5313842594028559,0.0378525415610255,0.4930368582304336,0.5054828740065993,0.51815006498329,0.5433342636524329,0.6365987958147599,21.0,0.012636726743486714,0.03402809443769501,4.6405865701424656e-05,0.0002651109623221145,0.0018142955138923304,0.003548235768216677,0.11629177066360186,21.0,0.054033315612262975,0.07674400539838978,0.0,0.0,0.025,0.06666666666666668,0.2833333333333333,21.0,0.033761930077719556,0.07229798618184924,0.0,0.0,0.0,0.025,0.2833333333333333,21.0,0.6451865025084261,0.09450914370113465,0.4885392006684306,0.5979081632653062,0.6684569677838642,0.7075767514918152,0.7737596809169764,21.0,0.0024256972165318047,0.0036407761455806618,4.6405865701424656e-05,0.0005584988560995159,0.001057936810377492,0.0028934721622198662,0.01522495940728116,21.0,0.045198412698412696,0.09321864410334238,0.0,0.0,0.0,0.03333333333333333,0.3,21.0,0.015873015873015876,0.04786444704585326,0.0,0.0,0.0,0.0,0.2,21.0,0.7781041377012599,0.10983710229273412,0.4889193203973633,0.7354631312425245,0.7876476690355645,0.8494105258780071,0.9411506683995544,21.0,0.01580002965084724,0.01874308400051799,0.00019352048263841754,0.0030853211491786233,0.008178316176913468,0.021024319725467432,0.06982598500043778,21.0,0.13255347965874278,0.11758029266592393,0.0,0.039090909090909086,0.11666666666666665,0.2,0.4333333333333333,21.0,0.06756044150780993,0.09546108233261626,0.0,0.0,0.045,0.075,0.3833333333333333,21.0,0.7682042706209525,0.10807723575866206,0.491815987373503,0.7162232188502115,0.7902141330111074,0.8383226824044326,0.8965117898254734,21.0,0.02277640773007424,0.03741536619238343,0.00025932578473741543,0.002976542549898583,0.009073429286147136,0.01992681762338761,0.15083854287151527,21.0,0.12769537480063797,0.11439713334219835,0.0,0.021111111111111112,0.12397660818713448,0.19166666666666665,0.4333333333333333,21.0,0.06478196754512544,0.08734578157947508,0.0,0.0,0.04444444444444444,0.075,0.3333333333333333,21.0,45.904761904761905,43.82568283769776,9.0,14.0,37.0,59.0,184.0,21.0,0.02523809523809524,0.04874618422184937,0.0,0.0,0.01,0.03,0.2,21.0,0.1638095238095238,0.18337055899124566,0.0,0.04,0.14,0.21,0.82,21.0,0.7053372733833931,0.1061701816223849,0.4032889239624919,0.6918053167263094,0.7297172003532091,0.7726850777442562,0.8358232651796778,21.0,0.007455828743714868,0.014205958474345488,0.00031145590626091964,0.001062472168276311,0.0028388756726953307,0.005029399605077821,0.05807588830290169,21.0,0.06610971874129769,0.07536954953976822,0.0,0.0,0.045,0.1,0.2833333333333333,21.0,0.02167919799498747,0.03650676257315116,0.0,0.0,0.0,0.025,0.1111111111111111,21.0,0.7804604105104753,0.08635712621024291,0.5343092883999443,0.7381123065483106,0.7734587660975578,0.8520738363258598,0.8935669528893015,21.0,0.009383705045112028,0.015820729743071308,0.0003636947746526957,0.0017570056850386715,0.004410549486735553,0.010476568718508768,0.07316167869862708,21.0,0.0965508468140047,0.09790682074309309,0.0,0.01,0.07105263157894738,0.15,0.3333333333333333,21.0,0.03548511430090377,0.054058976510931035,0.0,0.0,0.01909090909090909,0.0375,0.2,21.0,0.9701972397211786,0.013901045312861652,0.9409626132725596,0.9608695652173912,0.9737600000000001,0.9798319327731092,0.9924385633270322,21.0,0.8154793946170725,0.15985887639952473,0.4893854523202722,0.7138177314241396,0.8491512745267277,0.968696316090857,0.9889128426239606,21.0,0.07081574039001148,0.05105032292847023,0.016831474857984433,0.033607169529499624,0.060606060606060615,0.08571428571428573,0.18181818181818185
urinary system ,18.0,0.8225590164676111,0.09348962405794198,0.656604167634,0.762745295806,0.8061492831799999,0.8945087634134999,0.989708544113,18.0,0.03956943889090839,0.07348933775934924,0.00044865095597099993,0.0048872085081625005,0.00955578564429,0.046617217746074996,0.313167654196,18.0,0.22129749879758331,0.18473229478717518,0.0,0.1,0.16523809523849997,0.29791666666675,0.6,18.0,0.09881433381439611,0.1304817821113838,0.0,0.0,0.037500000000000006,0.159166666667,0.4,18.0,0.5407671007992377,0.06987653930358327,0.4930362116991643,0.4930384740335082,0.5247693856947167,0.5543176053422685,0.7962871861512043,18.0,0.01713284374439045,0.031633651779551526,4.640801930573604e-05,5.453507778505405e-05,0.0019364719377278903,0.017842662761583215,0.10820903939819848,18.0,0.0745995670995671,0.11525978921657253,0.0,0.0,0.05,0.08952380952380953,0.5,18.0,0.04757094757094757,0.11670074983471963,0.0,0.0,0.0,0.05,0.5,18.0,0.680997192228469,0.10423002302264348,0.4916508098575208,0.6349835645913698,0.6932890889683019,0.7170735561903744,0.9290374617027204,18.0,0.0027238728649597223,0.0020255350821958363,4.640801930573604e-05,0.0012954799936717677,0.002278861137587366,0.004140336266771308,0.006981570859889033,18.0,0.052248677248677246,0.07433948272368325,0.0,0.0,0.0125,0.06994047619047618,0.2,18.0,0.00912698412698413,0.02567288398529044,0.0,0.0,0.0,0.0,0.1,18.0,0.8297508648094314,0.08691269035870283,0.6265953497006544,0.770308518630983,0.8410598206440423,0.9015669723458433,0.9488023396156344,18.0,0.018204153373056964,0.016719348105682343,0.0008745897510405241,0.005754873224502624,0.011758798723566263,0.03153372164228283,0.05920634033747095,18.0,0.19728354978354978,0.15378141081618582,0.0,0.09374999999999997,0.1475,0.26875000000000004,0.5,18.0,0.1011159211159211,0.09868132396037034,0.0,0.02196969696969697,0.06416666666666666,0.14880952380952378,0.3,18.0,0.8321803387340274,0.10813319493925633,0.6352508469856593,0.7552449780784575,0.829674024065866,0.9342866756393002,0.98159140483594,18.0,0.0343224623246318,0.06871532250401809,0.0011247378300403195,0.005741015465454411,0.016257193512326254,0.036072607624646924,0.302334251765043,18.0,0.19192279942279938,0.1686408446226988,0.0,0.07999999999999999,0.1433333333333333,0.27499999999999997,0.6,18.0,0.10804954304954306,0.1086557477236829,0.0,0.006818181818181817,0.07666666666666666,0.15,0.3,18.0,35.72222222222222,33.57661223067164,10.0,10.0,24.5,42.25,119.0,18.0,0.07277777777777777,0.2254356711571293,0.0,0.0,0.0,0.01,0.96,18.0,0.20777777777777776,0.24147964365687968,0.0,0.05750000000000001,0.135,0.27249999999999996,0.93,18.0,0.7779634042211172,0.10425626702095753,0.5972728117450288,0.7017604117978451,0.7761623391685273,0.835924933556131,0.9676892374808558,18.0,0.017746860950330703,0.035287736633436456,0.0007007302956078285,0.002340013448965616,0.003921804743682039,0.018470713531821358,0.14796328123946845,18.0,0.12097522847522847,0.12954383218986049,0.0,0.03409090909090909,0.09166666666666667,0.18750000000000003,0.5,18.0,0.05910774410774411,0.10247941600707011,0.0,0.0,0.008333333333333333,0.1,0.4,18.0,0.8337475218378009,0.08506961530516857,0.7085951640599619,0.7609974028209416,0.8197019576836844,0.8920377162565399,0.9778530653919338,18.0,0.015052133240294372,0.017896723968417207,0.00031192420633020134,0.003694024052493021,0.007267979519148718,0.021398233943459483,0.059032892832278513,18.0,0.17978956228956228,0.17889123677035937,0.0,0.05363636363636363,0.16416666666666663,0.2,0.7,18.0,0.07877465127465128,0.1197018339463783,0.0,0.0020833333333333333,0.05,0.09702380952380954,0.5,18.0,0.9722777616386193,0.010224070489756442,0.9549861495844876,0.9644069462647445,0.973141522648534,0.9793551842872407,0.9945799457994581,18.0,0.8710266842070103,0.11889087232207261,0.5713855874830751,0.7978859956238871,0.8903717557269935,0.9706468458609292,0.9958260869565216,18.0,0.08440098195978613,0.0648953778546587,0.018682235195996662,0.03133355614973262,0.06882991862830573,0.11601307189542483,0.24444444444444444
